/*
 * Copyright 2025 NXP
 * NXP Confidential and Proprietary. This software is owned or controlled by NXP and may only be used strictly in
 * accordance with the applicable license terms. By expressly accepting such terms or by downloading, installing,
 * activating and/or otherwise using the software, you are agreeing that you have read, and that you agree to
 * comply with and are bound by, such license terms.  If you do not agree to be bound by the applicable license
 * terms, then you may not retain, install, activate or otherwise use the software.
 */
/*******************************************************************************
 * Size: 31 px
 * Bpp: 4
 * Opts: --enable-crashpad --crashpad-handler-pid=146766 --enable-crash-reporter=3552b632-af5a-44db-9c84-0b02a23f9a95,no_channel --user-data-dir=/home/lalit/.config/gui-guider --app-path=/opt/Gui-Guider/resources/app.asar --no-sandbox --no-zygote --disable-gpu-compositing --lang=en-US --num-raster-threads=4 --enable-main-frame-before-activation --renderer-client-id=6 --time-ticks-at-unix-epoch=-1758083443403520 --launch-time-ticks=525479044742 --shared-files=v8_context_snapshot_data:100 --field-trial-handle=0,i,3950735910891573605,8610374907394346633,131072 --disable-features=SpareRendererForSitePerProcess --enable-crashpad
 ******************************************************************************/

#ifdef LV_LVGL_H_INCLUDE_SIMPLE
#include "lvgl.h"
#else
#include "lvgl.h"
#endif

#ifndef LV_FONT_ALATSI_REGULAR_31
#define LV_FONT_ALATSI_REGULAR_31 1
#endif

#if LV_FONT_ALATSI_REGULAR_31

/*-----------------
 *    BITMAPS
 *----------------*/

/*Store the image of the glyphs*/
static LV_ATTRIBUTE_LARGE_CONST const uint8_t glyph_bitmap[] = {
    /* U+0020 " " */

    /* U+0021 "!" */
    0x3f, 0xff, 0xf0, 0x2f, 0xff, 0xf0, 0x2f, 0xff,
    0xf0, 0x1f, 0xff, 0xf0, 0x1f, 0xff, 0xe0, 0x1f,
    0xff, 0xe0, 0xf, 0xff, 0xd0, 0xf, 0xff, 0xd0,
    0xf, 0xff, 0xc0, 0xf, 0xff, 0xc0, 0xf, 0xff,
    0xc0, 0xe, 0xff, 0xb0, 0xe, 0xff, 0xb0, 0xe,
    0xff, 0xa0, 0xd, 0xff, 0xa0, 0xd, 0xff, 0xa0,
    0x2, 0x33, 0x10, 0x0, 0x0, 0x0, 0x0, 0x0,
    0x0, 0x9, 0xaa, 0x70, 0xe, 0xff, 0xa0, 0xe,
    0xff, 0xa0, 0xe, 0xff, 0xa0, 0xe, 0xff, 0xa0,

    /* U+0022 "\"" */
    0x3f, 0xff, 0x20, 0xa, 0xff, 0xb3, 0xff, 0xf1,
    0x0, 0xaf, 0xfb, 0x2f, 0xff, 0x10, 0x9, 0xff,
    0xa2, 0xff, 0xf0, 0x0, 0x8f, 0xfa, 0x1f, 0xff,
    0x0, 0x8, 0xff, 0x91, 0xff, 0xf0, 0x0, 0x7f,
    0xf9, 0xf, 0xff, 0x0, 0x7, 0xff, 0x80, 0xff,
    0xe0, 0x0, 0x6f, 0xf8, 0xf, 0xfe, 0x0, 0x6,
    0xff, 0x70, 0xff, 0xd0, 0x0, 0x5f, 0xf7, 0x8,
    0x97, 0x0, 0x3, 0x99, 0x30,

    /* U+0023 "#" */
    0x0, 0x0, 0xa, 0xff, 0x10, 0x5, 0xff, 0x60,
    0x0, 0x0, 0x0, 0xbf, 0xf0, 0x0, 0x7f, 0xf4,
    0x0, 0x0, 0x0, 0xd, 0xfd, 0x0, 0x9, 0xff,
    0x20, 0x0, 0x0, 0x0, 0xff, 0xc0, 0x0, 0xaf,
    0xf0, 0x0, 0x0, 0x0, 0x1f, 0xfa, 0x0, 0xc,
    0xff, 0x0, 0x0, 0x0, 0x2, 0xff, 0x80, 0x0,
    0xef, 0xd0, 0x0, 0xd, 0xff, 0xff, 0xff, 0xff,
    0xff, 0xff, 0xff, 0xd0, 0xdf, 0xff, 0xff, 0xff,
    0xff, 0xff, 0xff, 0xfd, 0x5, 0x66, 0xbf, 0xf8,
    0x66, 0x8f, 0xfa, 0x66, 0x50, 0x0, 0xa, 0xff,
    0x10, 0x5, 0xff, 0x60, 0x0, 0x0, 0x0, 0xcf,
    0xf0, 0x0, 0x7f, 0xf4, 0x0, 0x0, 0x0, 0xd,
    0xfd, 0x0, 0x9, 0xff, 0x20, 0x0, 0x0, 0x0,
    0xff, 0xb0, 0x0, 0xbf, 0xf0, 0x0, 0x0, 0x0,
    0x1f, 0xf9, 0x0, 0xd, 0xfe, 0x0, 0x0, 0xaf,
    0xff, 0xff, 0xff, 0xff, 0xff, 0xff, 0xff, 0xa,
    0xff, 0xff, 0xff, 0xff, 0xff, 0xff, 0xff, 0xf0,
    0x46, 0x6b, 0xff, 0x96, 0x68, 0xff, 0xb6, 0x66,
    0x0, 0x0, 0x8f, 0xf2, 0x0, 0x4f, 0xf7, 0x0,
    0x0, 0x0, 0xa, 0xff, 0x0, 0x6, 0xff, 0x50,
    0x0, 0x0, 0x0, 0xcf, 0xf0, 0x0, 0x7f, 0xf3,
    0x0, 0x0, 0x0, 0xe, 0xfd, 0x0, 0x9, 0xff,
    0x10, 0x0, 0x0, 0x0, 0xff, 0xb0, 0x0, 0xbf,
    0xf0, 0x0, 0x0,

    /* U+0024 "$" */
    0x0, 0x0, 0x3, 0xff, 0xf8, 0x0, 0x0, 0x0,
    0x0, 0x0, 0x3f, 0xff, 0x80, 0x0, 0x0, 0x0,
    0x0, 0x3, 0xff, 0xf8, 0x0, 0x0, 0x0, 0x0,
    0x19, 0xdf, 0xff, 0xfa, 0x40, 0x0, 0x0, 0x5f,
    0xff, 0xff, 0xff, 0xff, 0xb0, 0x0, 0x3f, 0xff,
    0xfe, 0xaa, 0xef, 0xfd, 0x0, 0xa, 0xff, 0xf8,
    0x0, 0x0, 0x5d, 0x50, 0x0, 0xef, 0xff, 0x0,
    0x0, 0x0, 0x10, 0x0, 0xf, 0xff, 0xf0, 0x0,
    0x0, 0x0, 0x0, 0x0, 0xdf, 0xff, 0xa0, 0x0,
    0x0, 0x0, 0x0, 0x7, 0xff, 0xff, 0xe9, 0x40,
    0x0, 0x0, 0x0, 0xc, 0xff, 0xff, 0xff, 0xe9,
    0x10, 0x0, 0x0, 0xa, 0xff, 0xff, 0xff, 0xfe,
    0x50, 0x0, 0x0, 0x3, 0x9e, 0xff, 0xff, 0xff,
    0x50, 0x0, 0x0, 0x0, 0x4, 0xaf, 0xff, 0xfe,
    0x0, 0x0, 0x0, 0x0, 0x0, 0x5f, 0xff, 0xf2,
    0x0, 0x0, 0x0, 0x0, 0x0, 0xdf, 0xff, 0x30,
    0x27, 0x0, 0x0, 0x0, 0xf, 0xff, 0xf1, 0x9,
    0xfd, 0x71, 0x0, 0x2b, 0xff, 0xfc, 0x0, 0xef,
    0xff, 0xff, 0xff, 0xff, 0xfe, 0x20, 0x2, 0xaf,
    0xff, 0xff, 0xff, 0xfc, 0x10, 0x0, 0x0, 0x15,
    0x9f, 0xff, 0xb2, 0x0, 0x0, 0x0, 0x0, 0x3,
    0xff, 0xf8, 0x0, 0x0, 0x0, 0x0, 0x0, 0x3f,
    0xff, 0x80, 0x0, 0x0,

    /* U+0025 "%" */
    0x0, 0x3a, 0xef, 0xeb, 0x40, 0x0, 0x0, 0x0,
    0xd, 0xff, 0x20, 0x0, 0x0, 0x5, 0xff, 0xff,
    0xff, 0xf6, 0x0, 0x0, 0x0, 0x6f, 0xf9, 0x0,
    0x0, 0x0, 0xf, 0xff, 0xb6, 0xbf, 0xff, 0x10,
    0x0, 0x0, 0xef, 0xf1, 0x0, 0x0, 0x0, 0x5f,
    0xff, 0x0, 0xf, 0xff, 0x60, 0x0, 0x7, 0xff,
    0x80, 0x0, 0x0, 0x0, 0x8f, 0xfc, 0x0, 0xc,
    0xff, 0x90, 0x0, 0x1f, 0xfe, 0x10, 0x0, 0x0,
    0x0, 0x9f, 0xfb, 0x0, 0xb, 0xff, 0xa0, 0x0,
    0x9f, 0xf7, 0x0, 0x0, 0x0, 0x0, 0x9f, 0xfb,
    0x0, 0xc, 0xff, 0xa0, 0x2, 0xff, 0xe0, 0x0,
    0x0, 0x0, 0x0, 0x7f, 0xfe, 0x0, 0xe, 0xff,
    0x80, 0xa, 0xff, 0x60, 0x0, 0x0, 0x0, 0x0,
    0x2f, 0xff, 0x60, 0x6f, 0xff, 0x30, 0x3f, 0xfd,
    0x0, 0x0, 0x0, 0x0, 0x0, 0x9, 0xff, 0xff,
    0xff, 0xfb, 0x0, 0xbf, 0xf4, 0x0, 0x0, 0x0,
    0x0, 0x0, 0x0, 0x8f, 0xff, 0xff, 0xa0, 0x4,
    0xff, 0xc0, 0x3, 0xae, 0xfe, 0xa3, 0x0, 0x0,
    0x0, 0x45, 0x41, 0x0, 0xc, 0xff, 0x30, 0x4f,
    0xff, 0xff, 0xff, 0x40, 0x0, 0x0, 0x0, 0x0,
    0x0, 0x5f, 0xfb, 0x0, 0xef, 0xfc, 0x7d, 0xff,
    0xe0, 0x0, 0x0, 0x0, 0x0, 0x0, 0xdf, 0xf2,
    0x5, 0xff, 0xe0, 0x1, 0xff, 0xf5, 0x0, 0x0,
    0x0, 0x0, 0x6, 0xff, 0x90, 0x8, 0xff, 0xb0,
    0x0, 0xef, 0xf8, 0x0, 0x0, 0x0, 0x0, 0xe,
    0xff, 0x10, 0xa, 0xff, 0xa0, 0x0, 0xcf, 0xf9,
    0x0, 0x0, 0x0, 0x0, 0x7f, 0xf8, 0x0, 0xa,
    0xff, 0xa0, 0x0, 0xcf, 0xfa, 0x0, 0x0, 0x0,
    0x1, 0xff, 0xe1, 0x0, 0x8, 0xff, 0xc0, 0x0,
    0xdf, 0xf8, 0x0, 0x0, 0x0, 0x9, 0xff, 0x70,
    0x0, 0x5, 0xff, 0xf0, 0x1, 0xff, 0xf5, 0x0,
    0x0, 0x0, 0x2f, 0xfe, 0x0, 0x0, 0x0, 0xef,
    0xfc, 0x7c, 0xff, 0xe0, 0x0, 0x0, 0x0, 0xaf,
    0xf6, 0x0, 0x0, 0x0, 0x4f, 0xff, 0xff, 0xff,
    0x50, 0x0, 0x0, 0x3, 0xff, 0xd0, 0x0, 0x0,
    0x0, 0x3, 0xae, 0xfe, 0xb3, 0x0,

    /* U+0026 "&" */
    0x0, 0x0, 0x3a, 0xef, 0xeb, 0x50, 0x0, 0x0,
    0x0, 0x0, 0x8, 0xff, 0xff, 0xff, 0xfb, 0x0,
    0x0, 0x0, 0x0, 0x7f, 0xff, 0xec, 0xff, 0xff,
    0x80, 0x0, 0x0, 0x1, 0xff, 0xfc, 0x0, 0x1e,
    0xff, 0xf0, 0x0, 0x0, 0x5, 0xff, 0xf2, 0x0,
    0x8, 0xff, 0xf2, 0x0, 0x0, 0x7, 0xff, 0xf0,
    0x0, 0x6, 0xff, 0xf2, 0x0, 0x0, 0x6, 0xff,
    0xf3, 0x0, 0x9, 0xff, 0xf0, 0x0, 0x0, 0x2,
    0xff, 0xfa, 0x0, 0xe, 0xff, 0xa0, 0x0, 0x0,
    0x0, 0xcf, 0xff, 0x50, 0x9f, 0xff, 0x20, 0x0,
    0x0, 0x0, 0x2f, 0xff, 0xfa, 0xff, 0xf5, 0x0,
    0x0, 0x0, 0x0, 0x5, 0xff, 0xff, 0xff, 0x60,
    0x0, 0x0, 0x0, 0x0, 0x4, 0xef, 0xff, 0xf6,
    0x0, 0x0, 0x10, 0x0, 0x0, 0x7f, 0xff, 0xff,
    0xfe, 0x20, 0x0, 0xbc, 0x30, 0x7, 0xff, 0xf8,
    0x9f, 0xff, 0xd1, 0x0, 0xff, 0xf6, 0x1f, 0xff,
    0xb0, 0xb, 0xff, 0xfc, 0x8, 0xff, 0xf4, 0x5f,
    0xff, 0x50, 0x0, 0xcf, 0xff, 0xcf, 0xff, 0xc0,
    0x7f, 0xff, 0x40, 0x0, 0x1d, 0xff, 0xff, 0xff,
    0x30, 0x6f, 0xff, 0x90, 0x0, 0x1, 0xef, 0xff,
    0xf7, 0x0, 0x2f, 0xff, 0xf8, 0x21, 0x49, 0xff,
    0xff, 0xf9, 0x0, 0x9, 0xff, 0xff, 0xff, 0xff,
    0xff, 0xff, 0xff, 0x70, 0x0, 0x9f, 0xff, 0xff,
    0xff, 0xfd, 0x7f, 0xff, 0x70, 0x0, 0x3, 0x9d,
    0xef, 0xeb, 0x60, 0x6, 0xf5, 0x0, 0x0, 0x0,
    0x0, 0x0, 0x0, 0x0, 0x0, 0x10, 0x0,

    /* U+0027 "'" */
    0x3f, 0xff, 0x23, 0xff, 0xf1, 0x2f, 0xff, 0x12,
    0xff, 0xf0, 0x1f, 0xff, 0x1, 0xff, 0xf0, 0xf,
    0xff, 0x0, 0xff, 0xe0, 0xf, 0xfe, 0x0, 0xff,
    0xd0, 0x8, 0x97, 0x0,

    /* U+0028 "(" */
    0x0, 0x0, 0x0, 0x0, 0x30, 0x0, 0x0, 0x0,
    0x1, 0xbf, 0xc0, 0x0, 0x0, 0x2, 0xef, 0xf8,
    0x0, 0x0, 0x1, 0xef, 0xf7, 0x0, 0x0, 0x0,
    0xcf, 0xfa, 0x0, 0x0, 0x0, 0x6f, 0xff, 0x10,
    0x0, 0x0, 0xe, 0xff, 0x90, 0x0, 0x0, 0x6,
    0xff, 0xf2, 0x0, 0x0, 0x0, 0xdf, 0xfc, 0x0,
    0x0, 0x0, 0x2f, 0xff, 0x80, 0x0, 0x0, 0x7,
    0xff, 0xf4, 0x0, 0x0, 0x0, 0xaf, 0xff, 0x20,
    0x0, 0x0, 0xd, 0xff, 0xf0, 0x0, 0x0, 0x0,
    0xff, 0xfe, 0x0, 0x0, 0x0, 0xf, 0xff, 0xe0,
    0x0, 0x0, 0x0, 0xff, 0xfd, 0x0, 0x0, 0x0,
    0xf, 0xff, 0xe0, 0x0, 0x0, 0x0, 0xff, 0xfe,
    0x0, 0x0, 0x0, 0xd, 0xff, 0xf0, 0x0, 0x0,
    0x0, 0xbf, 0xff, 0x10, 0x0, 0x0, 0x8, 0xff,
    0xf3, 0x0, 0x0, 0x0, 0x4f, 0xff, 0x60, 0x0,
    0x0, 0x0, 0xef, 0xfb, 0x0, 0x0, 0x0, 0x8,
    0xff, 0xf1, 0x0, 0x0, 0x0, 0x1f, 0xff, 0x70,
    0x0, 0x0, 0x0, 0x8f, 0xff, 0x10, 0x0, 0x0,
    0x0, 0xdf, 0xfb, 0x0, 0x0, 0x0, 0x3, 0xff,
    0xf7, 0x0, 0x0, 0x0, 0x4, 0xff, 0xf7, 0x0,
    0x0, 0x0, 0x3, 0xdf, 0xe1, 0x0, 0x0, 0x0,
    0x0, 0x73, 0x0,

    /* U+0029 ")" */
    0x1, 0x0, 0x0, 0x0, 0x0, 0x1d, 0xf7, 0x0,
    0x0, 0x0, 0x2c, 0xff, 0xb0, 0x0, 0x0, 0x0,
    0xcf, 0xfa, 0x0, 0x0, 0x0, 0x1e, 0xff, 0x70,
    0x0, 0x0, 0x5, 0xff, 0xf2, 0x0, 0x0, 0x0,
    0xdf, 0xfa, 0x0, 0x0, 0x0, 0x6f, 0xff, 0x20,
    0x0, 0x0, 0x1f, 0xff, 0x90, 0x0, 0x0, 0xc,
    0xff, 0xe0, 0x0, 0x0, 0x8, 0xff, 0xf3, 0x0,
    0x0, 0x5, 0xff, 0xf7, 0x0, 0x0, 0x3, 0xff,
    0xf9, 0x0, 0x0, 0x2, 0xff, 0xfb, 0x0, 0x0,
    0x1, 0xff, 0xfc, 0x0, 0x0, 0x1, 0xff, 0xfd,
    0x0, 0x0, 0x1, 0xff, 0xfd, 0x0, 0x0, 0x2,
    0xff, 0xfc, 0x0, 0x0, 0x2, 0xff, 0xfa, 0x0,
    0x0, 0x4, 0xff, 0xf8, 0x0, 0x0, 0x6, 0xff,
    0xf5, 0x0, 0x0, 0x9, 0xff, 0xf1, 0x0, 0x0,
    0xd, 0xff, 0xc0, 0x0, 0x0, 0x3f, 0xff, 0x60,
    0x0, 0x0, 0xaf, 0xfe, 0x0, 0x0, 0x3, 0xff,
    0xf6, 0x0, 0x0, 0xc, 0xff, 0xc0, 0x0, 0x0,
    0x9f, 0xfe, 0x20, 0x0, 0x8, 0xff, 0xe3, 0x0,
    0x0, 0x4f, 0xfd, 0x20, 0x0, 0x0, 0x6, 0x70,
    0x0, 0x0, 0x0,

    /* U+002A "*" */
    0x0, 0x0, 0xe, 0xff, 0x20, 0x0, 0x0, 0x0,
    0x0, 0xd, 0xff, 0x10, 0x0, 0x0, 0x0, 0x0,
    0xc, 0xff, 0x10, 0x0, 0x0, 0x2e, 0x71, 0xb,
    0xff, 0x0, 0x5b, 0x70, 0x7f, 0xff, 0xac, 0xff,
    0x7e, 0xff, 0xc0, 0xbf, 0xff, 0xff, 0xff, 0xff,
    0xff, 0xf1, 0x3, 0x8c, 0xff, 0xff, 0xfe, 0xa5,
    0x10, 0x0, 0x0, 0xbf, 0xff, 0xe1, 0x0, 0x0,
    0x0, 0x8, 0xff, 0xdf, 0xfc, 0x0, 0x0, 0x0,
    0x5f, 0xff, 0x1b, 0xff, 0xa0, 0x0, 0x3, 0xff,
    0xf6, 0x2, 0xff, 0xf7, 0x0, 0x1, 0xbf, 0xc0,
    0x0, 0x7f, 0xe4, 0x0, 0x0, 0x7, 0x20, 0x0,
    0x8, 0x10, 0x0,

    /* U+002B "+" */
    0x0, 0x0, 0x0, 0x9b, 0xb4, 0x0, 0x0, 0x0,
    0x0, 0x0, 0x0, 0xef, 0xf7, 0x0, 0x0, 0x0,
    0x0, 0x0, 0x0, 0xef, 0xf7, 0x0, 0x0, 0x0,
    0x0, 0x0, 0x0, 0xef, 0xf7, 0x0, 0x0, 0x0,
    0x0, 0x0, 0x0, 0xef, 0xf7, 0x0, 0x0, 0x0,
    0x0, 0x0, 0x0, 0xef, 0xf7, 0x0, 0x0, 0x0,
    0x1, 0x11, 0x11, 0xef, 0xf7, 0x11, 0x11, 0x10,
    0xbf, 0xff, 0xff, 0xff, 0xff, 0xff, 0xff, 0xf7,
    0xbf, 0xff, 0xff, 0xff, 0xff, 0xff, 0xff, 0xf7,
    0xbf, 0xff, 0xff, 0xff, 0xff, 0xff, 0xff, 0xf7,
    0x0, 0x0, 0x0, 0xef, 0xf7, 0x0, 0x0, 0x0,
    0x0, 0x0, 0x0, 0xef, 0xf7, 0x0, 0x0, 0x0,
    0x0, 0x0, 0x0, 0xef, 0xf7, 0x0, 0x0, 0x0,
    0x0, 0x0, 0x0, 0xef, 0xf7, 0x0, 0x0, 0x0,
    0x0, 0x0, 0x0, 0xef, 0xf7, 0x0, 0x0, 0x0,
    0x0, 0x0, 0x0, 0xef, 0xf7, 0x0, 0x0, 0x0,

    /* U+002D "-" */
    0x11, 0x11, 0x11, 0x11, 0x11, 0xef, 0xff, 0xff,
    0xff, 0xff, 0xef, 0xff, 0xff, 0xff, 0xff, 0xef,
    0xff, 0xff, 0xff, 0xff,

    /* U+002E "." */
    0x5a, 0xaa, 0x18, 0xff, 0xf1, 0x8f, 0xff, 0x18,
    0xff, 0xf1, 0x8f, 0xff, 0x10,

    /* U+002F "/" */
    0x0, 0x0, 0x0, 0x0, 0x7, 0xff, 0x90, 0x0,
    0x0, 0x0, 0x0, 0xbf, 0xf4, 0x0, 0x0, 0x0,
    0x0, 0xf, 0xff, 0x0, 0x0, 0x0, 0x0, 0x4,
    0xff, 0xb0, 0x0, 0x0, 0x0, 0x0, 0x9f, 0xf7,
    0x0, 0x0, 0x0, 0x0, 0xd, 0xff, 0x20, 0x0,
    0x0, 0x0, 0x2, 0xff, 0xe0, 0x0, 0x0, 0x0,
    0x0, 0x6f, 0xf9, 0x0, 0x0, 0x0, 0x0, 0xb,
    0xff, 0x50, 0x0, 0x0, 0x0, 0x0, 0xff, 0xf1,
    0x0, 0x0, 0x0, 0x0, 0x4f, 0xfc, 0x0, 0x0,
    0x0, 0x0, 0x8, 0xff, 0x80, 0x0, 0x0, 0x0,
    0x0, 0xdf, 0xf3, 0x0, 0x0, 0x0, 0x0, 0x1f,
    0xfe, 0x0, 0x0, 0x0, 0x0, 0x6, 0xff, 0xa0,
    0x0, 0x0, 0x0, 0x0, 0xaf, 0xf6, 0x0, 0x0,
    0x0, 0x0, 0xe, 0xff, 0x10, 0x0, 0x0, 0x0,
    0x3, 0xff, 0xd0, 0x0, 0x0, 0x0, 0x0, 0x8f,
    0xf8, 0x0, 0x0, 0x0, 0x0, 0xc, 0xff, 0x40,
    0x0, 0x0, 0x0, 0x1, 0xff, 0xf0, 0x0, 0x0,
    0x0, 0x0, 0x5f, 0xfb, 0x0, 0x0, 0x0, 0x0,
    0x9, 0xff, 0x60, 0x0, 0x0, 0x0, 0x0, 0xef,
    0xf2, 0x0, 0x0, 0x0, 0x0, 0x2f, 0xfd, 0x0,
    0x0, 0x0, 0x0, 0x7, 0xff, 0x90, 0x0, 0x0,
    0x0, 0x0, 0xbf, 0xf4, 0x0, 0x0, 0x0, 0x0,
    0xf, 0xff, 0x0, 0x0, 0x0, 0x0, 0x4, 0xff,
    0xb0, 0x0, 0x0, 0x0, 0x0, 0x9f, 0xf7, 0x0,
    0x0, 0x0, 0x0, 0xd, 0xff, 0x20, 0x0, 0x0,
    0x0, 0x2, 0xff, 0xe0, 0x0, 0x0, 0x0, 0x0,
    0x6f, 0xf9, 0x0, 0x0, 0x0, 0x0, 0x0,

    /* U+0030 "0" */
    0x0, 0x0, 0x39, 0xdf, 0xfd, 0x93, 0x0, 0x0,
    0x0, 0x9, 0xff, 0xff, 0xff, 0xff, 0x80, 0x0,
    0x0, 0x9f, 0xff, 0xff, 0xff, 0xff, 0xf9, 0x0,
    0x4, 0xff, 0xff, 0xc5, 0x5c, 0xff, 0xff, 0x40,
    0xc, 0xff, 0xfc, 0x0, 0x0, 0xcf, 0xff, 0xc0,
    0x2f, 0xff, 0xf3, 0x0, 0x0, 0x4f, 0xff, 0xf1,
    0x6f, 0xff, 0xe0, 0x0, 0x0, 0xe, 0xff, 0xf6,
    0x9f, 0xff, 0xb0, 0x0, 0x0, 0xb, 0xff, 0xf9,
    0xcf, 0xff, 0x90, 0x0, 0x0, 0x9, 0xff, 0xfb,
    0xdf, 0xff, 0x70, 0x0, 0x0, 0x8, 0xff, 0xfc,
    0xdf, 0xff, 0x70, 0x0, 0x0, 0x7, 0xff, 0xfd,
    0xdf, 0xff, 0x70, 0x0, 0x0, 0x7, 0xff, 0xfd,
    0xdf, 0xff, 0x80, 0x0, 0x0, 0x8, 0xff, 0xfc,
    0xcf, 0xff, 0x90, 0x0, 0x0, 0x9, 0xff, 0xfb,
    0x9f, 0xff, 0xb0, 0x0, 0x0, 0xb, 0xff, 0xf8,
    0x6f, 0xff, 0xe0, 0x0, 0x0, 0xe, 0xff, 0xf6,
    0x2f, 0xff, 0xf4, 0x0, 0x0, 0x4f, 0xff, 0xf1,
    0xc, 0xff, 0xfc, 0x0, 0x0, 0xcf, 0xff, 0xb0,
    0x4, 0xff, 0xff, 0xd6, 0x6d, 0xff, 0xff, 0x30,
    0x0, 0x9f, 0xff, 0xff, 0xff, 0xff, 0xf9, 0x0,
    0x0, 0x9, 0xff, 0xff, 0xff, 0xff, 0x90, 0x0,
    0x0, 0x0, 0x39, 0xdf, 0xfd, 0x93, 0x0, 0x0,

    /* U+0031 "1" */
    0x0, 0x0, 0x30, 0x4, 0xbe, 0x1c, 0xff, 0xf3,
    0xff, 0xff, 0x3f, 0xff, 0xf3, 0xff, 0xff, 0x3f,
    0xff, 0xf3, 0xff, 0xff, 0x3f, 0xff, 0xf3, 0xff,
    0xff, 0x3f, 0xff, 0xf3, 0xff, 0xff, 0x3f, 0xff,
    0xf3, 0xff, 0xff, 0x3f, 0xff, 0xf3, 0xff, 0xff,
    0x3f, 0xff, 0xf3, 0xff, 0xff, 0x3f, 0xff, 0xf3,
    0xff, 0xff, 0x3f, 0xff, 0xf3, 0xff, 0xff, 0x3f,
    0xff, 0xf0,

    /* U+0032 "2" */
    0x0, 0x0, 0x5a, 0xdf, 0xed, 0x82, 0x0, 0x0,
    0x2, 0xcf, 0xff, 0xff, 0xff, 0xf8, 0x0, 0x2,
    0xef, 0xff, 0xff, 0xff, 0xff, 0xf8, 0x0, 0xdf,
    0xff, 0xf9, 0x79, 0xff, 0xff, 0xf2, 0x6f, 0xff,
    0xd1, 0x0, 0x2, 0xef, 0xff, 0x8a, 0xff, 0xf3,
    0x0, 0x0, 0x7, 0xff, 0xfa, 0x17, 0xec, 0x0,
    0x0, 0x0, 0x4f, 0xff, 0xb0, 0x0, 0x20, 0x0,
    0x0, 0x6, 0xff, 0xf9, 0x0, 0x0, 0x0, 0x0,
    0x0, 0xcf, 0xff, 0x60, 0x0, 0x0, 0x0, 0x0,
    0x7f, 0xff, 0xf1, 0x0, 0x0, 0x0, 0x0, 0x8f,
    0xff, 0xf6, 0x0, 0x0, 0x0, 0x3, 0xcf, 0xff,
    0xf9, 0x0, 0x0, 0x0, 0x9, 0xff, 0xff, 0xf8,
    0x0, 0x0, 0x0, 0x2d, 0xff, 0xff, 0xe4, 0x0,
    0x0, 0x0, 0x3f, 0xff, 0xff, 0x90, 0x0, 0x0,
    0x0, 0x1e, 0xff, 0xfd, 0x30, 0x0, 0x0, 0x0,
    0x9, 0xff, 0xfc, 0x0, 0x0, 0x0, 0x0, 0x0,
    0xef, 0xff, 0x10, 0x0, 0x0, 0x0, 0x0, 0x2f,
    0xff, 0xf9, 0x99, 0x99, 0x99, 0x99, 0x83, 0xff,
    0xff, 0xff, 0xff, 0xff, 0xff, 0xfe, 0x3f, 0xff,
    0xff, 0xff, 0xff, 0xff, 0xff, 0xe1, 0xff, 0xff,
    0xff, 0xff, 0xff, 0xff, 0xfe,

    /* U+0033 "3" */
    0x0, 0x28, 0xbe, 0xff, 0xeb, 0x71, 0x0, 0x1,
    0xbf, 0xff, 0xff, 0xff, 0xff, 0xe5, 0x0, 0xaf,
    0xff, 0xff, 0xff, 0xff, 0xff, 0xf3, 0x2, 0xff,
    0xfd, 0xa9, 0xae, 0xff, 0xff, 0xc0, 0xa, 0xb3,
    0x0, 0x0, 0xb, 0xff, 0xff, 0x0, 0x0, 0x0,
    0x0, 0x0, 0x5f, 0xff, 0xf1, 0x0, 0x0, 0x0,
    0x0, 0x5, 0xff, 0xff, 0x0, 0x0, 0x0, 0x0,
    0x0, 0xcf, 0xff, 0xa0, 0x0, 0x0, 0x11, 0x25,
    0xcf, 0xff, 0xf2, 0x0, 0x0, 0xa, 0xff, 0xff,
    0xff, 0xe4, 0x0, 0x0, 0x0, 0xaf, 0xff, 0xff,
    0xe7, 0x0, 0x0, 0x0, 0xa, 0xff, 0xff, 0xff,
    0xfe, 0x20, 0x0, 0x0, 0x0, 0x2, 0x6e, 0xff,
    0xfd, 0x0, 0x0, 0x0, 0x0, 0x0, 0x1f, 0xff,
    0xf5, 0x0, 0x0, 0x0, 0x0, 0x0, 0xbf, 0xff,
    0x90, 0x0, 0x0, 0x0, 0x0, 0xb, 0xff, 0xfa,
    0x1, 0x0, 0x0, 0x0, 0x1, 0xff, 0xff, 0x90,
    0xba, 0x20, 0x0, 0x1, 0xbf, 0xff, 0xf5, 0x1f,
    0xff, 0xda, 0x9b, 0xff, 0xff, 0xfd, 0x7, 0xff,
    0xff, 0xff, 0xff, 0xff, 0xfe, 0x20, 0x4d, 0xff,
    0xff, 0xff, 0xff, 0xfc, 0x20, 0x0, 0x4, 0x9c,
    0xef, 0xed, 0x94, 0x0, 0x0,

    /* U+0034 "4" */
    0x0, 0x0, 0x0, 0x3, 0xff, 0xff, 0xff, 0x80,
    0x0, 0x0, 0x0, 0x0, 0xb, 0xff, 0xff, 0xff,
    0x80, 0x0, 0x0, 0x0, 0x0, 0x2f, 0xff, 0xef,
    0xff, 0x80, 0x0, 0x0, 0x0, 0x0, 0x9f, 0xff,
    0x8f, 0xff, 0x80, 0x0, 0x0, 0x0, 0x1, 0xff,
    0xfe, 0x3f, 0xff, 0x80, 0x0, 0x0, 0x0, 0x7,
    0xff, 0xf8, 0x3f, 0xff, 0x80, 0x0, 0x0, 0x0,
    0xe, 0xff, 0xf2, 0x4f, 0xff, 0x80, 0x0, 0x0,
    0x0, 0x6f, 0xff, 0xb0, 0x4f, 0xff, 0x80, 0x0,
    0x0, 0x0, 0xdf, 0xff, 0x50, 0x4f, 0xff, 0x80,
    0x0, 0x0, 0x4, 0xff, 0xfe, 0x0, 0x4f, 0xff,
    0x80, 0x0, 0x0, 0xb, 0xff, 0xf8, 0x0, 0x4f,
    0xff, 0x80, 0x0, 0x0, 0x3f, 0xff, 0xf2, 0x0,
    0x4f, 0xff, 0x80, 0x0, 0x0, 0xaf, 0xff, 0xa0,
    0x0, 0x5f, 0xff, 0x80, 0x0, 0x1, 0xff, 0xff,
    0x30, 0x0, 0x5f, 0xff, 0x80, 0x0, 0x8, 0xff,
    0xfc, 0x0, 0x0, 0x5f, 0xff, 0x80, 0x0, 0xf,
    0xff, 0xff, 0xff, 0xff, 0xff, 0xff, 0xff, 0xf2,
    0x7f, 0xff, 0xff, 0xff, 0xff, 0xff, 0xff, 0xff,
    0xf2, 0xdf, 0xff, 0xff, 0xff, 0xff, 0xff, 0xff,
    0xff, 0xf2, 0x0, 0x0, 0x0, 0x0, 0x0, 0x8f,
    0xff, 0x80, 0x0, 0x0, 0x0, 0x0, 0x0, 0x0,
    0x8f, 0xff, 0x80, 0x0, 0x0, 0x0, 0x0, 0x0,
    0x0, 0x8f, 0xff, 0x80, 0x0, 0x0, 0x0, 0x0,
    0x0, 0x0, 0x8f, 0xff, 0x80, 0x0,

    /* U+0035 "5" */
    0x4, 0xff, 0xff, 0xff, 0xff, 0xff, 0xfb, 0x0,
    0x4f, 0xff, 0xff, 0xff, 0xff, 0xff, 0xb0, 0x5,
    0xff, 0xff, 0xff, 0xff, 0xff, 0xfb, 0x0, 0x5f,
    0xff, 0x85, 0x55, 0x55, 0x55, 0x30, 0x6, 0xff,
    0xf3, 0x0, 0x0, 0x0, 0x0, 0x0, 0x7f, 0xff,
    0x20, 0x0, 0x0, 0x0, 0x0, 0x7, 0xff, 0xf0,
    0x0, 0x0, 0x0, 0x0, 0x0, 0x8f, 0xff, 0xbe,
    0xff, 0xd9, 0x20, 0x0, 0x8, 0xff, 0xff, 0xff,
    0xff, 0xff, 0x70, 0x0, 0x9f, 0xff, 0xff, 0xff,
    0xff, 0xff, 0x60, 0x9, 0xa5, 0x21, 0x25, 0xbf,
    0xff, 0xfe, 0x0, 0x0, 0x0, 0x0, 0x0, 0x8f,
    0xff, 0xf5, 0x0, 0x0, 0x0, 0x0, 0x0, 0xef,
    0xff, 0x80, 0x0, 0x0, 0x0, 0x0, 0xa, 0xff,
    0xf9, 0x0, 0x0, 0x0, 0x0, 0x0, 0x9f, 0xff,
    0x90, 0x0, 0x0, 0x0, 0x0, 0xa, 0xff, 0xf8,
    0x0, 0x0, 0x0, 0x0, 0x1, 0xff, 0xff, 0x40,
    0x85, 0x0, 0x0, 0x0, 0xbf, 0xff, 0xe0, 0xe,
    0xfd, 0x87, 0x79, 0xef, 0xff, 0xf5, 0x4, 0xff,
    0xff, 0xff, 0xff, 0xff, 0xf8, 0x0, 0x6f, 0xff,
    0xff, 0xff, 0xff, 0xf6, 0x0, 0x0, 0x28, 0xbe,
    0xff, 0xdb, 0x61, 0x0, 0x0,

    /* U+0036 "6" */
    0x0, 0x0, 0x0, 0x39, 0xdf, 0xfe, 0xc9, 0x20,
    0x0, 0x0, 0x0, 0x1a, 0xff, 0xff, 0xff, 0xff,
    0xf4, 0x0, 0x0, 0x1, 0xdf, 0xff, 0xff, 0xff,
    0xff, 0xe1, 0x0, 0x0, 0xd, 0xff, 0xff, 0xd8,
    0x78, 0xaf, 0x70, 0x0, 0x0, 0x8f, 0xff, 0xf6,
    0x0, 0x0, 0x1, 0x0, 0x0, 0x1, 0xff, 0xff,
    0x50, 0x0, 0x0, 0x0, 0x0, 0x0, 0x7, 0xff,
    0xfb, 0x0, 0x0, 0x0, 0x0, 0x0, 0x0, 0xb,
    0xff, 0xf4, 0x4, 0xae, 0xfe, 0xb4, 0x0, 0x0,
    0xf, 0xff, 0xf1, 0xaf, 0xff, 0xff, 0xff, 0xa0,
    0x0, 0x1f, 0xff, 0xf9, 0xff, 0xff, 0xff, 0xff,
    0xf9, 0x0, 0x2f, 0xff, 0xff, 0xfd, 0x63, 0x5c,
    0xff, 0xff, 0x30, 0x3f, 0xff, 0xff, 0xa0, 0x0,
    0x0, 0xdf, 0xff, 0x90, 0x2f, 0xff, 0xfd, 0x0,
    0x0, 0x0, 0x6f, 0xff, 0xd0, 0x1f, 0xff, 0xf8,
    0x0, 0x0, 0x0, 0x3f, 0xff, 0xf0, 0xf, 0xff,
    0xf7, 0x0, 0x0, 0x0, 0x2f, 0xff, 0xf0, 0xb,
    0xff, 0xf9, 0x0, 0x0, 0x0, 0x4f, 0xff, 0xd0,
    0x7, 0xff, 0xfe, 0x0, 0x0, 0x0, 0x9f, 0xff,
    0xa0, 0x1, 0xff, 0xff, 0x90, 0x0, 0x3, 0xff,
    0xff, 0x40, 0x0, 0x7f, 0xff, 0xfb, 0x54, 0x8f,
    0xff, 0xfc, 0x0, 0x0, 0xb, 0xff, 0xff, 0xff,
    0xff, 0xff, 0xe2, 0x0, 0x0, 0x0, 0x9f, 0xff,
    0xff, 0xff, 0xfc, 0x20, 0x0, 0x0, 0x0, 0x3,
    0x9d, 0xff, 0xda, 0x40, 0x0, 0x0,

    /* U+0037 "7" */
    0x9f, 0xff, 0xff, 0xff, 0xff, 0xff, 0xff, 0x69,
    0xff, 0xff, 0xff, 0xff, 0xff, 0xff, 0xf1, 0x9f,
    0xff, 0xff, 0xff, 0xff, 0xff, 0xfc, 0x6, 0xbb,
    0xbb, 0xbb, 0xbb, 0xef, 0xff, 0x70, 0x0, 0x0,
    0x0, 0x0, 0xe, 0xff, 0xf2, 0x0, 0x0, 0x0,
    0x0, 0x3, 0xff, 0xfd, 0x0, 0x0, 0x0, 0x0,
    0x0, 0x9f, 0xff, 0x80, 0x0, 0x0, 0x0, 0x0,
    0xe, 0xff, 0xf2, 0x0, 0x0, 0x0, 0x0, 0x4,
    0xff, 0xfd, 0x0, 0x0, 0x0, 0x0, 0x0, 0x9f,
    0xff, 0x80, 0x0, 0x0, 0x0, 0x0, 0xe, 0xff,
    0xf3, 0x0, 0x0, 0x0, 0x0, 0x4, 0xff, 0xfe,
    0x0, 0x0, 0x0, 0x0, 0x0, 0x9f, 0xff, 0x90,
    0x0, 0x0, 0x0, 0x0, 0xe, 0xff, 0xf4, 0x0,
    0x0, 0x0, 0x0, 0x4, 0xff, 0xff, 0x0, 0x0,
    0x0, 0x0, 0x0, 0xaf, 0xff, 0xa0, 0x0, 0x0,
    0x0, 0x0, 0xf, 0xff, 0xf5, 0x0, 0x0, 0x0,
    0x0, 0x5, 0xff, 0xff, 0x0, 0x0, 0x0, 0x0,
    0x0, 0xaf, 0xff, 0xb0, 0x0, 0x0, 0x0, 0x0,
    0xf, 0xff, 0xf6, 0x0, 0x0, 0x0, 0x0, 0x5,
    0xff, 0xff, 0x10, 0x0, 0x0, 0x0, 0x0, 0xaf,
    0xff, 0xc0, 0x0, 0x0, 0x0,

    /* U+0038 "8" */
    0x0, 0x0, 0x28, 0xce, 0xfe, 0xd9, 0x40, 0x0,
    0x0, 0x0, 0x9f, 0xff, 0xff, 0xff, 0xff, 0xc1,
    0x0, 0x0, 0xbf, 0xff, 0xff, 0xef, 0xff, 0xff,
    0xd0, 0x0, 0x4f, 0xff, 0xf8, 0x0, 0x5, 0xff,
    0xff, 0x70, 0x8, 0xff, 0xfc, 0x0, 0x0, 0x8,
    0xff, 0xfb, 0x0, 0x9f, 0xff, 0x90, 0x0, 0x0,
    0x5f, 0xff, 0xc0, 0x7, 0xff, 0xfa, 0x0, 0x0,
    0x7, 0xff, 0xfa, 0x0, 0x3f, 0xff, 0xf1, 0x0,
    0x0, 0xcf, 0xff, 0x50, 0x0, 0xbf, 0xff, 0xd4,
    0x13, 0xaf, 0xff, 0xc0, 0x0, 0x0, 0xbf, 0xff,
    0xff, 0xff, 0xff, 0xc1, 0x0, 0x0, 0x2, 0xcf,
    0xff, 0xff, 0xff, 0xe3, 0x0, 0x0, 0x7, 0xff,
    0xff, 0xff, 0xff, 0xff, 0xf9, 0x0, 0x8, 0xff,
    0xff, 0x92, 0x2, 0x7f, 0xff, 0xfb, 0x2, 0xff,
    0xff, 0x70, 0x0, 0x0, 0x4f, 0xff, 0xf4, 0x6f,
    0xff, 0xf0, 0x0, 0x0, 0x0, 0xef, 0xff, 0x98,
    0xff, 0xff, 0x0, 0x0, 0x0, 0xc, 0xff, 0xfb,
    0x7f, 0xff, 0xf1, 0x0, 0x0, 0x0, 0xef, 0xff,
    0xa4, 0xff, 0xff, 0x80, 0x0, 0x0, 0x5f, 0xff,
    0xf7, 0xd, 0xff, 0xff, 0xa4, 0x34, 0x8f, 0xff,
    0xff, 0x10, 0x2e, 0xff, 0xff, 0xff, 0xff, 0xff,
    0xff, 0x40, 0x0, 0x2c, 0xff, 0xff, 0xff, 0xff,
    0xfd, 0x30, 0x0, 0x0, 0x4, 0x9c, 0xef, 0xed,
    0x95, 0x0, 0x0,

    /* U+0039 "9" */
    0x0, 0x0, 0x6, 0xbd, 0xff, 0xd8, 0x10, 0x0,
    0x0, 0x0, 0x5, 0xef, 0xff, 0xff, 0xff, 0xf6,
    0x0, 0x0, 0x0, 0x6f, 0xff, 0xff, 0xff, 0xff,
    0xff, 0x70, 0x0, 0x3, 0xff, 0xff, 0xe7, 0x45,
    0xbf, 0xff, 0xf3, 0x0, 0xa, 0xff, 0xfd, 0x10,
    0x0, 0x9, 0xff, 0xfc, 0x0, 0xf, 0xff, 0xf4,
    0x0, 0x0, 0x0, 0xff, 0xff, 0x30, 0x2f, 0xff,
    0xf0, 0x0, 0x0, 0x0, 0xbf, 0xff, 0x80, 0x2f,
    0xff, 0xf0, 0x0, 0x0, 0x0, 0xaf, 0xff, 0xc0,
    0x1f, 0xff, 0xf3, 0x0, 0x0, 0x0, 0xef, 0xff,
    0xe0, 0xd, 0xff, 0xfa, 0x0, 0x0, 0xa, 0xff,
    0xff, 0xf0, 0x8, 0xff, 0xff, 0xa4, 0x36, 0xdf,
    0xff, 0xff, 0xf0, 0x0, 0xdf, 0xff, 0xff, 0xff,
    0xff, 0x9f, 0xff, 0xf0, 0x0, 0x2d, 0xff, 0xff,
    0xff, 0xf9, 0x2f, 0xff, 0xe0, 0x0, 0x0, 0x6c,
    0xef, 0xda, 0x40, 0x4f, 0xff, 0xc0, 0x0, 0x0,
    0x0, 0x0, 0x0, 0x0, 0x9f, 0xff, 0x80, 0x0,
    0x0, 0x0, 0x0, 0x0, 0x0, 0xef, 0xff, 0x30,
    0x0, 0x0, 0x0, 0x0, 0x0, 0xa, 0xff, 0xfd,
    0x0, 0x0, 0x3, 0x30, 0x0, 0x1, 0xaf, 0xff,
    0xf5, 0x0, 0x0, 0xc, 0xfc, 0x99, 0xbf, 0xff,
    0xff, 0xa0, 0x0, 0x0, 0x4f, 0xff, 0xff, 0xff,
    0xff, 0xfc, 0x0, 0x0, 0x0, 0x7f, 0xff, 0xff,
    0xff, 0xff, 0x80, 0x0, 0x0, 0x0, 0x3, 0x9d,
    0xff, 0xfc, 0x82, 0x0, 0x0, 0x0,

    /* U+003A ":" */
    0x5a, 0xaa, 0x18, 0xff, 0xf1, 0x8f, 0xff, 0x18,
    0xff, 0xf1, 0x8f, 0xff, 0x10, 0x0, 0x0, 0x0,
    0x0, 0x0, 0x0, 0x0, 0x0, 0x0, 0x0, 0x0,
    0x0, 0x0, 0x0, 0x0, 0x0, 0x0, 0x5a, 0xaa,
    0x18, 0xff, 0xf1, 0x8f, 0xff, 0x18, 0xff, 0xf1,
    0x8f, 0xff, 0x10,

    /* U+003B ";" */
    0x5a, 0xaa, 0x18, 0xff, 0xf1, 0x8f, 0xff, 0x18,
    0xff, 0xf1, 0x8f, 0xff, 0x10, 0x0, 0x0, 0x0,
    0x0, 0x0, 0x0, 0x0, 0x0, 0x0, 0x0, 0x0,
    0x0, 0x0, 0x0, 0x0, 0x0, 0x0, 0x4c, 0xcc,
    0x16, 0xff, 0xf1, 0x6f, 0xff, 0x16, 0xff, 0xf0,
    0x6f, 0xff, 0x7, 0xff, 0xe0, 0x8f, 0xfc, 0x8,
    0xff, 0x90, 0xaf, 0xf5, 0xd, 0xfe, 0x0,

    /* U+003C "<" */
    0x0, 0x0, 0x0, 0x0, 0x0, 0x7, 0x0, 0x0,
    0x0, 0x0, 0x0, 0x4d, 0xf0, 0x0, 0x0, 0x0,
    0x1, 0xaf, 0xff, 0x0, 0x0, 0x0, 0x6, 0xef,
    0xff, 0xe0, 0x0, 0x0, 0x3c, 0xff, 0xff, 0x91,
    0x0, 0x0, 0x9f, 0xff, 0xfd, 0x30, 0x0, 0x5,
    0xef, 0xff, 0xf7, 0x0, 0x0, 0x7, 0xff, 0xff,
    0xb1, 0x0, 0x0, 0x0, 0x8f, 0xff, 0x50, 0x0,
    0x0, 0x0, 0x8, 0xff, 0xfd, 0x30, 0x0, 0x0,
    0x0, 0x2c, 0xff, 0xff, 0x91, 0x0, 0x0, 0x0,
    0x6, 0xef, 0xff, 0xe5, 0x0, 0x0, 0x0, 0x1,
    0xaf, 0xff, 0xfc, 0x20, 0x0, 0x0, 0x0, 0x4d,
    0xff, 0xff, 0x80, 0x0, 0x0, 0x0, 0x8, 0xff,
    0xff, 0x0, 0x0, 0x0, 0x0, 0x2, 0xcf, 0xf0,
    0x0, 0x0, 0x0, 0x0, 0x0, 0x6e, 0x0, 0x0,
    0x0, 0x0, 0x0, 0x0, 0x10,

    /* U+003D "=" */
    0x1, 0x11, 0x11, 0x11, 0x11, 0x11, 0x11, 0x2f,
    0xff, 0xff, 0xff, 0xff, 0xff, 0xff, 0x2f, 0xff,
    0xff, 0xff, 0xff, 0xff, 0xff, 0x2f, 0xff, 0xff,
    0xff, 0xff, 0xff, 0xff, 0x0, 0x0, 0x0, 0x0,
    0x0, 0x0, 0x0, 0x0, 0x0, 0x0, 0x0, 0x0,
    0x0, 0x0, 0x0, 0x0, 0x0, 0x0, 0x0, 0x0,
    0x0, 0x0, 0x0, 0x0, 0x0, 0x0, 0x0, 0x0,
    0x1, 0x11, 0x11, 0x11, 0x11, 0x11, 0x11, 0x2f,
    0xff, 0xff, 0xff, 0xff, 0xff, 0xff, 0x2f, 0xff,
    0xff, 0xff, 0xff, 0xff, 0xff, 0x2f, 0xff, 0xff,
    0xff, 0xff, 0xff, 0xff,

    /* U+003E ">" */
    0x53, 0x0, 0x0, 0x0, 0x0, 0x0, 0x8, 0xf9,
    0x0, 0x0, 0x0, 0x0, 0x0, 0x8f, 0xfe, 0x50,
    0x0, 0x0, 0x0, 0x6, 0xff, 0xff, 0xb2, 0x0,
    0x0, 0x0, 0x4, 0xef, 0xff, 0xf7, 0x0, 0x0,
    0x0, 0x0, 0x8f, 0xff, 0xfd, 0x40, 0x0, 0x0,
    0x0, 0x2c, 0xff, 0xff, 0xa1, 0x0, 0x0, 0x0,
    0x6, 0xef, 0xff, 0xe0, 0x0, 0x0, 0x0, 0x1,
    0xbf, 0xff, 0x0, 0x0, 0x0, 0x0, 0x8f, 0xff,
    0xf0, 0x0, 0x0, 0x4, 0xef, 0xff, 0xf7, 0x0,
    0x0, 0x1b, 0xff, 0xff, 0xb2, 0x0, 0x0, 0x7f,
    0xff, 0xfe, 0x50, 0x0, 0x2, 0xdf, 0xff, 0xf9,
    0x0, 0x0, 0x0, 0x8f, 0xff, 0xc3, 0x0, 0x0,
    0x0, 0x8, 0xff, 0x70, 0x0, 0x0, 0x0, 0x0,
    0x8a, 0x10, 0x0, 0x0, 0x0, 0x0, 0x1, 0x0,
    0x0, 0x0, 0x0, 0x0, 0x0,

    /* U+003F "?" */
    0x0, 0x0, 0x25, 0x77, 0x52, 0x0, 0x0, 0x0,
    0x3c, 0xff, 0xff, 0xff, 0xc3, 0x0, 0x7, 0xff,
    0xff, 0xff, 0xff, 0xff, 0x40, 0x1f, 0xff, 0xff,
    0xff, 0xff, 0xff, 0xe0, 0x7, 0xff, 0xa2, 0x1,
    0x9f, 0xff, 0xf4, 0x0, 0xb8, 0x0, 0x0, 0xc,
    0xff, 0xf7, 0x0, 0x10, 0x0, 0x0, 0x8, 0xff,
    0xf8, 0x0, 0x0, 0x0, 0x0, 0x9, 0xff, 0xf6,
    0x0, 0x0, 0x0, 0x0, 0x1e, 0xff, 0xf1, 0x0,
    0x0, 0x0, 0x1, 0xbf, 0xff, 0x60, 0x0, 0x0,
    0x0, 0x2d, 0xff, 0xf6, 0x0, 0x0, 0x0, 0x2,
    0xef, 0xff, 0x50, 0x0, 0x0, 0x0, 0xc, 0xff,
    0xf4, 0x0, 0x0, 0x0, 0x0, 0x2f, 0xff, 0xa0,
    0x0, 0x0, 0x0, 0x0, 0x5f, 0xff, 0x40, 0x0,
    0x0, 0x0, 0x0, 0x6f, 0xff, 0x10, 0x0, 0x0,
    0x0, 0x0, 0x4f, 0xff, 0x0, 0x0, 0x0, 0x0,
    0x0, 0x14, 0x44, 0x0, 0x0, 0x0, 0x0, 0x0,
    0x0, 0x0, 0x0, 0x0, 0x0, 0x0, 0x0, 0x0,
    0x0, 0x0, 0x0, 0x0, 0x0, 0x0, 0x2a, 0xaa,
    0x30, 0x0, 0x0, 0x0, 0x0, 0x3f, 0xff, 0x40,
    0x0, 0x0, 0x0, 0x0, 0x3f, 0xff, 0x40, 0x0,
    0x0, 0x0, 0x0, 0x3f, 0xff, 0x40, 0x0, 0x0,
    0x0, 0x0, 0x3f, 0xff, 0x40, 0x0, 0x0,

    /* U+0040 "@" */
    0x0, 0x0, 0x0, 0x0, 0x39, 0xce, 0xff, 0xda,
    0x60, 0x0, 0x0, 0x0, 0x0, 0x0, 0x4, 0xcf,
    0xff, 0xff, 0xff, 0xff, 0xe6, 0x0, 0x0, 0x0,
    0x0, 0x8, 0xff, 0xe9, 0x41, 0x1, 0x37, 0xdf,
    0xf8, 0x0, 0x0, 0x0, 0x9, 0xff, 0x91, 0x0,
    0x0, 0x0, 0x0, 0x8f, 0xf6, 0x0, 0x0, 0x6,
    0xff, 0x60, 0x0, 0x0, 0x0, 0x0, 0x0, 0xaf,
    0xe0, 0x0, 0x1, 0xff, 0x80, 0x0, 0x0, 0x21,
    0x0, 0x0, 0x1, 0xff, 0x60, 0x0, 0x9f, 0xd0,
    0x0, 0x9, 0xff, 0xfc, 0x5e, 0xe6, 0xa, 0xfb,
    0x0, 0x1f, 0xf5, 0x0, 0xc, 0xff, 0xff, 0xff,
    0xff, 0x40, 0x6f, 0xe0, 0x6, 0xfe, 0x0, 0x9,
    0xff, 0xb2, 0x17, 0xff, 0xf1, 0x4, 0xff, 0x0,
    0xaf, 0xa0, 0x2, 0xff, 0xe0, 0x0, 0xe, 0xfd,
    0x0, 0x3f, 0xf0, 0xd, 0xf7, 0x0, 0x8f, 0xf7,
    0x0, 0x0, 0xff, 0x90, 0x3, 0xff, 0x0, 0xff,
    0x40, 0xd, 0xff, 0x20, 0x0, 0x4f, 0xf6, 0x0,
    0x4f, 0xf0, 0xf, 0xf3, 0x0, 0xff, 0xf0, 0x0,
    0x9, 0xff, 0x20, 0x6, 0xfd, 0x0, 0xff, 0x30,
    0x1f, 0xfe, 0x0, 0x0, 0xef, 0xf0, 0x0, 0x9f,
    0x90, 0xf, 0xf4, 0x1, 0xff, 0xf0, 0x0, 0x7f,
    0xfc, 0x0, 0xe, 0xf4, 0x0, 0xef, 0x60, 0xe,
    0xff, 0x30, 0x2f, 0xff, 0xb0, 0x6, 0xfe, 0x0,
    0xc, 0xf9, 0x0, 0xaf, 0xfd, 0x8e, 0xff, 0xfd,
    0x15, 0xff, 0x50, 0x0, 0x8f, 0xe0, 0x3, 0xff,
    0xff, 0xe3, 0xaf, 0xff, 0xff, 0x70, 0x0, 0x2,
    0xff, 0x60, 0x5, 0xdf, 0xa1, 0x1, 0xbf, 0xfb,
    0x30, 0x0, 0x0, 0xa, 0xff, 0x20, 0x0, 0x0,
    0x0, 0x0, 0x0, 0x0, 0x0, 0x0, 0x0, 0x1e,
    0xff, 0x50, 0x0, 0x0, 0x0, 0x0, 0x0, 0x0,
    0x0, 0x0, 0x0, 0x2d, 0xff, 0xc6, 0x20, 0x0,
    0x25, 0x9e, 0x80, 0x0, 0x0, 0x0, 0x0, 0x19,
    0xff, 0xff, 0xff, 0xff, 0xff, 0xfb, 0x0, 0x0,
    0x0, 0x0, 0x0, 0x1, 0x6a, 0xdf, 0xff, 0xdb,
    0x73, 0x0, 0x0, 0x0,

    /* U+0041 "A" */
    0x0, 0x0, 0x0, 0x0, 0x9, 0x20, 0x0, 0x0,
    0x0, 0x0, 0x0, 0x0, 0x0, 0x0, 0xf, 0x80,
    0x0, 0x0, 0x0, 0x0, 0x0, 0x0, 0x0, 0x0,
    0x6f, 0xe0, 0x0, 0x0, 0x0, 0x0, 0x0, 0x0,
    0x0, 0x0, 0xdf, 0xf6, 0x0, 0x0, 0x0, 0x0,
    0x0, 0x0, 0x0, 0x4, 0xff, 0xfc, 0x0, 0x0,
    0x0, 0x0, 0x0, 0x0, 0x0, 0xa, 0xff, 0xff,
    0x30, 0x0, 0x0, 0x0, 0x0, 0x0, 0x0, 0x1f,
    0xff, 0xff, 0xa0, 0x0, 0x0, 0x0, 0x0, 0x0,
    0x0, 0x7f, 0xff, 0xff, 0xf1, 0x0, 0x0, 0x0,
    0x0, 0x0, 0x0, 0xef, 0xfd, 0xff, 0xf7, 0x0,
    0x0, 0x0, 0x0, 0x0, 0x5, 0xff, 0xf6, 0xef,
    0xfe, 0x0, 0x0, 0x0, 0x0, 0x0, 0xb, 0xff,
    0xf1, 0x8f, 0xff, 0x40, 0x0, 0x0, 0x0, 0x0,
    0x2f, 0xff, 0xb0, 0x2f, 0xff, 0xb0, 0x0, 0x0,
    0x0, 0x0, 0x9f, 0xff, 0x50, 0xc, 0xff, 0xf2,
    0x0, 0x0, 0x0, 0x0, 0xff, 0xff, 0x0, 0x6,
    0xff, 0xf8, 0x0, 0x0, 0x0, 0x6, 0xff, 0xf9,
    0x0, 0x1, 0xff, 0xfe, 0x0, 0x0, 0x0, 0xd,
    0xff, 0xf4, 0x0, 0x0, 0xaf, 0xff, 0x60, 0x0,
    0x0, 0x3f, 0xff, 0xff, 0xff, 0xff, 0xff, 0xff,
    0xc0, 0x0, 0x0, 0xaf, 0xff, 0xff, 0xff, 0xff,
    0xff, 0xff, 0xf3, 0x0, 0x1, 0xff, 0xff, 0xff,
    0xff, 0xff, 0xff, 0xff, 0xfa, 0x0, 0x7, 0xff,
    0xfc, 0x0, 0x0, 0x0, 0x2, 0xff, 0xff, 0x10,
    0xe, 0xff, 0xf6, 0x0, 0x0, 0x0, 0x0, 0xbf,
    0xff, 0x70, 0x5f, 0xff, 0xf0, 0x0, 0x0, 0x0,
    0x0, 0x5f, 0xff, 0xe0,

    /* U+0042 "B" */
    0x6f, 0xff, 0xff, 0xff, 0xda, 0x40, 0x0, 0x6,
    0xff, 0xff, 0xff, 0xff, 0xff, 0xc1, 0x0, 0x6f,
    0xff, 0xff, 0xff, 0xff, 0xff, 0xb0, 0x6, 0xff,
    0xf8, 0x11, 0x39, 0xff, 0xff, 0x40, 0x6f, 0xff,
    0x80, 0x0, 0x9, 0xff, 0xf8, 0x6, 0xff, 0xf8,
    0x0, 0x0, 0x4f, 0xff, 0xa0, 0x6f, 0xff, 0x80,
    0x0, 0x4, 0xff, 0xf9, 0x6, 0xff, 0xf8, 0x0,
    0x0, 0x8f, 0xff, 0x50, 0x6f, 0xff, 0x80, 0x0,
    0x5f, 0xff, 0xd0, 0x6, 0xff, 0xff, 0xee, 0xff,
    0xff, 0xe3, 0x0, 0x6f, 0xff, 0xff, 0xff, 0xff,
    0xfa, 0x30, 0x6, 0xff, 0xff, 0xff, 0xff, 0xff,
    0xff, 0x50, 0x6f, 0xff, 0x80, 0x1, 0x4b, 0xff,
    0xff, 0x16, 0xff, 0xf8, 0x0, 0x0, 0xc, 0xff,
    0xf6, 0x6f, 0xff, 0x80, 0x0, 0x0, 0x7f, 0xff,
    0x96, 0xff, 0xf8, 0x0, 0x0, 0x6, 0xff, 0xfb,
    0x6f, 0xff, 0x80, 0x0, 0x0, 0x7f, 0xff, 0xa6,
    0xff, 0xf8, 0x0, 0x0, 0xd, 0xff, 0xf7, 0x6f,
    0xff, 0x92, 0x23, 0x6d, 0xff, 0xff, 0x16, 0xff,
    0xff, 0xff, 0xff, 0xff, 0xff, 0x70, 0x6f, 0xff,
    0xff, 0xff, 0xff, 0xff, 0x70, 0x6, 0xff, 0xff,
    0xff, 0xfe, 0xb7, 0x10, 0x0,

    /* U+0043 "C" */
    0x0, 0x0, 0x3, 0x9d, 0xff, 0xec, 0x71, 0x0,
    0x0, 0x1a, 0xff, 0xff, 0xff, 0xff, 0xe4, 0x0,
    0x1d, 0xff, 0xff, 0xff, 0xff, 0xff, 0x80, 0xc,
    0xff, 0xff, 0xfc, 0xab, 0xff, 0xe0, 0x6, 0xff,
    0xff, 0xb1, 0x0, 0x1, 0xa7, 0x0, 0xef, 0xff,
    0xc0, 0x0, 0x0, 0x0, 0x0, 0x4f, 0xff, 0xf4,
    0x0, 0x0, 0x0, 0x0, 0x8, 0xff, 0xfe, 0x0,
    0x0, 0x0, 0x0, 0x0, 0xbf, 0xff, 0xa0, 0x0,
    0x0, 0x0, 0x0, 0xc, 0xff, 0xf8, 0x0, 0x0,
    0x0, 0x0, 0x0, 0xdf, 0xff, 0x70, 0x0, 0x0,
    0x0, 0x0, 0xd, 0xff, 0xf8, 0x0, 0x0, 0x0,
    0x0, 0x0, 0xcf, 0xff, 0x90, 0x0, 0x0, 0x0,
    0x0, 0xa, 0xff, 0xfc, 0x0, 0x0, 0x0, 0x0,
    0x0, 0x7f, 0xff, 0xf0, 0x0, 0x0, 0x0, 0x0,
    0x3, 0xff, 0xff, 0x50, 0x0, 0x0, 0x0, 0x0,
    0xd, 0xff, 0xfd, 0x0, 0x0, 0x0, 0x0, 0x0,
    0x5f, 0xff, 0xfb, 0x10, 0x0, 0x7, 0x50, 0x0,
    0xbf, 0xff, 0xfe, 0xa9, 0xbf, 0xfe, 0x0, 0x1,
    0xdf, 0xff, 0xff, 0xff, 0xff, 0xf7, 0x0, 0x1,
    0xaf, 0xff, 0xff, 0xff, 0xff, 0x50, 0x0, 0x0,
    0x39, 0xdf, 0xfe, 0xb7, 0x10,

    /* U+0044 "D" */
    0x7f, 0xff, 0xff, 0xfe, 0xc8, 0x30, 0x0, 0x0,
    0x7f, 0xff, 0xff, 0xff, 0xff, 0xfb, 0x10, 0x0,
    0x7f, 0xff, 0xff, 0xff, 0xff, 0xff, 0xe3, 0x0,
    0x7f, 0xff, 0x92, 0x24, 0xaf, 0xff, 0xfe, 0x10,
    0x7f, 0xff, 0x80, 0x0, 0x4, 0xff, 0xff, 0x90,
    0x7f, 0xff, 0x80, 0x0, 0x0, 0x7f, 0xff, 0xf0,
    0x7f, 0xff, 0x80, 0x0, 0x0, 0xe, 0xff, 0xf5,
    0x7f, 0xff, 0x80, 0x0, 0x0, 0x9, 0xff, 0xf9,
    0x7f, 0xff, 0x80, 0x0, 0x0, 0x5, 0xff, 0xfb,
    0x7f, 0xff, 0x80, 0x0, 0x0, 0x3, 0xff, 0xfc,
    0x7f, 0xff, 0x80, 0x0, 0x0, 0x2, 0xff, 0xfd,
    0x7f, 0xff, 0x80, 0x0, 0x0, 0x3, 0xff, 0xfd,
    0x7f, 0xff, 0x80, 0x0, 0x0, 0x4, 0xff, 0xfc,
    0x7f, 0xff, 0x80, 0x0, 0x0, 0x6, 0xff, 0xfa,
    0x7f, 0xff, 0x80, 0x0, 0x0, 0xa, 0xff, 0xf7,
    0x7f, 0xff, 0x80, 0x0, 0x0, 0x1f, 0xff, 0xf3,
    0x7f, 0xff, 0x80, 0x0, 0x0, 0xbf, 0xff, 0xd0,
    0x7f, 0xff, 0x80, 0x0, 0xa, 0xff, 0xff, 0x50,
    0x7f, 0xff, 0xb7, 0x7a, 0xef, 0xff, 0xfa, 0x0,
    0x7f, 0xff, 0xff, 0xff, 0xff, 0xff, 0xb0, 0x0,
    0x7f, 0xff, 0xff, 0xff, 0xff, 0xf8, 0x0, 0x0,
    0x7f, 0xff, 0xff, 0xfe, 0xb7, 0x10, 0x0, 0x0,

    /* U+0045 "E" */
    0x7f, 0xff, 0xff, 0xff, 0xff, 0xfc, 0x7, 0xff,
    0xff, 0xff, 0xff, 0xff, 0xc0, 0x7f, 0xff, 0xff,
    0xff, 0xff, 0xfc, 0x7, 0xff, 0xfa, 0x66, 0x66,
    0x66, 0x50, 0x7f, 0xff, 0x60, 0x0, 0x0, 0x0,
    0x7, 0xff, 0xf6, 0x0, 0x0, 0x0, 0x0, 0x7f,
    0xff, 0x60, 0x0, 0x0, 0x0, 0x7, 0xff, 0xf6,
    0x0, 0x0, 0x0, 0x0, 0x7f, 0xff, 0x95, 0x55,
    0x55, 0x10, 0x7, 0xff, 0xff, 0xff, 0xff, 0xf4,
    0x0, 0x7f, 0xff, 0xff, 0xff, 0xff, 0x40, 0x7,
    0xff, 0xff, 0xff, 0xff, 0xf4, 0x0, 0x7f, 0xff,
    0x60, 0x0, 0x0, 0x0, 0x7, 0xff, 0xf6, 0x0,
    0x0, 0x0, 0x0, 0x7f, 0xff, 0x60, 0x0, 0x0,
    0x0, 0x7, 0xff, 0xf6, 0x0, 0x0, 0x0, 0x0,
    0x7f, 0xff, 0x60, 0x0, 0x0, 0x0, 0x7, 0xff,
    0xf6, 0x0, 0x0, 0x0, 0x0, 0x7f, 0xff, 0xb8,
    0x88, 0x88, 0x88, 0x37, 0xff, 0xff, 0xff, 0xff,
    0xff, 0xf6, 0x7f, 0xff, 0xff, 0xff, 0xff, 0xff,
    0x67, 0xff, 0xff, 0xff, 0xff, 0xff, 0xf6,

    /* U+0046 "F" */
    0x6f, 0xff, 0xff, 0xff, 0xff, 0xfe, 0x6f, 0xff,
    0xff, 0xff, 0xff, 0xfe, 0x6f, 0xff, 0xff, 0xff,
    0xff, 0xfe, 0x6f, 0xff, 0xc7, 0x77, 0x77, 0x76,
    0x6f, 0xff, 0x90, 0x0, 0x0, 0x0, 0x6f, 0xff,
    0x90, 0x0, 0x0, 0x0, 0x6f, 0xff, 0x90, 0x0,
    0x0, 0x0, 0x6f, 0xff, 0x90, 0x0, 0x0, 0x0,
    0x6f, 0xff, 0x90, 0x0, 0x0, 0x0, 0x6f, 0xff,
    0xc8, 0x88, 0x88, 0x70, 0x6f, 0xff, 0xff, 0xff,
    0xff, 0xf0, 0x6f, 0xff, 0xff, 0xff, 0xff, 0xf0,
    0x6f, 0xff, 0xff, 0xff, 0xff, 0xf0, 0x6f, 0xff,
    0x90, 0x0, 0x0, 0x0, 0x6f, 0xff, 0x90, 0x0,
    0x0, 0x0, 0x6f, 0xff, 0x90, 0x0, 0x0, 0x0,
    0x6f, 0xff, 0x90, 0x0, 0x0, 0x0, 0x6f, 0xff,
    0x90, 0x0, 0x0, 0x0, 0x6f, 0xff, 0x90, 0x0,
    0x0, 0x0, 0x6f, 0xff, 0x90, 0x0, 0x0, 0x0,
    0x6f, 0xff, 0x90, 0x0, 0x0, 0x0, 0x6f, 0xff,
    0x90, 0x0, 0x0, 0x0,

    /* U+0047 "G" */
    0x0, 0x0, 0x1, 0x7b, 0xef, 0xfe, 0xc8, 0x20,
    0x0, 0x0, 0x0, 0x6f, 0xff, 0xff, 0xff, 0xff,
    0xf7, 0x0, 0x0, 0xa, 0xff, 0xff, 0xff, 0xff,
    0xff, 0xfb, 0x0, 0x0, 0x8f, 0xff, 0xff, 0xec,
    0xcd, 0xff, 0xf3, 0x0, 0x3, 0xff, 0xff, 0xe5,
    0x0, 0x0, 0x18, 0xa0, 0x0, 0xc, 0xff, 0xfe,
    0x20, 0x0, 0x0, 0x0, 0x0, 0x0, 0x2f, 0xff,
    0xf5, 0x0, 0x0, 0x0, 0x0, 0x0, 0x0, 0x7f,
    0xff, 0xd0, 0x0, 0x0, 0x0, 0x0, 0x0, 0x0,
    0xaf, 0xff, 0x80, 0x0, 0x0, 0x0, 0x0, 0x0,
    0x0, 0xcf, 0xff, 0x60, 0x0, 0x5, 0x77, 0x77,
    0x77, 0x72, 0xdf, 0xff, 0x50, 0x0, 0xc, 0xff,
    0xff, 0xff, 0xf5, 0xdf, 0xff, 0x50, 0x0, 0xc,
    0xff, 0xff, 0xff, 0xf6, 0xcf, 0xff, 0x60, 0x0,
    0xc, 0xff, 0xff, 0xff, 0xf7, 0xaf, 0xff, 0x90,
    0x0, 0x0, 0x0, 0x5, 0xff, 0xf6, 0x6f, 0xff,
    0xd0, 0x0, 0x0, 0x0, 0x6, 0xff, 0xf5, 0x2f,
    0xff, 0xf3, 0x0, 0x0, 0x0, 0x8, 0xff, 0xf3,
    0xc, 0xff, 0xfb, 0x0, 0x0, 0x0, 0xd, 0xff,
    0xf0, 0x4, 0xff, 0xff, 0x90, 0x0, 0x0, 0x9f,
    0xff, 0xa0, 0x0, 0xaf, 0xff, 0xfe, 0xa8, 0xae,
    0xff, 0xff, 0x30, 0x0, 0xc, 0xff, 0xff, 0xff,
    0xff, 0xff, 0xf9, 0x0, 0x0, 0x0, 0x9f, 0xff,
    0xff, 0xff, 0xff, 0x90, 0x0, 0x0, 0x0, 0x2,
    0x9d, 0xff, 0xec, 0x82, 0x0, 0x0,

    /* U+0048 "H" */
    0x6f, 0xff, 0x90, 0x0, 0x0, 0x4, 0xff, 0xfc,
    0x6f, 0xff, 0x90, 0x0, 0x0, 0x4, 0xff, 0xfc,
    0x6f, 0xff, 0x90, 0x0, 0x0, 0x4, 0xff, 0xfc,
    0x6f, 0xff, 0x90, 0x0, 0x0, 0x4, 0xff, 0xfc,
    0x6f, 0xff, 0x90, 0x0, 0x0, 0x4, 0xff, 0xfc,
    0x6f, 0xff, 0x90, 0x0, 0x0, 0x4, 0xff, 0xfc,
    0x6f, 0xff, 0x90, 0x0, 0x0, 0x4, 0xff, 0xfc,
    0x6f, 0xff, 0x90, 0x0, 0x0, 0x4, 0xff, 0xfc,
    0x6f, 0xff, 0x90, 0x0, 0x0, 0x4, 0xff, 0xfc,
    0x6f, 0xff, 0xff, 0xff, 0xff, 0xff, 0xff, 0xfc,
    0x6f, 0xff, 0xff, 0xff, 0xff, 0xff, 0xff, 0xfc,
    0x6f, 0xff, 0xff, 0xff, 0xff, 0xff, 0xff, 0xfc,
    0x6f, 0xff, 0xc7, 0x77, 0x77, 0x79, 0xff, 0xfc,
    0x6f, 0xff, 0x90, 0x0, 0x0, 0x4, 0xff, 0xfc,
    0x6f, 0xff, 0x90, 0x0, 0x0, 0x4, 0xff, 0xfc,
    0x6f, 0xff, 0x90, 0x0, 0x0, 0x4, 0xff, 0xfc,
    0x6f, 0xff, 0x90, 0x0, 0x0, 0x4, 0xff, 0xfc,
    0x6f, 0xff, 0x90, 0x0, 0x0, 0x4, 0xff, 0xfc,
    0x6f, 0xff, 0x90, 0x0, 0x0, 0x4, 0xff, 0xfc,
    0x6f, 0xff, 0x90, 0x0, 0x0, 0x4, 0xff, 0xfc,
    0x6f, 0xff, 0x90, 0x0, 0x0, 0x4, 0xff, 0xfc,
    0x6f, 0xff, 0x90, 0x0, 0x0, 0x4, 0xff, 0xfc,

    /* U+0049 "I" */
    0x7f, 0xff, 0x77, 0xff, 0xf7, 0x7f, 0xff, 0x77,
    0xff, 0xf7, 0x7f, 0xff, 0x77, 0xff, 0xf7, 0x7f,
    0xff, 0x77, 0xff, 0xf7, 0x7f, 0xff, 0x77, 0xff,
    0xf7, 0x7f, 0xff, 0x77, 0xff, 0xf7, 0x7f, 0xff,
    0x77, 0xff, 0xf7, 0x7f, 0xff, 0x77, 0xff, 0xf7,
    0x7f, 0xff, 0x77, 0xff, 0xf7, 0x7f, 0xff, 0x77,
    0xff, 0xf7, 0x7f, 0xff, 0x77, 0xff, 0xf7,

    /* U+004A "J" */
    0x0, 0x0, 0x0, 0xe, 0xff, 0xf2, 0x0, 0x0,
    0x0, 0xe, 0xff, 0xf2, 0x0, 0x0, 0x0, 0xe,
    0xff, 0xf2, 0x0, 0x0, 0x0, 0xe, 0xff, 0xf2,
    0x0, 0x0, 0x0, 0xe, 0xff, 0xf2, 0x0, 0x0,
    0x0, 0xe, 0xff, 0xf2, 0x0, 0x0, 0x0, 0xe,
    0xff, 0xf2, 0x0, 0x0, 0x0, 0xe, 0xff, 0xf2,
    0x0, 0x0, 0x0, 0xe, 0xff, 0xf2, 0x0, 0x0,
    0x0, 0xe, 0xff, 0xf2, 0x0, 0x0, 0x0, 0xe,
    0xff, 0xf2, 0x0, 0x0, 0x0, 0xe, 0xff, 0xf2,
    0x0, 0x0, 0x0, 0xe, 0xff, 0xf2, 0x0, 0x0,
    0x0, 0xe, 0xff, 0xf2, 0x0, 0x0, 0x0, 0xe,
    0xff, 0xf2, 0x0, 0x0, 0x0, 0xe, 0xff, 0xf1,
    0x0, 0x0, 0x0, 0xf, 0xff, 0xf0, 0x0, 0x60,
    0x0, 0x5f, 0xff, 0xd0, 0x3, 0xfb, 0x8a, 0xff,
    0xff, 0x80, 0x9, 0xff, 0xff, 0xff, 0xfe, 0x10,
    0xf, 0xff, 0xff, 0xff, 0xf4, 0x0, 0x5, 0xae,
    0xff, 0xd8, 0x10, 0x0,

    /* U+004B "K" */
    0x6f, 0xff, 0x80, 0x0, 0x0, 0xd, 0xff, 0xfa,
    0x6, 0xff, 0xf8, 0x0, 0x0, 0x8, 0xff, 0xfe,
    0x10, 0x6f, 0xff, 0x80, 0x0, 0x2, 0xff, 0xff,
    0x40, 0x6, 0xff, 0xf8, 0x0, 0x0, 0xcf, 0xff,
    0xa0, 0x0, 0x6f, 0xff, 0x80, 0x0, 0x6f, 0xff,
    0xe0, 0x0, 0x6, 0xff, 0xf8, 0x0, 0x1e, 0xff,
    0xf4, 0x0, 0x0, 0x6f, 0xff, 0x80, 0xa, 0xff,
    0xf9, 0x0, 0x0, 0x6, 0xff, 0xf8, 0x4, 0xff,
    0xfe, 0x0, 0x0, 0x0, 0x6f, 0xff, 0x80, 0xdf,
    0xff, 0x40, 0x0, 0x0, 0x6, 0xff, 0xf8, 0x8f,
    0xff, 0x90, 0x0, 0x0, 0x0, 0x6f, 0xff, 0xbf,
    0xff, 0xd0, 0x0, 0x0, 0x0, 0x6, 0xff, 0xfe,
    0xff, 0xfe, 0x10, 0x0, 0x0, 0x0, 0x6f, 0xff,
    0x8b, 0xff, 0xfb, 0x0, 0x0, 0x0, 0x6, 0xff,
    0xf8, 0x2f, 0xff, 0xf7, 0x0, 0x0, 0x0, 0x6f,
    0xff, 0x80, 0x6f, 0xff, 0xf2, 0x0, 0x0, 0x6,
    0xff, 0xf8, 0x0, 0xcf, 0xff, 0xd0, 0x0, 0x0,
    0x6f, 0xff, 0x80, 0x2, 0xff, 0xff, 0x90, 0x0,
    0x6, 0xff, 0xf8, 0x0, 0x7, 0xff, 0xff, 0x40,
    0x0, 0x6f, 0xff, 0x80, 0x0, 0xc, 0xff, 0xfe,
    0x10, 0x6, 0xff, 0xf8, 0x0, 0x0, 0x2f, 0xff,
    0xfb, 0x0, 0x6f, 0xff, 0x80, 0x0, 0x0, 0x7f,
    0xff, 0xf6, 0x6, 0xff, 0xf8, 0x0, 0x0, 0x0,
    0xcf, 0xff, 0xf2,

    /* U+004C "L" */
    0x6f, 0xff, 0x80, 0x0, 0x0, 0x6, 0xff, 0xf8,
    0x0, 0x0, 0x0, 0x6f, 0xff, 0x80, 0x0, 0x0,
    0x6, 0xff, 0xf8, 0x0, 0x0, 0x0, 0x6f, 0xff,
    0x80, 0x0, 0x0, 0x6, 0xff, 0xf8, 0x0, 0x0,
    0x0, 0x6f, 0xff, 0x80, 0x0, 0x0, 0x6, 0xff,
    0xf8, 0x0, 0x0, 0x0, 0x6f, 0xff, 0x80, 0x0,
    0x0, 0x6, 0xff, 0xf8, 0x0, 0x0, 0x0, 0x6f,
    0xff, 0x80, 0x0, 0x0, 0x6, 0xff, 0xf8, 0x0,
    0x0, 0x0, 0x6f, 0xff, 0x80, 0x0, 0x0, 0x6,
    0xff, 0xf8, 0x0, 0x0, 0x0, 0x6f, 0xff, 0x80,
    0x0, 0x0, 0x6, 0xff, 0xf8, 0x0, 0x0, 0x0,
    0x6f, 0xff, 0x80, 0x0, 0x0, 0x6, 0xff, 0xf8,
    0x0, 0x0, 0x0, 0x6f, 0xff, 0xc7, 0x77, 0x77,
    0x76, 0xff, 0xff, 0xff, 0xff, 0xff, 0x6f, 0xff,
    0xff, 0xff, 0xff, 0xf6, 0xff, 0xff, 0xff, 0xff,
    0xff,

    /* U+004D "M" */
    0x65, 0x0, 0x0, 0x0, 0x0, 0x0, 0x0, 0x0,
    0x2, 0x96, 0xf3, 0x0, 0x0, 0x0, 0x0, 0x0,
    0x0, 0x1, 0xda, 0x6f, 0xe1, 0x0, 0x0, 0x0,
    0x0, 0x0, 0x0, 0xbf, 0xa6, 0xff, 0xd0, 0x0,
    0x0, 0x0, 0x0, 0x0, 0x9f, 0xfa, 0x6f, 0xff,
    0xb0, 0x0, 0x0, 0x0, 0x0, 0x7f, 0xff, 0xa6,
    0xff, 0xff, 0x90, 0x0, 0x0, 0x0, 0x4f, 0xff,
    0xfa, 0x6f, 0xff, 0xff, 0x60, 0x0, 0x0, 0x2f,
    0xff, 0xff, 0xa6, 0xff, 0xff, 0xff, 0x40, 0x0,
    0x1e, 0xff, 0xff, 0xfa, 0x6f, 0xff, 0xff, 0xff,
    0x20, 0xc, 0xff, 0xff, 0xff, 0xa6, 0xff, 0xfb,
    0xff, 0xfd, 0x1a, 0xff, 0xfb, 0xff, 0xfa, 0x6f,
    0xff, 0x5c, 0xff, 0xfe, 0xff, 0xfe, 0x2f, 0xff,
    0xa6, 0xff, 0xf6, 0x1e, 0xff, 0xff, 0xff, 0x32,
    0xff, 0xfa, 0x6f, 0xff, 0x70, 0x2f, 0xff, 0xff,
    0x60, 0x2f, 0xff, 0xa6, 0xff, 0xf7, 0x0, 0x4f,
    0xff, 0x80, 0x2, 0xff, 0xfa, 0x6f, 0xff, 0x70,
    0x0, 0x6f, 0xa0, 0x0, 0x2f, 0xff, 0xa6, 0xff,
    0xf7, 0x0, 0x0, 0x60, 0x0, 0x2, 0xff, 0xfa,
    0x6f, 0xff, 0x70, 0x0, 0x0, 0x0, 0x0, 0x2f,
    0xff, 0xa6, 0xff, 0xf7, 0x0, 0x0, 0x0, 0x0,
    0x2, 0xff, 0xfa, 0x6f, 0xff, 0x70, 0x0, 0x0,
    0x0, 0x0, 0x2f, 0xff, 0xa6, 0xff, 0xf7, 0x0,
    0x0, 0x0, 0x0, 0x2, 0xff, 0xfa, 0x6f, 0xff,
    0x70, 0x0, 0x0, 0x0, 0x0, 0x2f, 0xff, 0xa6,
    0xff, 0xf7, 0x0, 0x0, 0x0, 0x0, 0x2, 0xff,
    0xfa,

    /* U+004E "N" */
    0x65, 0x0, 0x0, 0x0, 0x0, 0x0, 0xef, 0xfe,
    0x6f, 0x40, 0x0, 0x0, 0x0, 0x0, 0xef, 0xfe,
    0x6f, 0xe2, 0x0, 0x0, 0x0, 0x0, 0xef, 0xfe,
    0x6f, 0xfd, 0x10, 0x0, 0x0, 0x0, 0xef, 0xfe,
    0x6f, 0xff, 0xc0, 0x0, 0x0, 0x0, 0xef, 0xfe,
    0x6f, 0xff, 0xfb, 0x0, 0x0, 0x0, 0xef, 0xfe,
    0x6f, 0xff, 0xff, 0x90, 0x0, 0x0, 0xef, 0xfe,
    0x6f, 0xff, 0xff, 0xf6, 0x0, 0x0, 0xef, 0xfe,
    0x6f, 0xff, 0xff, 0xff, 0x40, 0x0, 0xef, 0xfe,
    0x6f, 0xff, 0xbf, 0xff, 0xf3, 0x0, 0xef, 0xfe,
    0x6f, 0xff, 0x5a, 0xff, 0xfe, 0x10, 0xef, 0xfe,
    0x6f, 0xff, 0x60, 0xcf, 0xff, 0xd0, 0xdf, 0xfe,
    0x6f, 0xff, 0x60, 0x1d, 0xff, 0xfb, 0xcf, 0xfe,
    0x6f, 0xff, 0x60, 0x1, 0xef, 0xff, 0xff, 0xfe,
    0x6f, 0xff, 0x60, 0x0, 0x2e, 0xff, 0xff, 0xfe,
    0x6f, 0xff, 0x60, 0x0, 0x3, 0xff, 0xff, 0xfe,
    0x6f, 0xff, 0x60, 0x0, 0x0, 0x5f, 0xff, 0xfe,
    0x6f, 0xff, 0x60, 0x0, 0x0, 0x6, 0xff, 0xfe,
    0x6f, 0xff, 0x60, 0x0, 0x0, 0x0, 0x8f, 0xfe,
    0x6f, 0xff, 0x60, 0x0, 0x0, 0x0, 0xa, 0xfe,
    0x6f, 0xff, 0x60, 0x0, 0x0, 0x0, 0x0, 0xbe,
    0x6f, 0xff, 0x60, 0x0, 0x0, 0x0, 0x0, 0xb,

    /* U+004F "O" */
    0x0, 0x0, 0x4, 0xad, 0xff, 0xeb, 0x60, 0x0,
    0x0, 0x0, 0x0, 0x2c, 0xff, 0xff, 0xff, 0xff,
    0xe5, 0x0, 0x0, 0x0, 0x2e, 0xff, 0xff, 0xff,
    0xff, 0xff, 0xf6, 0x0, 0x0, 0xd, 0xff, 0xff,
    0x95, 0x47, 0xef, 0xff, 0xf3, 0x0, 0x6, 0xff,
    0xff, 0x30, 0x0, 0x1, 0xcf, 0xff, 0xd0, 0x0,
    0xdf, 0xff, 0x70, 0x0, 0x0, 0x1, 0xff, 0xff,
    0x40, 0x3f, 0xff, 0xf0, 0x0, 0x0, 0x0, 0x9,
    0xff, 0xf9, 0x7, 0xff, 0xfb, 0x0, 0x0, 0x0,
    0x0, 0x4f, 0xff, 0xd0, 0x9f, 0xff, 0x80, 0x0,
    0x0, 0x0, 0x1, 0xff, 0xff, 0xb, 0xff, 0xf6,
    0x0, 0x0, 0x0, 0x0, 0xf, 0xff, 0xf1, 0xcf,
    0xff, 0x60, 0x0, 0x0, 0x0, 0x0, 0xff, 0xff,
    0x2c, 0xff, 0xf6, 0x0, 0x0, 0x0, 0x0, 0xf,
    0xff, 0xf2, 0xbf, 0xff, 0x70, 0x0, 0x0, 0x0,
    0x0, 0xff, 0xff, 0x19, 0xff, 0xf9, 0x0, 0x0,
    0x0, 0x0, 0x2f, 0xff, 0xf0, 0x7f, 0xff, 0xc0,
    0x0, 0x0, 0x0, 0x6, 0xff, 0xfd, 0x3, 0xff,
    0xff, 0x10, 0x0, 0x0, 0x0, 0xbf, 0xff, 0x90,
    0xe, 0xff, 0xf9, 0x0, 0x0, 0x0, 0x3f, 0xff,
    0xf4, 0x0, 0x6f, 0xff, 0xf6, 0x0, 0x0, 0x2e,
    0xff, 0xfc, 0x0, 0x0, 0xcf, 0xff, 0xfc, 0x76,
    0x9f, 0xff, 0xff, 0x30, 0x0, 0x2, 0xef, 0xff,
    0xff, 0xff, 0xff, 0xff, 0x60, 0x0, 0x0, 0x1,
    0xbf, 0xff, 0xff, 0xff, 0xfe, 0x50, 0x0, 0x0,
    0x0, 0x0, 0x4a, 0xdf, 0xfe, 0xb6, 0x0, 0x0,
    0x0,

    /* U+0050 "P" */
    0x6f, 0xff, 0xff, 0xfe, 0xc9, 0x30, 0x0, 0x6,
    0xff, 0xff, 0xff, 0xff, 0xff, 0xb1, 0x0, 0x6f,
    0xff, 0xff, 0xff, 0xff, 0xff, 0xd0, 0x6, 0xff,
    0xfa, 0x23, 0x5a, 0xff, 0xff, 0x80, 0x6f, 0xff,
    0x90, 0x0, 0x8, 0xff, 0xfe, 0x6, 0xff, 0xf9,
    0x0, 0x0, 0xf, 0xff, 0xf2, 0x6f, 0xff, 0x90,
    0x0, 0x0, 0xcf, 0xff, 0x46, 0xff, 0xf9, 0x0,
    0x0, 0xa, 0xff, 0xf5, 0x6f, 0xff, 0x90, 0x0,
    0x0, 0xbf, 0xff, 0x46, 0xff, 0xf9, 0x0, 0x0,
    0xd, 0xff, 0xf2, 0x6f, 0xff, 0x90, 0x0, 0x2,
    0xff, 0xfe, 0x6, 0xff, 0xf9, 0x0, 0x0, 0xbf,
    0xff, 0x90, 0x6f, 0xff, 0xb4, 0x57, 0xdf, 0xff,
    0xf1, 0x6, 0xff, 0xff, 0xff, 0xff, 0xff, 0xf5,
    0x0, 0x6f, 0xff, 0xff, 0xff, 0xff, 0xf5, 0x0,
    0x6, 0xff, 0xff, 0xff, 0xfc, 0x81, 0x0, 0x0,
    0x6f, 0xff, 0x90, 0x0, 0x0, 0x0, 0x0, 0x6,
    0xff, 0xf9, 0x0, 0x0, 0x0, 0x0, 0x0, 0x6f,
    0xff, 0x90, 0x0, 0x0, 0x0, 0x0, 0x6, 0xff,
    0xf9, 0x0, 0x0, 0x0, 0x0, 0x0, 0x6f, 0xff,
    0x90, 0x0, 0x0, 0x0, 0x0, 0x6, 0xff, 0xf9,
    0x0, 0x0, 0x0, 0x0, 0x0,

    /* U+0051 "Q" */
    0x0, 0x0, 0x4, 0xad, 0xff, 0xeb, 0x60, 0x0,
    0x0, 0x0, 0x0, 0x2c, 0xff, 0xff, 0xff, 0xff,
    0xe5, 0x0, 0x0, 0x0, 0x2e, 0xff, 0xff, 0xff,
    0xff, 0xff, 0xf6, 0x0, 0x0, 0xd, 0xff, 0xff,
    0x95, 0x47, 0xef, 0xff, 0xf3, 0x0, 0x6, 0xff,
    0xff, 0x30, 0x0, 0x1, 0xcf, 0xff, 0xd0, 0x0,
    0xdf, 0xff, 0x70, 0x0, 0x0, 0x1, 0xff, 0xff,
    0x40, 0x3f, 0xff, 0xf0, 0x0, 0x0, 0x0, 0x9,
    0xff, 0xf9, 0x7, 0xff, 0xfb, 0x0, 0x0, 0x0,
    0x0, 0x4f, 0xff, 0xd0, 0x9f, 0xff, 0x80, 0x0,
    0x0, 0x0, 0x1, 0xff, 0xff, 0xb, 0xff, 0xf6,
    0x0, 0x0, 0x0, 0x0, 0xf, 0xff, 0xf1, 0xcf,
    0xff, 0x60, 0x0, 0x0, 0x0, 0x0, 0xff, 0xff,
    0x2c, 0xff, 0xf6, 0x0, 0x0, 0x0, 0x0, 0xf,
    0xff, 0xf2, 0xbf, 0xff, 0x70, 0x0, 0x0, 0x0,
    0x0, 0xff, 0xff, 0x19, 0xff, 0xf9, 0x0, 0x0,
    0x0, 0x0, 0x2f, 0xff, 0xf0, 0x7f, 0xff, 0xc0,
    0x0, 0x0, 0x0, 0x6, 0xff, 0xfd, 0x3, 0xff,
    0xff, 0x10, 0x0, 0x0, 0x0, 0xbf, 0xff, 0x90,
    0xe, 0xff, 0xf9, 0x0, 0x0, 0x0, 0x3f, 0xff,
    0xf3, 0x0, 0x6f, 0xff, 0xf6, 0x0, 0x0, 0x2e,
    0xff, 0xfc, 0x0, 0x0, 0xcf, 0xff, 0xfc, 0x76,
    0x9f, 0xff, 0xff, 0x30, 0x0, 0x2, 0xef, 0xff,
    0xff, 0xff, 0xff, 0xff, 0x60, 0x0, 0x0, 0x1,
    0xbf, 0xff, 0xff, 0xff, 0xfe, 0x50, 0x0, 0x0,
    0x0, 0x0, 0x4a, 0xdf, 0xff, 0xff, 0x50, 0x0,
    0x0, 0x0, 0x0, 0x0, 0x0, 0x3, 0xff, 0xfd,
    0x0, 0x0, 0x0, 0x0, 0x0, 0x0, 0x0, 0xc,
    0xff, 0xf8, 0x0, 0x0, 0x0, 0x0, 0x0, 0x0,
    0x0, 0x4f, 0xff, 0xf2, 0x0, 0x0, 0x0, 0x0,
    0x0, 0x0, 0x0, 0xdf, 0xfa, 0x10, 0x0, 0x0,
    0x0, 0x0, 0x0, 0x0, 0x5, 0xb2, 0x0, 0x0,
    0x0, 0x0, 0x0, 0x0, 0x0, 0x0, 0x0, 0x0,
    0x0, 0x0,

    /* U+0052 "R" */
    0x6f, 0xff, 0xff, 0xff, 0xda, 0x50, 0x0, 0x6,
    0xff, 0xff, 0xff, 0xff, 0xff, 0xd2, 0x0, 0x6f,
    0xff, 0xff, 0xff, 0xff, 0xff, 0xe1, 0x6, 0xff,
    0xf9, 0x22, 0x49, 0xff, 0xff, 0x90, 0x6f, 0xff,
    0x80, 0x0, 0x6, 0xff, 0xff, 0x6, 0xff, 0xf8,
    0x0, 0x0, 0xe, 0xff, 0xf3, 0x6f, 0xff, 0x80,
    0x0, 0x0, 0xbf, 0xff, 0x46, 0xff, 0xf8, 0x0,
    0x0, 0xa, 0xff, 0xf4, 0x6f, 0xff, 0x80, 0x0,
    0x0, 0xcf, 0xff, 0x26, 0xff, 0xf8, 0x0, 0x0,
    0x1f, 0xff, 0xf0, 0x6f, 0xff, 0x80, 0x0, 0xa,
    0xff, 0xf9, 0x6, 0xff, 0xf8, 0x0, 0x2a, 0xff,
    0xff, 0x20, 0x6f, 0xff, 0xff, 0xff, 0xff, 0xff,
    0x60, 0x6, 0xff, 0xff, 0xff, 0xff, 0xfe, 0x40,
    0x0, 0x6f, 0xff, 0xbf, 0xff, 0xf9, 0x0, 0x0,
    0x6, 0xff, 0xf8, 0x6f, 0xff, 0xf2, 0x0, 0x0,
    0x6f, 0xff, 0x80, 0xbf, 0xff, 0xd0, 0x0, 0x6,
    0xff, 0xf8, 0x1, 0xef, 0xff, 0x90, 0x0, 0x6f,
    0xff, 0x80, 0x5, 0xff, 0xff, 0x50, 0x6, 0xff,
    0xf8, 0x0, 0xa, 0xff, 0xff, 0x20, 0x6f, 0xff,
    0x80, 0x0, 0x1e, 0xff, 0xfc, 0x6, 0xff, 0xf8,
    0x0, 0x0, 0x4f, 0xff, 0xf8,

    /* U+0053 "S" */
    0x0, 0x1, 0x8c, 0xef, 0xeb, 0x60, 0x0, 0x0,
    0x5f, 0xff, 0xff, 0xff, 0xfd, 0x30, 0x3, 0xff,
    0xff, 0xff, 0xff, 0xff, 0x80, 0xa, 0xff, 0xff,
    0x75, 0x7e, 0xfe, 0x0, 0xf, 0xff, 0xf4, 0x0,
    0x0, 0x96, 0x0, 0x1f, 0xff, 0xf0, 0x0, 0x0,
    0x0, 0x0, 0xf, 0xff, 0xf1, 0x0, 0x0, 0x0,
    0x0, 0xd, 0xff, 0xfb, 0x0, 0x0, 0x0, 0x0,
    0x7, 0xff, 0xff, 0xb2, 0x0, 0x0, 0x0, 0x0,
    0xcf, 0xff, 0xff, 0x70, 0x0, 0x0, 0x0, 0xb,
    0xff, 0xff, 0xfd, 0x30, 0x0, 0x0, 0x0, 0x7f,
    0xff, 0xff, 0xf7, 0x0, 0x0, 0x0, 0x2, 0xbf,
    0xff, 0xff, 0x50, 0x0, 0x0, 0x0, 0x5, 0xff,
    0xff, 0xe0, 0x0, 0x0, 0x0, 0x0, 0x3f, 0xff,
    0xf5, 0x0, 0x0, 0x0, 0x0, 0x9, 0xff, 0xf7,
    0x1, 0x20, 0x0, 0x0, 0x9, 0xff, 0xf7, 0x9,
    0xe6, 0x0, 0x0, 0x1e, 0xff, 0xf5, 0x1f, 0xff,
    0xd8, 0x68, 0xef, 0xff, 0xf1, 0x6f, 0xff, 0xff,
    0xff, 0xff, 0xff, 0x80, 0x7, 0xff, 0xff, 0xff,
    0xff, 0xf9, 0x0, 0x0, 0x17, 0xbe, 0xff, 0xd9,
    0x30, 0x0,

    /* U+0054 "T" */
    0x7f, 0xff, 0xff, 0xff, 0xff, 0xff, 0xff, 0x87,
    0xff, 0xff, 0xff, 0xff, 0xff, 0xff, 0xf8, 0x7f,
    0xff, 0xff, 0xff, 0xff, 0xff, 0xff, 0x83, 0x88,
    0x88, 0xcf, 0xff, 0xc8, 0x88, 0x84, 0x0, 0x0,
    0x7, 0xff, 0xf8, 0x0, 0x0, 0x0, 0x0, 0x0,
    0x7f, 0xff, 0x80, 0x0, 0x0, 0x0, 0x0, 0x7,
    0xff, 0xf8, 0x0, 0x0, 0x0, 0x0, 0x0, 0x7f,
    0xff, 0x80, 0x0, 0x0, 0x0, 0x0, 0x7, 0xff,
    0xf8, 0x0, 0x0, 0x0, 0x0, 0x0, 0x7f, 0xff,
    0x80, 0x0, 0x0, 0x0, 0x0, 0x7, 0xff, 0xf8,
    0x0, 0x0, 0x0, 0x0, 0x0, 0x7f, 0xff, 0x80,
    0x0, 0x0, 0x0, 0x0, 0x7, 0xff, 0xf8, 0x0,
    0x0, 0x0, 0x0, 0x0, 0x7f, 0xff, 0x80, 0x0,
    0x0, 0x0, 0x0, 0x7, 0xff, 0xf8, 0x0, 0x0,
    0x0, 0x0, 0x0, 0x7f, 0xff, 0x80, 0x0, 0x0,
    0x0, 0x0, 0x7, 0xff, 0xf8, 0x0, 0x0, 0x0,
    0x0, 0x0, 0x7f, 0xff, 0x80, 0x0, 0x0, 0x0,
    0x0, 0x7, 0xff, 0xf8, 0x0, 0x0, 0x0, 0x0,
    0x0, 0x7f, 0xff, 0x80, 0x0, 0x0, 0x0, 0x0,
    0x7, 0xff, 0xf8, 0x0, 0x0, 0x0, 0x0, 0x0,
    0x7f, 0xff, 0x80, 0x0, 0x0,

    /* U+0055 "U" */
    0xff, 0xff, 0x10, 0x0, 0x0, 0xd, 0xff, 0xf3,
    0xff, 0xff, 0x10, 0x0, 0x0, 0xd, 0xff, 0xf3,
    0xff, 0xff, 0x10, 0x0, 0x0, 0xd, 0xff, 0xf3,
    0xff, 0xff, 0x10, 0x0, 0x0, 0xd, 0xff, 0xf3,
    0xff, 0xff, 0x10, 0x0, 0x0, 0xd, 0xff, 0xf3,
    0xff, 0xff, 0x10, 0x0, 0x0, 0xd, 0xff, 0xf3,
    0xff, 0xff, 0x10, 0x0, 0x0, 0xd, 0xff, 0xf3,
    0xff, 0xff, 0x10, 0x0, 0x0, 0xd, 0xff, 0xf3,
    0xff, 0xff, 0x10, 0x0, 0x0, 0xd, 0xff, 0xf3,
    0xff, 0xff, 0x10, 0x0, 0x0, 0xd, 0xff, 0xf3,
    0xff, 0xff, 0x10, 0x0, 0x0, 0xd, 0xff, 0xf3,
    0xff, 0xff, 0x10, 0x0, 0x0, 0xd, 0xff, 0xf3,
    0xff, 0xff, 0x10, 0x0, 0x0, 0xd, 0xff, 0xf3,
    0xff, 0xff, 0x10, 0x0, 0x0, 0xd, 0xff, 0xf3,
    0xef, 0xff, 0x10, 0x0, 0x0, 0xd, 0xff, 0xf2,
    0xdf, 0xff, 0x20, 0x0, 0x0, 0xe, 0xff, 0xf1,
    0xbf, 0xff, 0x60, 0x0, 0x0, 0x2f, 0xff, 0xe0,
    0x7f, 0xff, 0xe2, 0x0, 0x0, 0xbf, 0xff, 0xb0,
    0x1f, 0xff, 0xff, 0xa7, 0x8e, 0xff, 0xff, 0x40,
    0x6, 0xff, 0xff, 0xff, 0xff, 0xff, 0xfa, 0x0,
    0x0, 0x6f, 0xff, 0xff, 0xff, 0xff, 0xa0, 0x0,
    0x0, 0x1, 0x7c, 0xef, 0xfd, 0x93, 0x0, 0x0,

    /* U+0056 "V" */
    0x2f, 0xff, 0xf2, 0x0, 0x0, 0x0, 0x1, 0xff,
    0xff, 0x20, 0xbf, 0xff, 0x80, 0x0, 0x0, 0x0,
    0x6f, 0xff, 0xb0, 0x5, 0xff, 0xfe, 0x0, 0x0,
    0x0, 0xc, 0xff, 0xf5, 0x0, 0xe, 0xff, 0xf3,
    0x0, 0x0, 0x1, 0xff, 0xfe, 0x0, 0x0, 0x8f,
    0xff, 0x90, 0x0, 0x0, 0x7f, 0xff, 0x90, 0x0,
    0x2, 0xff, 0xfe, 0x0, 0x0, 0xc, 0xff, 0xf2,
    0x0, 0x0, 0xc, 0xff, 0xf4, 0x0, 0x2, 0xff,
    0xfc, 0x0, 0x0, 0x0, 0x6f, 0xff, 0xa0, 0x0,
    0x7f, 0xff, 0x60, 0x0, 0x0, 0x0, 0xff, 0xff,
    0x0, 0xd, 0xff, 0xf0, 0x0, 0x0, 0x0, 0x9,
    0xff, 0xf5, 0x2, 0xff, 0xfa, 0x0, 0x0, 0x0,
    0x0, 0x3f, 0xff, 0xb0, 0x7f, 0xff, 0x30, 0x0,
    0x0, 0x0, 0x0, 0xdf, 0xff, 0xc, 0xff, 0xd0,
    0x0, 0x0, 0x0, 0x0, 0x6, 0xff, 0xf7, 0xff,
    0xf7, 0x0, 0x0, 0x0, 0x0, 0x0, 0x1f, 0xff,
    0xff, 0xff, 0x10, 0x0, 0x0, 0x0, 0x0, 0x0,
    0xaf, 0xff, 0xff, 0xa0, 0x0, 0x0, 0x0, 0x0,
    0x0, 0x4, 0xff, 0xff, 0xf4, 0x0, 0x0, 0x0,
    0x0, 0x0, 0x0, 0xd, 0xff, 0xfe, 0x0, 0x0,
    0x0, 0x0, 0x0, 0x0, 0x0, 0x7f, 0xff, 0x80,
    0x0, 0x0, 0x0, 0x0, 0x0, 0x0, 0x1, 0xff,
    0xf2, 0x0, 0x0, 0x0, 0x0, 0x0, 0x0, 0x0,
    0xb, 0xfb, 0x0, 0x0, 0x0, 0x0, 0x0, 0x0,
    0x0, 0x0, 0x4f, 0x50, 0x0, 0x0, 0x0, 0x0,
    0x0, 0x0, 0x0, 0x0, 0xd0, 0x0, 0x0, 0x0,
    0x0,

    /* U+0057 "W" */
    0x2f, 0xff, 0xf1, 0x0, 0x0, 0x0, 0xd, 0x0,
    0x0, 0x0, 0x4, 0xff, 0xff, 0x0, 0xdf, 0xff,
    0x60, 0x0, 0x0, 0x4, 0xf4, 0x0, 0x0, 0x0,
    0x8f, 0xff, 0xa0, 0x7, 0xff, 0xfb, 0x0, 0x0,
    0x0, 0xaf, 0xa0, 0x0, 0x0, 0xc, 0xff, 0xf5,
    0x0, 0x2f, 0xff, 0xf0, 0x0, 0x0, 0xf, 0xff,
    0x0, 0x0, 0x1, 0xff, 0xff, 0x0, 0x0, 0xdf,
    0xff, 0x40, 0x0, 0x5, 0xff, 0xf6, 0x0, 0x0,
    0x5f, 0xff, 0xa0, 0x0, 0x8, 0xff, 0xf9, 0x0,
    0x0, 0xbf, 0xff, 0xb0, 0x0, 0xa, 0xff, 0xf5,
    0x0, 0x0, 0x2f, 0xff, 0xe0, 0x0, 0x1f, 0xff,
    0xff, 0x10, 0x0, 0xef, 0xff, 0x0, 0x0, 0x0,
    0xdf, 0xff, 0x20, 0x6, 0xff, 0xff, 0xf7, 0x0,
    0x3f, 0xff, 0xb0, 0x0, 0x0, 0x8, 0xff, 0xf7,
    0x0, 0xcf, 0xff, 0xff, 0xd0, 0x7, 0xff, 0xf5,
    0x0, 0x0, 0x0, 0x3f, 0xff, 0xc0, 0x2f, 0xff,
    0xdf, 0xff, 0x30, 0xcf, 0xff, 0x10, 0x0, 0x0,
    0x0, 0xdf, 0xff, 0x17, 0xff, 0xf2, 0xff, 0xf8,
    0xf, 0xff, 0xb0, 0x0, 0x0, 0x0, 0x8, 0xff,
    0xf5, 0xdf, 0xf9, 0xb, 0xff, 0xe5, 0xff, 0xf6,
    0x0, 0x0, 0x0, 0x0, 0x3f, 0xff, 0xdf, 0xff,
    0x30, 0x5f, 0xff, 0xdf, 0xff, 0x10, 0x0, 0x0,
    0x0, 0x0, 0xef, 0xff, 0xff, 0xc0, 0x0, 0xef,
    0xff, 0xff, 0xb0, 0x0, 0x0, 0x0, 0x0, 0x8,
    0xff, 0xff, 0xf6, 0x0, 0x8, 0xff, 0xff, 0xf6,
    0x0, 0x0, 0x0, 0x0, 0x0, 0x3f, 0xff, 0xff,
    0x0, 0x0, 0x2f, 0xff, 0xff, 0x10, 0x0, 0x0,
    0x0, 0x0, 0x0, 0xef, 0xff, 0x90, 0x0, 0x0,
    0xbf, 0xff, 0xc0, 0x0, 0x0, 0x0, 0x0, 0x0,
    0x9, 0xff, 0xf3, 0x0, 0x0, 0x5, 0xff, 0xf7,
    0x0, 0x0, 0x0, 0x0, 0x0, 0x0, 0x3f, 0xfd,
    0x0, 0x0, 0x0, 0xe, 0xff, 0x10, 0x0, 0x0,
    0x0, 0x0, 0x0, 0x0, 0xef, 0x60, 0x0, 0x0,
    0x0, 0x8f, 0xc0, 0x0, 0x0, 0x0, 0x0, 0x0,
    0x0, 0x9, 0xf1, 0x0, 0x0, 0x0, 0x2, 0xf7,
    0x0, 0x0, 0x0, 0x0, 0x0, 0x0, 0x0, 0x4a,
    0x0, 0x0, 0x0, 0x0, 0xb, 0x20, 0x0, 0x0,
    0x0,

    /* U+0058 "X" */
    0x5f, 0xff, 0xf4, 0x0, 0x0, 0x0, 0xaf, 0xff,
    0xd0, 0xc, 0xff, 0xfb, 0x0, 0x0, 0x1, 0xff,
    0xff, 0x50, 0x4, 0xff, 0xff, 0x20, 0x0, 0x8,
    0xff, 0xfd, 0x0, 0x0, 0xcf, 0xff, 0xa0, 0x0,
    0xe, 0xff, 0xf5, 0x0, 0x0, 0x3f, 0xff, 0xf1,
    0x0, 0x6f, 0xff, 0xc0, 0x0, 0x0, 0xb, 0xff,
    0xf8, 0x0, 0xdf, 0xff, 0x40, 0x0, 0x0, 0x3,
    0xff, 0xff, 0x4, 0xff, 0xfc, 0x0, 0x0, 0x0,
    0x0, 0xaf, 0xff, 0x7b, 0xff, 0xf4, 0x0, 0x0,
    0x0, 0x0, 0x2f, 0xff, 0xef, 0xff, 0xc0, 0x0,
    0x0, 0x0, 0x0, 0x9, 0xff, 0xff, 0xff, 0x40,
    0x0, 0x0, 0x0, 0x0, 0x2, 0xff, 0xff, 0xfc,
    0x0, 0x0, 0x0, 0x0, 0x0, 0x6, 0xff, 0xff,
    0xfb, 0x0, 0x0, 0x0, 0x0, 0x0, 0xe, 0xff,
    0xff, 0xff, 0x30, 0x0, 0x0, 0x0, 0x0, 0x6f,
    0xff, 0xef, 0xff, 0xc0, 0x0, 0x0, 0x0, 0x0,
    0xef, 0xff, 0x3e, 0xff, 0xf4, 0x0, 0x0, 0x0,
    0x6, 0xff, 0xfc, 0x7, 0xff, 0xfc, 0x0, 0x0,
    0x0, 0xe, 0xff, 0xf5, 0x0, 0xff, 0xff, 0x50,
    0x0, 0x0, 0x6f, 0xff, 0xe0, 0x0, 0x8f, 0xff,
    0xd0, 0x0, 0x0, 0xef, 0xff, 0x70, 0x0, 0x1f,
    0xff, 0xf6, 0x0, 0x6, 0xff, 0xff, 0x10, 0x0,
    0xa, 0xff, 0xfe, 0x0, 0xe, 0xff, 0xf9, 0x0,
    0x0, 0x2, 0xff, 0xff, 0x70, 0x7f, 0xff, 0xf2,
    0x0, 0x0, 0x0, 0xbf, 0xff, 0xe1,

    /* U+0059 "Y" */
    0x3f, 0xff, 0xf2, 0x0, 0x0, 0x0, 0x6, 0xff,
    0xfd, 0x0, 0xbf, 0xff, 0x90, 0x0, 0x0, 0x0,
    0xdf, 0xff, 0x60, 0x2, 0xff, 0xff, 0x10, 0x0,
    0x0, 0x5f, 0xff, 0xd0, 0x0, 0xa, 0xff, 0xf9,
    0x0, 0x0, 0xc, 0xff, 0xf5, 0x0, 0x0, 0x2f,
    0xff, 0xf1, 0x0, 0x4, 0xff, 0xfd, 0x0, 0x0,
    0x0, 0x9f, 0xff, 0x80, 0x0, 0xbf, 0xff, 0x50,
    0x0, 0x0, 0x1, 0xff, 0xff, 0x0, 0x2f, 0xff,
    0xd0, 0x0, 0x0, 0x0, 0x9, 0xff, 0xf7, 0x9,
    0xff, 0xf5, 0x0, 0x0, 0x0, 0x0, 0x1f, 0xff,
    0xe2, 0xff, 0xfd, 0x0, 0x0, 0x0, 0x0, 0x0,
    0x8f, 0xff, 0xdf, 0xff, 0x50, 0x0, 0x0, 0x0,
    0x0, 0x1, 0xef, 0xff, 0xff, 0xc0, 0x0, 0x0,
    0x0, 0x0, 0x0, 0x7, 0xff, 0xff, 0xf4, 0x0,
    0x0, 0x0, 0x0, 0x0, 0x0, 0xe, 0xff, 0xfc,
    0x0, 0x0, 0x0, 0x0, 0x0, 0x0, 0x0, 0xaf,
    0xff, 0x50, 0x0, 0x0, 0x0, 0x0, 0x0, 0x0,
    0xa, 0xff, 0xf5, 0x0, 0x0, 0x0, 0x0, 0x0,
    0x0, 0x0, 0xaf, 0xff, 0x50, 0x0, 0x0, 0x0,
    0x0, 0x0, 0x0, 0xa, 0xff, 0xf5, 0x0, 0x0,
    0x0, 0x0, 0x0, 0x0, 0x0, 0xaf, 0xff, 0x50,
    0x0, 0x0, 0x0, 0x0, 0x0, 0x0, 0xa, 0xff,
    0xf5, 0x0, 0x0, 0x0, 0x0, 0x0, 0x0, 0x0,
    0xaf, 0xff, 0x50, 0x0, 0x0, 0x0, 0x0, 0x0,
    0x0, 0xa, 0xff, 0xf5, 0x0, 0x0, 0x0, 0x0,
    0x0, 0x0, 0x0, 0xaf, 0xff, 0x50, 0x0, 0x0,
    0x0,

    /* U+005A "Z" */
    0x0, 0xff, 0xff, 0xff, 0xff, 0xff, 0xff, 0xf2,
    0x0, 0xff, 0xff, 0xff, 0xff, 0xff, 0xff, 0xb0,
    0x0, 0xff, 0xff, 0xff, 0xff, 0xff, 0xff, 0x30,
    0x0, 0x66, 0x66, 0x66, 0x6c, 0xff, 0xfc, 0x0,
    0x0, 0x0, 0x0, 0x0, 0xe, 0xff, 0xf5, 0x0,
    0x0, 0x0, 0x0, 0x0, 0x7f, 0xff, 0xd0, 0x0,
    0x0, 0x0, 0x0, 0x0, 0xef, 0xff, 0x60, 0x0,
    0x0, 0x0, 0x0, 0x5, 0xff, 0xfe, 0x0, 0x0,
    0x0, 0x0, 0x0, 0xd, 0xff, 0xf7, 0x0, 0x0,
    0x0, 0x0, 0x0, 0x4f, 0xff, 0xf1, 0x0, 0x0,
    0x0, 0x0, 0x0, 0xcf, 0xff, 0x90, 0x0, 0x0,
    0x0, 0x0, 0x3, 0xff, 0xff, 0x20, 0x0, 0x0,
    0x0, 0x0, 0xa, 0xff, 0xfa, 0x0, 0x0, 0x0,
    0x0, 0x0, 0x2f, 0xff, 0xf3, 0x0, 0x0, 0x0,
    0x0, 0x0, 0x9f, 0xff, 0xc0, 0x0, 0x0, 0x0,
    0x0, 0x1, 0xff, 0xff, 0x40, 0x0, 0x0, 0x0,
    0x0, 0x8, 0xff, 0xfd, 0x0, 0x0, 0x0, 0x0,
    0x0, 0xe, 0xff, 0xf6, 0x0, 0x0, 0x0, 0x0,
    0x0, 0x7f, 0xff, 0xf6, 0x66, 0x66, 0x66, 0x60,
    0x0, 0xef, 0xff, 0xff, 0xff, 0xff, 0xff, 0xf0,
    0x5, 0xff, 0xff, 0xff, 0xff, 0xff, 0xff, 0xf0,
    0xd, 0xff, 0xff, 0xff, 0xff, 0xff, 0xff, 0xf0,

    /* U+005B "[" */
    0xcf, 0xff, 0xff, 0xf9, 0xcf, 0xff, 0xff, 0xf9,
    0xcf, 0xfc, 0x44, 0x42, 0xcf, 0xfa, 0x0, 0x0,
    0xcf, 0xfa, 0x0, 0x0, 0xcf, 0xfa, 0x0, 0x0,
    0xcf, 0xfa, 0x0, 0x0, 0xcf, 0xfa, 0x0, 0x0,
    0xcf, 0xfa, 0x0, 0x0, 0xcf, 0xfa, 0x0, 0x0,
    0xcf, 0xfa, 0x0, 0x0, 0xcf, 0xfa, 0x0, 0x0,
    0xcf, 0xfa, 0x0, 0x0, 0xcf, 0xfa, 0x0, 0x0,
    0xcf, 0xfa, 0x0, 0x0, 0xcf, 0xfa, 0x0, 0x0,
    0xcf, 0xfa, 0x0, 0x0, 0xcf, 0xfa, 0x0, 0x0,
    0xcf, 0xfa, 0x0, 0x0, 0xcf, 0xfa, 0x0, 0x0,
    0xcf, 0xfa, 0x0, 0x0, 0xcf, 0xfa, 0x0, 0x0,
    0xcf, 0xfa, 0x0, 0x0, 0xcf, 0xfa, 0x0, 0x0,
    0xcf, 0xfa, 0x0, 0x0, 0xcf, 0xfa, 0x0, 0x0,
    0xcf, 0xfa, 0x0, 0x0, 0xcf, 0xfc, 0x44, 0x42,
    0xcf, 0xff, 0xff, 0xf9, 0xcf, 0xff, 0xff, 0xf9,

    /* U+005C "\\" */
    0x6f, 0xf9, 0x0, 0x0, 0x0, 0x0, 0x2, 0xff,
    0xe0, 0x0, 0x0, 0x0, 0x0, 0xd, 0xff, 0x20,
    0x0, 0x0, 0x0, 0x0, 0x9f, 0xf7, 0x0, 0x0,
    0x0, 0x0, 0x4, 0xff, 0xb0, 0x0, 0x0, 0x0,
    0x0, 0xf, 0xff, 0x0, 0x0, 0x0, 0x0, 0x0,
    0xbf, 0xf4, 0x0, 0x0, 0x0, 0x0, 0x7, 0xff,
    0x90, 0x0, 0x0, 0x0, 0x0, 0x2f, 0xfd, 0x0,
    0x0, 0x0, 0x0, 0x0, 0xef, 0xf2, 0x0, 0x0,
    0x0, 0x0, 0x9, 0xff, 0x60, 0x0, 0x0, 0x0,
    0x0, 0x5f, 0xfb, 0x0, 0x0, 0x0, 0x0, 0x1,
    0xff, 0xf0, 0x0, 0x0, 0x0, 0x0, 0xc, 0xff,
    0x40, 0x0, 0x0, 0x0, 0x0, 0x8f, 0xf8, 0x0,
    0x0, 0x0, 0x0, 0x3, 0xff, 0xd0, 0x0, 0x0,
    0x0, 0x0, 0xe, 0xff, 0x10, 0x0, 0x0, 0x0,
    0x0, 0xaf, 0xf6, 0x0, 0x0, 0x0, 0x0, 0x6,
    0xff, 0xa0, 0x0, 0x0, 0x0, 0x0, 0x1f, 0xfe,
    0x0, 0x0, 0x0, 0x0, 0x0, 0xdf, 0xf3, 0x0,
    0x0, 0x0, 0x0, 0x8, 0xff, 0x80, 0x0, 0x0,
    0x0, 0x0, 0x4f, 0xfc, 0x0, 0x0, 0x0, 0x0,
    0x0, 0xff, 0xf1, 0x0, 0x0, 0x0, 0x0, 0xb,
    0xff, 0x50, 0x0, 0x0, 0x0, 0x0, 0x6f, 0xf9,
    0x0, 0x0, 0x0, 0x0, 0x2, 0xff, 0xe0, 0x0,
    0x0, 0x0, 0x0, 0xd, 0xff, 0x20, 0x0, 0x0,
    0x0, 0x0, 0x9f, 0xf7, 0x0, 0x0, 0x0, 0x0,
    0x4, 0xff, 0xb0, 0x0, 0x0, 0x0, 0x0, 0xf,
    0xff, 0x0, 0x0, 0x0, 0x0, 0x0, 0xbf, 0xf4,
    0x0, 0x0, 0x0, 0x0, 0x7, 0xff, 0x90,

    /* U+005D "]" */
    0xaf, 0xff, 0xff, 0xfb, 0xaf, 0xff, 0xff, 0xfb,
    0x24, 0x44, 0xcf, 0xfb, 0x0, 0x0, 0xbf, 0xfb,
    0x0, 0x0, 0xbf, 0xfb, 0x0, 0x0, 0xbf, 0xfb,
    0x0, 0x0, 0xbf, 0xfb, 0x0, 0x0, 0xbf, 0xfb,
    0x0, 0x0, 0xbf, 0xfb, 0x0, 0x0, 0xbf, 0xfb,
    0x0, 0x0, 0xbf, 0xfb, 0x0, 0x0, 0xbf, 0xfb,
    0x0, 0x0, 0xbf, 0xfb, 0x0, 0x0, 0xbf, 0xfb,
    0x0, 0x0, 0xbf, 0xfb, 0x0, 0x0, 0xbf, 0xfb,
    0x0, 0x0, 0xbf, 0xfb, 0x0, 0x0, 0xbf, 0xfb,
    0x0, 0x0, 0xbf, 0xfb, 0x0, 0x0, 0xbf, 0xfb,
    0x0, 0x0, 0xbf, 0xfb, 0x0, 0x0, 0xbf, 0xfb,
    0x0, 0x0, 0xbf, 0xfb, 0x0, 0x0, 0xbf, 0xfb,
    0x0, 0x0, 0xbf, 0xfb, 0x0, 0x0, 0xbf, 0xfb,
    0x0, 0x0, 0xbf, 0xfb, 0x24, 0x44, 0xcf, 0xfb,
    0xaf, 0xff, 0xff, 0xfb, 0xaf, 0xff, 0xff, 0xfb,

    /* U+005E "^" */
    0x0, 0x0, 0x0, 0x78, 0x40, 0x0, 0x0, 0x0,
    0x0, 0x0, 0x4f, 0xfd, 0x0, 0x0, 0x0, 0x0,
    0x0, 0x9, 0xff, 0xf2, 0x0, 0x0, 0x0, 0x0,
    0x0, 0xef, 0xff, 0x80, 0x0, 0x0, 0x0, 0x0,
    0x4f, 0xff, 0xfd, 0x0, 0x0, 0x0, 0x0, 0x9,
    0xff, 0xff, 0xf2, 0x0, 0x0, 0x0, 0x0, 0xef,
    0xfd, 0xff, 0x70, 0x0, 0x0, 0x0, 0x3f, 0xfe,
    0x6f, 0xfc, 0x0, 0x0, 0x0, 0x8, 0xff, 0xa1,
    0xff, 0xf2, 0x0, 0x0, 0x0, 0xdf, 0xf5, 0xc,
    0xff, 0x70, 0x0, 0x0, 0x3f, 0xff, 0x10, 0x8f,
    0xfc, 0x0, 0x0, 0x8, 0xff, 0xc0, 0x3, 0xff,
    0xf1, 0x0, 0x0, 0xdf, 0xf7, 0x0, 0xe, 0xff,
    0x60, 0x0, 0x2f, 0xff, 0x20, 0x0, 0xaf, 0xfb,
    0x0, 0x7, 0xff, 0xd0, 0x0, 0x5, 0xff, 0xf1,
    0x0, 0xdf, 0xf9, 0x0, 0x0, 0x1f, 0xff, 0x60,
    0x2f, 0xff, 0x40, 0x0, 0x0, 0xcf, 0xfb, 0x7,
    0xff, 0xf0, 0x0, 0x0, 0x7, 0xff, 0xf1,

    /* U+005F "_" */
    0x27, 0x77, 0x77, 0x77, 0x77, 0x77, 0x77, 0x77,
    0x77, 0x76, 0x6f, 0xff, 0xff, 0xff, 0xff, 0xff,
    0xff, 0xff, 0xff, 0xff, 0x6f, 0xff, 0xff, 0xff,
    0xff, 0xff, 0xff, 0xff, 0xff, 0xff,

    /* U+0060 "`" */
    0x15, 0x55, 0x50, 0x0, 0xd, 0xff, 0xf3, 0x0,
    0x4, 0xff, 0xfb, 0x0, 0x0, 0xaf, 0xff, 0x30,
    0x0, 0x1f, 0xff, 0xa0, 0x0, 0x6, 0xff, 0xf2,
    0x0, 0x0, 0xcf, 0xfa,

    /* U+0061 "a" */
    0x0, 0x28, 0xce, 0xfe, 0xd8, 0x20, 0x1, 0xbf,
    0xff, 0xff, 0xff, 0xff, 0x40, 0xe, 0xff, 0xff,
    0xff, 0xff, 0xfe, 0x0, 0x7f, 0xb7, 0x55, 0x8f,
    0xff, 0xf4, 0x0, 0x20, 0x0, 0x0, 0x6f, 0xff,
    0x70, 0x0, 0x0, 0x0, 0x3, 0xff, 0xf8, 0x0,
    0x1, 0x7b, 0xdf, 0xff, 0xff, 0x80, 0x9, 0xff,
    0xff, 0xff, 0xff, 0xf8, 0xc, 0xff, 0xfe, 0x97,
    0x8f, 0xff, 0x86, 0xff, 0xf9, 0x0, 0x3, 0xff,
    0xf8, 0xbf, 0xff, 0x10, 0x0, 0x3f, 0xff, 0x8c,
    0xff, 0xf1, 0x0, 0xa, 0xff, 0xf8, 0xaf, 0xff,
    0x91, 0x1a, 0xff, 0xff, 0x86, 0xff, 0xff, 0xff,
    0xfd, 0xff, 0xf8, 0xc, 0xff, 0xff, 0xfe, 0x2e,
    0xff, 0x80, 0x8, 0xef, 0xd8, 0x10, 0xdf, 0xf8,

    /* U+0062 "b" */
    0x9f, 0xff, 0x20, 0x0, 0x0, 0x0, 0x0, 0x9,
    0xff, 0xf2, 0x0, 0x0, 0x0, 0x0, 0x0, 0x9f,
    0xff, 0x20, 0x0, 0x0, 0x0, 0x0, 0x9, 0xff,
    0xf2, 0x0, 0x0, 0x0, 0x0, 0x0, 0x9f, 0xff,
    0x20, 0x0, 0x0, 0x0, 0x0, 0x9, 0xff, 0xf2,
    0x0, 0x0, 0x0, 0x0, 0x0, 0x9f, 0xff, 0x20,
    0x0, 0x0, 0x0, 0x0, 0x9, 0xff, 0xf2, 0x0,
    0x0, 0x0, 0x0, 0x0, 0x9f, 0xff, 0x12, 0xae,
    0xfe, 0x92, 0x0, 0x9, 0xff, 0xf4, 0xff, 0xff,
    0xff, 0xf3, 0x0, 0x9f, 0xfe, 0xef, 0xff, 0xff,
    0xff, 0xe0, 0x9, 0xff, 0xff, 0xd5, 0x4a, 0xff,
    0xff, 0x70, 0x9f, 0xff, 0xf1, 0x0, 0xb, 0xff,
    0xfc, 0x9, 0xff, 0xf9, 0x0, 0x0, 0x4f, 0xff,
    0xf0, 0x9f, 0xff, 0x50, 0x0, 0x0, 0xff, 0xff,
    0x19, 0xff, 0xf3, 0x0, 0x0, 0xe, 0xff, 0xf2,
    0x9f, 0xff, 0x30, 0x0, 0x0, 0xff, 0xff, 0x19,
    0xff, 0xf4, 0x0, 0x0, 0xf, 0xff, 0xf0, 0x9f,
    0xff, 0x80, 0x0, 0x4, 0xff, 0xfe, 0x9, 0xff,
    0xfe, 0x0, 0x0, 0xbf, 0xff, 0x90, 0x9f, 0xff,
    0xfc, 0x32, 0x9f, 0xff, 0xf4, 0x9, 0xff, 0xdc,
    0xff, 0xff, 0xff, 0xfa, 0x0, 0x9f, 0xfd, 0x3f,
    0xff, 0xff, 0xfb, 0x0, 0x9, 0xff, 0xd0, 0x2b,
    0xfe, 0xc6, 0x0, 0x0,

    /* U+0063 "c" */
    0x0, 0x0, 0x5b, 0xef, 0xfc, 0x81, 0x0, 0x0,
    0xbf, 0xff, 0xff, 0xff, 0xe0, 0x0, 0xcf, 0xff,
    0xff, 0xff, 0xfa, 0x0, 0x7f, 0xff, 0xf8, 0x45,
    0xaf, 0x40, 0xf, 0xff, 0xf4, 0x0, 0x0, 0x40,
    0x4, 0xff, 0xfc, 0x0, 0x0, 0x0, 0x0, 0x8f,
    0xff, 0x80, 0x0, 0x0, 0x0, 0x9, 0xff, 0xf7,
    0x0, 0x0, 0x0, 0x0, 0xaf, 0xff, 0x70, 0x0,
    0x0, 0x0, 0x8, 0xff, 0xf8, 0x0, 0x0, 0x0,
    0x0, 0x6f, 0xff, 0xb0, 0x0, 0x0, 0x0, 0x1,
    0xff, 0xff, 0x30, 0x0, 0x1, 0x10, 0xa, 0xff,
    0xfe, 0x63, 0x48, 0xe7, 0x0, 0x1e, 0xff, 0xff,
    0xff, 0xff, 0xe0, 0x0, 0x2e, 0xff, 0xff, 0xff,
    0xfc, 0x10, 0x0, 0x7, 0xcf, 0xfe, 0xb5, 0x0,

    /* U+0064 "d" */
    0x0, 0x0, 0x0, 0x0, 0x0, 0xaf, 0xff, 0x0,
    0x0, 0x0, 0x0, 0x0, 0xaf, 0xff, 0x0, 0x0,
    0x0, 0x0, 0x0, 0xaf, 0xff, 0x0, 0x0, 0x0,
    0x0, 0x0, 0xaf, 0xff, 0x0, 0x0, 0x0, 0x0,
    0x0, 0xaf, 0xff, 0x0, 0x0, 0x0, 0x0, 0x0,
    0xaf, 0xff, 0x0, 0x0, 0x0, 0x0, 0x0, 0xaf,
    0xff, 0x0, 0x0, 0x0, 0x0, 0x0, 0xaf, 0xff,
    0x0, 0x4, 0xae, 0xfd, 0x81, 0xaf, 0xff, 0x0,
    0x8f, 0xff, 0xff, 0xfc, 0x9f, 0xff, 0x5, 0xff,
    0xff, 0xff, 0xff, 0xdf, 0xff, 0xd, 0xff, 0xfe,
    0x63, 0x6f, 0xff, 0xff, 0x3f, 0xff, 0xf3, 0x0,
    0x7, 0xff, 0xff, 0x7f, 0xff, 0xb0, 0x0, 0x1,
    0xff, 0xff, 0x9f, 0xff, 0x70, 0x0, 0x0, 0xdf,
    0xff, 0xaf, 0xff, 0x50, 0x0, 0x0, 0xcf, 0xff,
    0xaf, 0xff, 0x50, 0x0, 0x0, 0xcf, 0xff, 0x8f,
    0xff, 0x70, 0x0, 0x0, 0xdf, 0xff, 0x6f, 0xff,
    0xa0, 0x0, 0x1, 0xff, 0xff, 0x2f, 0xff, 0xf2,
    0x0, 0x8, 0xff, 0xff, 0xc, 0xff, 0xfd, 0x42,
    0x7f, 0xef, 0xff, 0x3, 0xff, 0xff, 0xff, 0xff,
    0x8f, 0xff, 0x0, 0x5f, 0xff, 0xff, 0xf8, 0x6f,
    0xff, 0x0, 0x2, 0xad, 0xfd, 0x60, 0x6f, 0xff,

    /* U+0065 "e" */
    0x0, 0x0, 0x5b, 0xef, 0xec, 0x70, 0x0, 0x0,
    0x1c, 0xff, 0xff, 0xff, 0xfd, 0x10, 0x0, 0xdf,
    0xff, 0xff, 0xff, 0xff, 0xa0, 0x8, 0xff, 0xfc,
    0x30, 0x3e, 0xff, 0xf1, 0xf, 0xff, 0xe0, 0x0,
    0x7, 0xff, 0xf6, 0x5f, 0xff, 0x80, 0x0, 0x4,
    0xff, 0xf9, 0x8f, 0xff, 0xa7, 0x77, 0x79, 0xff,
    0xfa, 0xaf, 0xff, 0xff, 0xff, 0xff, 0xff, 0xfb,
    0xaf, 0xff, 0xff, 0xff, 0xff, 0xff, 0xfa, 0x9f,
    0xff, 0x70, 0x0, 0x0, 0x0, 0x0, 0x7f, 0xff,
    0xa0, 0x0, 0x0, 0x0, 0x0, 0x2f, 0xff, 0xf2,
    0x0, 0x0, 0x2, 0x0, 0xb, 0xff, 0xfd, 0x40,
    0x3, 0x8f, 0x40, 0x2, 0xff, 0xff, 0xff, 0xff,
    0xff, 0xb0, 0x0, 0x3e, 0xff, 0xff, 0xff, 0xff,
    0xd0, 0x0, 0x0, 0x7c, 0xef, 0xfd, 0xa5, 0x0,

    /* U+0066 "f" */
    0x0, 0x0, 0x1, 0x57, 0x75, 0x10, 0x0, 0x7,
    0xff, 0xff, 0xfe, 0x0, 0x7, 0xff, 0xff, 0xff,
    0xf0, 0x0, 0xff, 0xff, 0xfc, 0xef, 0x0, 0x4f,
    0xff, 0xc0, 0x0, 0x30, 0x6, 0xff, 0xf5, 0x0,
    0x0, 0x0, 0x7f, 0xff, 0x40, 0x0, 0x0, 0x7,
    0xff, 0xf4, 0x0, 0x0, 0x0, 0x7f, 0xff, 0x40,
    0x0, 0x9, 0xff, 0xff, 0xff, 0xff, 0xf0, 0x9f,
    0xff, 0xff, 0xff, 0xff, 0x9, 0xff, 0xff, 0xff,
    0xff, 0xf0, 0x24, 0xaf, 0xff, 0x74, 0x44, 0x0,
    0x7, 0xff, 0xf4, 0x0, 0x0, 0x0, 0x7f, 0xff,
    0x40, 0x0, 0x0, 0x7, 0xff, 0xf4, 0x0, 0x0,
    0x0, 0x7f, 0xff, 0x40, 0x0, 0x0, 0x7, 0xff,
    0xf4, 0x0, 0x0, 0x0, 0x7f, 0xff, 0x40, 0x0,
    0x0, 0x7, 0xff, 0xf4, 0x0, 0x0, 0x0, 0x7f,
    0xff, 0x40, 0x0, 0x0, 0x7, 0xff, 0xf4, 0x0,
    0x0, 0x0, 0x7f, 0xff, 0x40, 0x0, 0x0, 0x7,
    0xff, 0xf4, 0x0, 0x0, 0x0, 0x7f, 0xff, 0x40,
    0x0, 0x0,

    /* U+0067 "g" */
    0x0, 0x3, 0xad, 0xfe, 0x91, 0xf, 0xff, 0x10,
    0x6, 0xff, 0xff, 0xff, 0xd3, 0xff, 0xf1, 0x3,
    0xff, 0xff, 0xff, 0xff, 0xbf, 0xff, 0x10, 0xcf,
    0xff, 0xe6, 0x36, 0xff, 0xff, 0xf1, 0x2f, 0xff,
    0xf3, 0x0, 0x7, 0xff, 0xff, 0x16, 0xff, 0xfb,
    0x0, 0x0, 0x1f, 0xff, 0xf1, 0x8f, 0xff, 0x70,
    0x0, 0x0, 0xef, 0xff, 0x1a, 0xff, 0xf5, 0x0,
    0x0, 0xc, 0xff, 0xf1, 0xaf, 0xff, 0x50, 0x0,
    0x0, 0xcf, 0xff, 0x18, 0xff, 0xf6, 0x0, 0x0,
    0xd, 0xff, 0xf1, 0x7f, 0xff, 0xa0, 0x0, 0x1,
    0xff, 0xff, 0x13, 0xff, 0xff, 0x10, 0x0, 0x7f,
    0xff, 0xf1, 0xd, 0xff, 0xfd, 0x31, 0x6f, 0xff,
    0xff, 0x10, 0x4f, 0xff, 0xff, 0xff, 0xfa, 0xff,
    0xf1, 0x0, 0x7f, 0xff, 0xff, 0xfa, 0x6f, 0xff,
    0x10, 0x0, 0x3a, 0xdf, 0xd8, 0x6, 0xff, 0xf0,
    0x0, 0x0, 0x0, 0x0, 0x0, 0x8f, 0xff, 0x0,
    0x0, 0x0, 0x0, 0x0, 0xc, 0xff, 0xd0, 0x0,
    0x2, 0x0, 0x0, 0x6, 0xff, 0xf8, 0x0, 0x1,
    0xfd, 0x97, 0x7c, 0xff, 0xff, 0x20, 0x0, 0xaf,
    0xff, 0xff, 0xff, 0xff, 0x80, 0x0, 0x1f, 0xff,
    0xff, 0xff, 0xff, 0x80, 0x0, 0x0, 0x16, 0xbe,
    0xff, 0xd9, 0x30, 0x0, 0x0,

    /* U+0068 "h" */
    0x9f, 0xff, 0x10, 0x0, 0x0, 0x0, 0x0, 0x9f,
    0xff, 0x10, 0x0, 0x0, 0x0, 0x0, 0x9f, 0xff,
    0x10, 0x0, 0x0, 0x0, 0x0, 0x9f, 0xff, 0x10,
    0x0, 0x0, 0x0, 0x0, 0x9f, 0xff, 0x10, 0x0,
    0x0, 0x0, 0x0, 0x9f, 0xff, 0x10, 0x0, 0x0,
    0x0, 0x0, 0x9f, 0xff, 0x10, 0x0, 0x0, 0x0,
    0x0, 0x9f, 0xff, 0x10, 0x0, 0x0, 0x0, 0x0,
    0x9f, 0xff, 0x2, 0x9d, 0xfe, 0xa2, 0x0, 0x9f,
    0xff, 0x4f, 0xff, 0xff, 0xff, 0x20, 0x9f, 0xff,
    0xff, 0xff, 0xff, 0xff, 0xb0, 0x9f, 0xff, 0xfa,
    0x44, 0xcf, 0xff, 0xf1, 0x9f, 0xff, 0xb0, 0x0,
    0x1f, 0xff, 0xf3, 0x9f, 0xff, 0x50, 0x0, 0xb,
    0xff, 0xf4, 0x9f, 0xff, 0x30, 0x0, 0xa, 0xff,
    0xf5, 0x9f, 0xff, 0x30, 0x0, 0xa, 0xff, 0xf5,
    0x9f, 0xff, 0x30, 0x0, 0xa, 0xff, 0xf5, 0x9f,
    0xff, 0x30, 0x0, 0xa, 0xff, 0xf5, 0x9f, 0xff,
    0x30, 0x0, 0xa, 0xff, 0xf5, 0x9f, 0xff, 0x30,
    0x0, 0xa, 0xff, 0xf5, 0x9f, 0xff, 0x30, 0x0,
    0xa, 0xff, 0xf5, 0x9f, 0xff, 0x30, 0x0, 0xa,
    0xff, 0xf5, 0x9f, 0xff, 0x30, 0x0, 0xa, 0xff,
    0xf5, 0x9f, 0xff, 0x30, 0x0, 0xa, 0xff, 0xf5,

    /* U+0069 "i" */
    0xdf, 0xff, 0x8d, 0xff, 0xf8, 0xdf, 0xff, 0x8d,
    0xff, 0xf8, 0x22, 0x22, 0x10, 0x0, 0x0, 0xaf,
    0xff, 0x5a, 0xff, 0xf5, 0xaf, 0xff, 0x5a, 0xff,
    0xf5, 0xaf, 0xff, 0x5a, 0xff, 0xf5, 0xaf, 0xff,
    0x5a, 0xff, 0xf5, 0xaf, 0xff, 0x5a, 0xff, 0xf5,
    0xaf, 0xff, 0x5a, 0xff, 0xf5, 0xaf, 0xff, 0x5a,
    0xff, 0xf5, 0xaf, 0xff, 0x5a, 0xff, 0xf5,

    /* U+006A "j" */
    0x0, 0xdf, 0xff, 0x70, 0xd, 0xff, 0xf7, 0x0,
    0xdf, 0xff, 0x70, 0xd, 0xff, 0xf7, 0x0, 0x22,
    0x22, 0x10, 0x0, 0x0, 0x0, 0x0, 0xaf, 0xff,
    0x30, 0xa, 0xff, 0xf3, 0x0, 0xaf, 0xff, 0x30,
    0xa, 0xff, 0xf3, 0x0, 0xaf, 0xff, 0x30, 0xa,
    0xff, 0xf3, 0x0, 0xaf, 0xff, 0x30, 0xa, 0xff,
    0xf3, 0x0, 0xaf, 0xff, 0x30, 0xa, 0xff, 0xf3,
    0x0, 0xaf, 0xff, 0x30, 0xa, 0xff, 0xf3, 0x0,
    0xaf, 0xff, 0x30, 0xa, 0xff, 0xf3, 0x0, 0xaf,
    0xff, 0x30, 0xa, 0xff, 0xf3, 0x0, 0xaf, 0xff,
    0x30, 0xa, 0xff, 0xf3, 0x0, 0xbf, 0xff, 0x20,
    0xf, 0xff, 0xf0, 0xa, 0xff, 0xfb, 0x9, 0xff,
    0xff, 0x40, 0x1f, 0xff, 0x60, 0x0, 0x34, 0x0,
    0x0,

    /* U+006B "k" */
    0x9f, 0xff, 0x10, 0x0, 0x0, 0x0, 0x0, 0x9f,
    0xff, 0x10, 0x0, 0x0, 0x0, 0x0, 0x9f, 0xff,
    0x10, 0x0, 0x0, 0x0, 0x0, 0x9f, 0xff, 0x10,
    0x0, 0x0, 0x0, 0x0, 0x9f, 0xff, 0x10, 0x0,
    0x0, 0x0, 0x0, 0x9f, 0xff, 0x10, 0x0, 0x0,
    0x0, 0x0, 0x9f, 0xff, 0x10, 0x0, 0x0, 0x0,
    0x0, 0x9f, 0xff, 0x10, 0x0, 0x0, 0x0, 0x0,
    0x9f, 0xff, 0x10, 0x0, 0xaf, 0xff, 0xb0, 0x9f,
    0xff, 0x10, 0x4, 0xff, 0xfe, 0x10, 0x9f, 0xff,
    0x10, 0xe, 0xff, 0xf4, 0x0, 0x9f, 0xff, 0x10,
    0x9f, 0xff, 0x80, 0x0, 0x9f, 0xff, 0x3, 0xff,
    0xfc, 0x0, 0x0, 0x9f, 0xff, 0xd, 0xff, 0xe2,
    0x0, 0x0, 0x9f, 0xff, 0x8f, 0xff, 0x50, 0x0,
    0x0, 0x9f, 0xff, 0xff, 0xfe, 0x0, 0x0, 0x0,
    0x9f, 0xff, 0xdf, 0xff, 0x70, 0x0, 0x0, 0x9f,
    0xff, 0x3f, 0xff, 0xf3, 0x0, 0x0, 0x9f, 0xff,
    0x9, 0xff, 0xfd, 0x0, 0x0, 0x9f, 0xff, 0x0,
    0xef, 0xff, 0x80, 0x0, 0x9f, 0xff, 0x10, 0x5f,
    0xff, 0xf3, 0x0, 0x9f, 0xff, 0x10, 0xa, 0xff,
    0xfd, 0x0, 0x9f, 0xff, 0x10, 0x1, 0xef, 0xff,
    0x90, 0x9f, 0xff, 0x10, 0x0, 0x6f, 0xff, 0xf4,

    /* U+006C "l" */
    0xaf, 0xff, 0x2a, 0xff, 0xf2, 0xaf, 0xff, 0x2a,
    0xff, 0xf2, 0xaf, 0xff, 0x2a, 0xff, 0xf2, 0xaf,
    0xff, 0x2a, 0xff, 0xf2, 0xaf, 0xff, 0x2a, 0xff,
    0xf2, 0xaf, 0xff, 0x2a, 0xff, 0xf2, 0xaf, 0xff,
    0x2a, 0xff, 0xf2, 0xaf, 0xff, 0x2a, 0xff, 0xf2,
    0xaf, 0xff, 0x2a, 0xff, 0xf2, 0xaf, 0xff, 0x2a,
    0xff, 0xf2, 0xaf, 0xff, 0x2a, 0xff, 0xf2, 0xaf,
    0xff, 0x2a, 0xff, 0xf2,

    /* U+006D "m" */
    0xbf, 0xfe, 0x2, 0xae, 0xfe, 0x91, 0x0, 0x3a,
    0xef, 0xe9, 0x10, 0xb, 0xff, 0xe5, 0xff, 0xff,
    0xff, 0xd1, 0x6f, 0xff, 0xff, 0xfd, 0x0, 0xbf,
    0xff, 0xff, 0xff, 0xff, 0xff, 0xbf, 0xff, 0xff,
    0xff, 0xf7, 0xb, 0xff, 0xff, 0xa4, 0x4c, 0xff,
    0xff, 0xfa, 0x44, 0xcf, 0xff, 0xd0, 0xbf, 0xff,
    0xb0, 0x0, 0x2f, 0xff, 0xfb, 0x0, 0x2, 0xff,
    0xff, 0xb, 0xff, 0xf5, 0x0, 0x0, 0xdf, 0xff,
    0x40, 0x0, 0xe, 0xff, 0xf1, 0xbf, 0xff, 0x40,
    0x0, 0xc, 0xff, 0xf3, 0x0, 0x0, 0xdf, 0xff,
    0x1b, 0xff, 0xf4, 0x0, 0x0, 0xcf, 0xff, 0x30,
    0x0, 0xd, 0xff, 0xf1, 0xbf, 0xff, 0x40, 0x0,
    0xc, 0xff, 0xf3, 0x0, 0x0, 0xdf, 0xff, 0x1b,
    0xff, 0xf4, 0x0, 0x0, 0xcf, 0xff, 0x30, 0x0,
    0xd, 0xff, 0xf1, 0xbf, 0xff, 0x40, 0x0, 0xc,
    0xff, 0xf3, 0x0, 0x0, 0xdf, 0xff, 0x1b, 0xff,
    0xf4, 0x0, 0x0, 0xcf, 0xff, 0x30, 0x0, 0xd,
    0xff, 0xf1, 0xbf, 0xff, 0x40, 0x0, 0xc, 0xff,
    0xf3, 0x0, 0x0, 0xdf, 0xff, 0x1b, 0xff, 0xf4,
    0x0, 0x0, 0xcf, 0xff, 0x30, 0x0, 0xd, 0xff,
    0xf1, 0xbf, 0xff, 0x40, 0x0, 0xc, 0xff, 0xf3,
    0x0, 0x0, 0xdf, 0xff, 0x1b, 0xff, 0xf4, 0x0,
    0x0, 0xcf, 0xff, 0x30, 0x0, 0xd, 0xff, 0xf1,

    /* U+006E "n" */
    0xbf, 0xfe, 0x2, 0xae, 0xfe, 0x91, 0x0, 0xbf,
    0xff, 0x4f, 0xff, 0xff, 0xfd, 0x10, 0xbf, 0xff,
    0xff, 0xff, 0xff, 0xff, 0x80, 0xbf, 0xff, 0xf9,
    0x23, 0xcf, 0xff, 0xe0, 0xbf, 0xff, 0xa0, 0x0,
    0x1f, 0xff, 0xf1, 0xbf, 0xff, 0x50, 0x0, 0xe,
    0xff, 0xf2, 0xbf, 0xff, 0x40, 0x0, 0xd, 0xff,
    0xf2, 0xbf, 0xff, 0x40, 0x0, 0xd, 0xff, 0xf2,
    0xbf, 0xff, 0x40, 0x0, 0xd, 0xff, 0xf2, 0xbf,
    0xff, 0x40, 0x0, 0xd, 0xff, 0xf2, 0xbf, 0xff,
    0x40, 0x0, 0xd, 0xff, 0xf2, 0xbf, 0xff, 0x40,
    0x0, 0xd, 0xff, 0xf2, 0xbf, 0xff, 0x40, 0x0,
    0xd, 0xff, 0xf2, 0xbf, 0xff, 0x40, 0x0, 0xd,
    0xff, 0xf2, 0xbf, 0xff, 0x40, 0x0, 0xd, 0xff,
    0xf2, 0xbf, 0xff, 0x40, 0x0, 0xd, 0xff, 0xf2,

    /* U+006F "o" */
    0x0, 0x0, 0x6b, 0xef, 0xeb, 0x60, 0x0, 0x0,
    0x2, 0xdf, 0xff, 0xff, 0xff, 0xd2, 0x0, 0x1,
    0xef, 0xff, 0xff, 0xff, 0xff, 0xe0, 0x0, 0xbf,
    0xff, 0xd4, 0x25, 0xef, 0xff, 0x90, 0x1f, 0xff,
    0xf1, 0x0, 0x4, 0xff, 0xff, 0x6, 0xff, 0xfb,
    0x0, 0x0, 0xd, 0xff, 0xf4, 0x9f, 0xff, 0x80,
    0x0, 0x0, 0xaf, 0xff, 0x6a, 0xff, 0xf7, 0x0,
    0x0, 0x9, 0xff, 0xf8, 0xaf, 0xff, 0x70, 0x0,
    0x0, 0x9f, 0xff, 0x89, 0xff, 0xf8, 0x0, 0x0,
    0xa, 0xff, 0xf6, 0x6f, 0xff, 0xb0, 0x0, 0x0,
    0xdf, 0xff, 0x42, 0xff, 0xff, 0x10, 0x0, 0x4f,
    0xff, 0xe0, 0xb, 0xff, 0xfd, 0x52, 0x5e, 0xff,
    0xf8, 0x0, 0x2f, 0xff, 0xff, 0xff, 0xff, 0xfd,
    0x0, 0x0, 0x3e, 0xff, 0xff, 0xff, 0xfc, 0x10,
    0x0, 0x0, 0x6, 0xce, 0xfe, 0xb5, 0x0, 0x0,

    /* U+0070 "p" */
    0xaf, 0xff, 0x3, 0xae, 0xfd, 0x91, 0x0, 0xa,
    0xff, 0xe5, 0xff, 0xff, 0xff, 0xe2, 0x0, 0xaf,
    0xfe, 0xff, 0xff, 0xff, 0xff, 0xd0, 0xa, 0xff,
    0xff, 0xc5, 0x4b, 0xff, 0xff, 0x50, 0xaf, 0xff,
    0xe1, 0x0, 0xc, 0xff, 0xfb, 0xa, 0xff, 0xf8,
    0x0, 0x0, 0x5f, 0xff, 0xe0, 0xaf, 0xff, 0x40,
    0x0, 0x1, 0xff, 0xff, 0xa, 0xff, 0xf2, 0x0,
    0x0, 0xf, 0xff, 0xf1, 0xaf, 0xff, 0x20, 0x0,
    0x0, 0xff, 0xff, 0xa, 0xff, 0xf3, 0x0, 0x0,
    0x1f, 0xff, 0xf0, 0xaf, 0xff, 0x60, 0x0, 0x5,
    0xff, 0xfc, 0xa, 0xff, 0xfd, 0x0, 0x0, 0xcf,
    0xff, 0x80, 0xaf, 0xff, 0xfb, 0x33, 0xbf, 0xff,
    0xf2, 0xa, 0xff, 0xdd, 0xff, 0xff, 0xff, 0xf9,
    0x0, 0xaf, 0xff, 0x3f, 0xff, 0xff, 0xfb, 0x0,
    0xa, 0xff, 0xf1, 0x3b, 0xee, 0xc5, 0x0, 0x0,
    0xaf, 0xff, 0x10, 0x0, 0x0, 0x0, 0x0, 0xa,
    0xff, 0xf1, 0x0, 0x0, 0x0, 0x0, 0x0, 0xaf,
    0xff, 0x10, 0x0, 0x0, 0x0, 0x0, 0xa, 0xff,
    0xf1, 0x0, 0x0, 0x0, 0x0, 0x0, 0xaf, 0xff,
    0x10, 0x0, 0x0, 0x0, 0x0, 0xa, 0xff, 0xf1,
    0x0, 0x0, 0x0, 0x0, 0x0, 0xaf, 0xff, 0x10,
    0x0, 0x0, 0x0, 0x0, 0x0,

    /* U+0071 "q" */
    0x0, 0x3, 0xad, 0xfd, 0x81, 0x6f, 0xff, 0x10,
    0x6, 0xff, 0xff, 0xff, 0xc6, 0xff, 0xf1, 0x4,
    0xff, 0xff, 0xff, 0xff, 0xcf, 0xff, 0x10, 0xdf,
    0xff, 0xe6, 0x36, 0xff, 0xff, 0xf1, 0x2f, 0xff,
    0xf3, 0x0, 0x7, 0xff, 0xff, 0x17, 0xff, 0xfc,
    0x0, 0x0, 0x1f, 0xff, 0xf1, 0x8f, 0xff, 0x80,
    0x0, 0x0, 0xdf, 0xff, 0x1a, 0xff, 0xf6, 0x0,
    0x0, 0xc, 0xff, 0xf1, 0xaf, 0xff, 0x60, 0x0,
    0x0, 0xcf, 0xff, 0x18, 0xff, 0xf8, 0x0, 0x0,
    0xd, 0xff, 0xf1, 0x6f, 0xff, 0xb0, 0x0, 0x1,
    0xff, 0xff, 0x12, 0xff, 0xff, 0x20, 0x0, 0x8f,
    0xff, 0xf1, 0xc, 0xff, 0xfe, 0x52, 0x7f, 0xff,
    0xff, 0x10, 0x3f, 0xff, 0xff, 0xff, 0xfa, 0xff,
    0xf1, 0x0, 0x5f, 0xff, 0xff, 0xf8, 0x9f, 0xff,
    0x10, 0x0, 0x2a, 0xef, 0xc6, 0xa, 0xff, 0xf1,
    0x0, 0x0, 0x0, 0x0, 0x0, 0xbf, 0xff, 0x10,
    0x0, 0x0, 0x0, 0x0, 0xb, 0xff, 0xf1, 0x0,
    0x0, 0x0, 0x0, 0x0, 0xbf, 0xff, 0x10, 0x0,
    0x0, 0x0, 0x0, 0xb, 0xff, 0xf1, 0x0, 0x0,
    0x0, 0x0, 0x0, 0xbf, 0xff, 0x10, 0x0, 0x0,
    0x0, 0x0, 0xb, 0xff, 0xf1, 0x0, 0x0, 0x0,
    0x0, 0x0, 0xbf, 0xff, 0x10,

    /* U+0072 "r" */
    0xdf, 0xfa, 0x3, 0xae, 0xfb, 0xdf, 0xfb, 0x4f,
    0xff, 0xf8, 0xdf, 0xfd, 0xef, 0xff, 0xf5, 0xdf,
    0xff, 0xff, 0xdb, 0xe1, 0xdf, 0xff, 0xe3, 0x0,
    0x0, 0xdf, 0xff, 0x40, 0x0, 0x0, 0xdf, 0xff,
    0x0, 0x0, 0x0, 0xdf, 0xff, 0x0, 0x0, 0x0,
    0xdf, 0xff, 0x0, 0x0, 0x0, 0xdf, 0xff, 0x0,
    0x0, 0x0, 0xdf, 0xff, 0x0, 0x0, 0x0, 0xdf,
    0xff, 0x0, 0x0, 0x0, 0xdf, 0xff, 0x0, 0x0,
    0x0, 0xdf, 0xff, 0x0, 0x0, 0x0, 0xdf, 0xff,
    0x0, 0x0, 0x0, 0xdf, 0xff, 0x0, 0x0, 0x0,

    /* U+0073 "s" */
    0x0, 0x18, 0xde, 0xfd, 0xb5, 0x0, 0x4, 0xff,
    0xff, 0xff, 0xff, 0xc0, 0x1f, 0xff, 0xff, 0xff,
    0xff, 0x90, 0x6f, 0xff, 0xa1, 0x2, 0x8f, 0x30,
    0x8f, 0xff, 0x50, 0x0, 0x1, 0x0, 0x7f, 0xff,
    0xe3, 0x0, 0x0, 0x0, 0x1f, 0xff, 0xff, 0xc5,
    0x0, 0x0, 0x5, 0xff, 0xff, 0xff, 0xd3, 0x0,
    0x0, 0x2a, 0xff, 0xff, 0xff, 0x50, 0x0, 0x0,
    0x2a, 0xff, 0xff, 0xf1, 0x0, 0x0, 0x0, 0x3e,
    0xff, 0xf5, 0x6, 0x0, 0x0, 0x7, 0xff, 0xf6,
    0x1f, 0xe7, 0x31, 0x3d, 0xff, 0xf3, 0x7f, 0xff,
    0xff, 0xff, 0xff, 0xd0, 0x6f, 0xff, 0xff, 0xff,
    0xfd, 0x20, 0x2, 0x9d, 0xef, 0xec, 0x70, 0x0,

    /* U+0074 "t" */
    0x0, 0x0, 0x4, 0x60, 0x0, 0x0, 0x0, 0x5,
    0xdf, 0xa0, 0x0, 0x0, 0x0, 0xc, 0xff, 0xa0,
    0x0, 0x0, 0x0, 0xd, 0xff, 0xa0, 0x0, 0x0,
    0x0, 0xe, 0xff, 0xa0, 0x0, 0x0, 0x1f, 0xff,
    0xff, 0xff, 0xff, 0x70, 0x1f, 0xff, 0xff, 0xff,
    0xff, 0x70, 0x1f, 0xff, 0xff, 0xff, 0xff, 0x70,
    0x4, 0x5f, 0xff, 0xc4, 0x44, 0x20, 0x0, 0x1f,
    0xff, 0xa0, 0x0, 0x0, 0x0, 0x1f, 0xff, 0xa0,
    0x0, 0x0, 0x0, 0x1f, 0xff, 0xa0, 0x0, 0x0,
    0x0, 0x1f, 0xff, 0xa0, 0x0, 0x0, 0x0, 0x1f,
    0xff, 0xa0, 0x0, 0x0, 0x0, 0x1f, 0xff, 0xa0,
    0x0, 0x0, 0x0, 0x1f, 0xff, 0xa0, 0x0, 0x0,
    0x0, 0xf, 0xff, 0xc0, 0x0, 0x10, 0x0, 0xf,
    0xff, 0xf6, 0x49, 0xe0, 0x0, 0xb, 0xff, 0xff,
    0xff, 0xf2, 0x0, 0x3, 0xff, 0xff, 0xff, 0xf5,
    0x0, 0x0, 0x4b, 0xef, 0xea, 0x50,

    /* U+0075 "u" */
    0xdf, 0xff, 0x0, 0x0, 0x5f, 0xff, 0x8d, 0xff,
    0xf0, 0x0, 0x5, 0xff, 0xf8, 0xdf, 0xff, 0x0,
    0x0, 0x5f, 0xff, 0x8d, 0xff, 0xf0, 0x0, 0x5,
    0xff, 0xf8, 0xdf, 0xff, 0x0, 0x0, 0x5f, 0xff,
    0x8d, 0xff, 0xf0, 0x0, 0x5, 0xff, 0xf8, 0xdf,
    0xff, 0x0, 0x0, 0x5f, 0xff, 0x8d, 0xff, 0xf0,
    0x0, 0x5, 0xff, 0xf8, 0xdf, 0xff, 0x0, 0x0,
    0x5f, 0xff, 0x8d, 0xff, 0xf0, 0x0, 0x5, 0xff,
    0xf8, 0xdf, 0xff, 0x10, 0x0, 0x6f, 0xff, 0x8c,
    0xff, 0xf4, 0x0, 0xb, 0xff, 0xf8, 0x9f, 0xff,
    0xd3, 0x29, 0xff, 0xff, 0x84, 0xff, 0xff, 0xff,
    0xff, 0xff, 0xf8, 0xa, 0xff, 0xff, 0xff, 0x5f,
    0xff, 0x80, 0x7, 0xdf, 0xeb, 0x30, 0xff, 0xf8,

    /* U+0076 "v" */
    0xf, 0xff, 0xf5, 0x0, 0x0, 0x7, 0xff, 0xf9,
    0x9, 0xff, 0xfa, 0x0, 0x0, 0xc, 0xff, 0xf3,
    0x3, 0xff, 0xff, 0x0, 0x0, 0x1f, 0xff, 0xd0,
    0x0, 0xdf, 0xff, 0x50, 0x0, 0x6f, 0xff, 0x70,
    0x0, 0x6f, 0xff, 0xa0, 0x0, 0xcf, 0xff, 0x10,
    0x0, 0x1f, 0xff, 0xf0, 0x1, 0xff, 0xfb, 0x0,
    0x0, 0xa, 0xff, 0xf5, 0x6, 0xff, 0xf5, 0x0,
    0x0, 0x4, 0xff, 0xfa, 0xb, 0xff, 0xf0, 0x0,
    0x0, 0x0, 0xdf, 0xfe, 0xf, 0xff, 0x90, 0x0,
    0x0, 0x0, 0x7f, 0xff, 0x6f, 0xff, 0x30, 0x0,
    0x0, 0x0, 0x1f, 0xff, 0xef, 0xfd, 0x0, 0x0,
    0x0, 0x0, 0xa, 0xff, 0xff, 0xf8, 0x0, 0x0,
    0x0, 0x0, 0x4, 0xff, 0xff, 0xf2, 0x0, 0x0,
    0x0, 0x0, 0x0, 0xef, 0xff, 0xc0, 0x0, 0x0,
    0x0, 0x0, 0x0, 0x8f, 0xff, 0x60, 0x0, 0x0,
    0x0, 0x0, 0x0, 0x2f, 0xff, 0x0, 0x0, 0x0,

    /* U+0077 "w" */
    0xaf, 0xff, 0x30, 0x0, 0xa, 0xff, 0xd0, 0x0,
    0x0, 0xff, 0xfd, 0x5f, 0xff, 0x70, 0x0, 0xe,
    0xff, 0xf2, 0x0, 0x2, 0xff, 0xf8, 0x1f, 0xff,
    0xb0, 0x0, 0x2f, 0xff, 0xf6, 0x0, 0x6, 0xff,
    0xf3, 0xb, 0xff, 0xf0, 0x0, 0x7f, 0xff, 0xfb,
    0x0, 0xa, 0xff, 0xe0, 0x6, 0xff, 0xf3, 0x0,
    0xbf, 0xff, 0xff, 0x0, 0xe, 0xff, 0x90, 0x2,
    0xff, 0xf7, 0x0, 0xff, 0xdd, 0xff, 0x40, 0x2f,
    0xff, 0x40, 0x0, 0xdf, 0xfb, 0x3, 0xff, 0xaa,
    0xff, 0x80, 0x5f, 0xff, 0x0, 0x0, 0x8f, 0xff,
    0x7, 0xff, 0x77, 0xff, 0xc0, 0x9f, 0xfb, 0x0,
    0x0, 0x3f, 0xff, 0x3b, 0xff, 0x32, 0xff, 0xf1,
    0xdf, 0xf6, 0x0, 0x0, 0xe, 0xff, 0x6e, 0xfe,
    0x0, 0xdf, 0xf5, 0xff, 0xf1, 0x0, 0x0, 0x9,
    0xff, 0xcf, 0xfa, 0x0, 0x9f, 0xfc, 0xff, 0xc0,
    0x0, 0x0, 0x4, 0xff, 0xff, 0xf6, 0x0, 0x4f,
    0xff, 0xff, 0x70, 0x0, 0x0, 0x0, 0xff, 0xff,
    0xf2, 0x0, 0xf, 0xff, 0xff, 0x20, 0x0, 0x0,
    0x0, 0xaf, 0xff, 0xe0, 0x0, 0xb, 0xff, 0xfd,
    0x0, 0x0, 0x0, 0x0, 0x5f, 0xff, 0x90, 0x0,
    0x7, 0xff, 0xf9, 0x0, 0x0, 0x0, 0x0, 0x1f,
    0xff, 0x50, 0x0, 0x2, 0xff, 0xf4, 0x0, 0x0,

    /* U+0078 "x" */
    0x5f, 0xff, 0xf1, 0x0, 0x2, 0xff, 0xfe, 0x0,
    0xdf, 0xff, 0x70, 0x0, 0xaf, 0xff, 0x60, 0x5,
    0xff, 0xfe, 0x0, 0x1f, 0xff, 0xd0, 0x0, 0xc,
    0xff, 0xf6, 0x8, 0xff, 0xf5, 0x0, 0x0, 0x4f,
    0xff, 0xd0, 0xff, 0xfd, 0x0, 0x0, 0x0, 0xcf,
    0xff, 0xaf, 0xff, 0x40, 0x0, 0x0, 0x3, 0xff,
    0xff, 0xff, 0xc0, 0x0, 0x0, 0x0, 0xa, 0xff,
    0xff, 0xf3, 0x0, 0x0, 0x0, 0x0, 0x8f, 0xff,
    0xff, 0x40, 0x0, 0x0, 0x0, 0x1f, 0xff, 0xff,
    0xfd, 0x0, 0x0, 0x0, 0xa, 0xff, 0xfc, 0xff,
    0xf6, 0x0, 0x0, 0x3, 0xff, 0xfa, 0x4f, 0xff,
    0xe0, 0x0, 0x0, 0xbf, 0xff, 0x30, 0xcf, 0xff,
    0x70, 0x0, 0x4f, 0xff, 0xc0, 0x4, 0xff, 0xff,
    0x10, 0xc, 0xff, 0xf5, 0x0, 0xb, 0xff, 0xf9,
    0x5, 0xff, 0xfd, 0x0, 0x0, 0x3f, 0xff, 0xf2,

    /* U+0079 "y" */
    0xf, 0xff, 0xf4, 0x0, 0x0, 0x7, 0xff, 0xf9,
    0x9, 0xff, 0xf9, 0x0, 0x0, 0xc, 0xff, 0xf3,
    0x3, 0xff, 0xfe, 0x0, 0x0, 0x1f, 0xff, 0xd0,
    0x0, 0xcf, 0xff, 0x40, 0x0, 0x7f, 0xff, 0x80,
    0x0, 0x6f, 0xff, 0x90, 0x0, 0xcf, 0xff, 0x20,
    0x0, 0xf, 0xff, 0xe0, 0x1, 0xff, 0xfc, 0x0,
    0x0, 0x9, 0xff, 0xf4, 0x7, 0xff, 0xf6, 0x0,
    0x0, 0x3, 0xff, 0xf9, 0xb, 0xff, 0xf1, 0x0,
    0x0, 0x0, 0xcf, 0xfd, 0xf, 0xff, 0xa0, 0x0,
    0x0, 0x0, 0x6f, 0xff, 0x6f, 0xff, 0x40, 0x0,
    0x0, 0x0, 0xf, 0xff, 0xef, 0xfe, 0x0, 0x0,
    0x0, 0x0, 0x9, 0xff, 0xff, 0xf9, 0x0, 0x0,
    0x0, 0x0, 0x3, 0xff, 0xff, 0xf3, 0x0, 0x0,
    0x0, 0x0, 0x0, 0xdf, 0xff, 0xd0, 0x0, 0x0,
    0x0, 0x0, 0x0, 0x7f, 0xff, 0x70, 0x0, 0x0,
    0x0, 0x0, 0x0, 0xbf, 0xff, 0x10, 0x0, 0x0,
    0x0, 0x0, 0x1, 0xff, 0xfb, 0x0, 0x0, 0x0,
    0x0, 0x0, 0x7, 0xff, 0xf6, 0x0, 0x0, 0x0,
    0x0, 0x0, 0xc, 0xff, 0xf0, 0x0, 0x0, 0x0,
    0x0, 0x0, 0x2f, 0xff, 0xa0, 0x0, 0x0, 0x0,
    0x0, 0x0, 0x8f, 0xff, 0x40, 0x0, 0x0, 0x0,
    0x0, 0x0, 0x78, 0x88, 0x0, 0x0, 0x0, 0x0,

    /* U+007A "z" */
    0x4, 0xff, 0xff, 0xff, 0xff, 0xff, 0xf1, 0x4,
    0xff, 0xff, 0xff, 0xff, 0xff, 0x90, 0x4, 0xff,
    0xff, 0xff, 0xff, 0xff, 0x10, 0x0, 0x0, 0x0,
    0xd, 0xff, 0xf8, 0x0, 0x0, 0x0, 0x0, 0x6f,
    0xff, 0xe0, 0x0, 0x0, 0x0, 0x0, 0xef, 0xff,
    0x70, 0x0, 0x0, 0x0, 0x7, 0xff, 0xfe, 0x0,
    0x0, 0x0, 0x0, 0x1f, 0xff, 0xf6, 0x0, 0x0,
    0x0, 0x0, 0x9f, 0xff, 0xd0, 0x0, 0x0, 0x0,
    0x2, 0xff, 0xff, 0x50, 0x0, 0x0, 0x0, 0xa,
    0xff, 0xfc, 0x0, 0x0, 0x0, 0x0, 0x3f, 0xff,
    0xf4, 0x0, 0x0, 0x0, 0x0, 0xbf, 0xff, 0xb0,
    0x0, 0x0, 0x0, 0x4, 0xff, 0xff, 0xed, 0xdd,
    0xdd, 0xa0, 0xc, 0xff, 0xff, 0xff, 0xff, 0xff,
    0xb0, 0x5f, 0xff, 0xff, 0xff, 0xff, 0xff, 0xb0,

    /* U+007B "{" */
    0x0, 0x0, 0x0, 0x3a, 0xdf, 0xc0, 0x0, 0x0,
    0x9f, 0xff, 0xfe, 0x0, 0x0, 0x7f, 0xff, 0x50,
    0x10, 0x0, 0xe, 0xff, 0x80, 0x0, 0x0, 0x4,
    0xff, 0xf3, 0x0, 0x0, 0x0, 0x6f, 0xff, 0x20,
    0x0, 0x0, 0x7, 0xff, 0xf1, 0x0, 0x0, 0x0,
    0x7f, 0xff, 0x10, 0x0, 0x0, 0x7, 0xff, 0xf1,
    0x0, 0x0, 0x0, 0x7f, 0xff, 0x10, 0x0, 0x0,
    0x7, 0xff, 0xf0, 0x0, 0x0, 0x0, 0x7f, 0xff,
    0x0, 0x0, 0x0, 0x9, 0xff, 0xc0, 0x0, 0x0,
    0x15, 0xff, 0xf5, 0x0, 0x0, 0x4f, 0xff, 0xf8,
    0x0, 0x0, 0x4, 0xff, 0xfc, 0x20, 0x0, 0x0,
    0x17, 0xbf, 0xfe, 0x20, 0x0, 0x0, 0x0, 0xcf,
    0xfa, 0x0, 0x0, 0x0, 0x7, 0xff, 0xf0, 0x0,
    0x0, 0x0, 0x7f, 0xff, 0x0, 0x0, 0x0, 0x7,
    0xff, 0xf1, 0x0, 0x0, 0x0, 0x7f, 0xff, 0x10,
    0x0, 0x0, 0x7, 0xff, 0xf1, 0x0, 0x0, 0x0,
    0x7f, 0xff, 0x10, 0x0, 0x0, 0x6, 0xff, 0xf2,
    0x0, 0x0, 0x0, 0x4f, 0xff, 0x30, 0x0, 0x0,
    0x0, 0xff, 0xf8, 0x0, 0x0, 0x0, 0x8, 0xff,
    0xf5, 0x0, 0x0, 0x0, 0xa, 0xff, 0xff, 0xe0,
    0x0, 0x0, 0x4, 0xae, 0xfd,

    /* U+007C "|" */
    0x3, 0x33, 0x2f, 0xff, 0x2f, 0xff, 0x2f, 0xff,
    0x2f, 0xff, 0x2f, 0xff, 0x2f, 0xff, 0x2f, 0xff,
    0x2f, 0xff, 0x2f, 0xff, 0x2f, 0xff, 0x2f, 0xff,
    0x2f, 0xff, 0x2f, 0xff, 0x2f, 0xff, 0x2f, 0xff,
    0x2f, 0xff, 0x2f, 0xff, 0x2f, 0xff, 0x2f, 0xff,
    0x2f, 0xff, 0x2f, 0xff, 0x2f, 0xff, 0x2f, 0xff,
    0x2f, 0xff, 0x2f, 0xff, 0x2f, 0xff, 0x2f, 0xff,
    0x2f, 0xff, 0x2f, 0xff, 0x2f, 0xff, 0x2f, 0xff,

    /* U+007D "}" */
    0xdf, 0xd9, 0x30, 0x0, 0x0, 0xf, 0xff, 0xff,
    0x80, 0x0, 0x0, 0x11, 0x6f, 0xff, 0x60, 0x0,
    0x0, 0x0, 0x9f, 0xfe, 0x0, 0x0, 0x0, 0x4,
    0xff, 0xf3, 0x0, 0x0, 0x0, 0x2f, 0xff, 0x50,
    0x0, 0x0, 0x2, 0xff, 0xf6, 0x0, 0x0, 0x0,
    0x1f, 0xff, 0x60, 0x0, 0x0, 0x1, 0xff, 0xf6,
    0x0, 0x0, 0x0, 0x1f, 0xff, 0x60, 0x0, 0x0,
    0x1, 0xff, 0xf6, 0x0, 0x0, 0x0, 0xf, 0xff,
    0x60, 0x0, 0x0, 0x0, 0xdf, 0xf8, 0x0, 0x0,
    0x0, 0x6, 0xff, 0xf5, 0x10, 0x0, 0x0, 0x8,
    0xff, 0xff, 0x30, 0x0, 0x0, 0x2d, 0xff, 0xf3,
    0x0, 0x0, 0x2f, 0xff, 0xb7, 0x10, 0x0, 0xb,
    0xff, 0xb0, 0x0, 0x0, 0x0, 0xff, 0xf7, 0x0,
    0x0, 0x0, 0x1f, 0xff, 0x60, 0x0, 0x0, 0x1,
    0xff, 0xf6, 0x0, 0x0, 0x0, 0x1f, 0xff, 0x60,
    0x0, 0x0, 0x1, 0xff, 0xf6, 0x0, 0x0, 0x0,
    0x2f, 0xff, 0x60, 0x0, 0x0, 0x2, 0xff, 0xf6,
    0x0, 0x0, 0x0, 0x4f, 0xff, 0x40, 0x0, 0x0,
    0x9, 0xff, 0xe0, 0x0, 0x0, 0x5, 0xff, 0xf7,
    0x0, 0x0, 0xff, 0xff, 0xf9, 0x0, 0x0, 0xe,
    0xfe, 0xa4, 0x0, 0x0, 0x0,

    /* U+007E "~" */
    0x0, 0x4, 0xbf, 0xea, 0x30, 0x0, 0x0, 0x34,
    0x0, 0x0, 0x8f, 0xff, 0xff, 0xf8, 0x0, 0x0,
    0xcf, 0xa0, 0x7, 0xff, 0xff, 0xff, 0xff, 0xc5,
    0x4a, 0xff, 0xd0, 0xf, 0xff, 0x94, 0x6d, 0xff,
    0xff, 0xff, 0xff, 0x40, 0x1c, 0xf9, 0x0, 0x0,
    0xaf, 0xff, 0xff, 0xf6, 0x0, 0x0, 0x71, 0x0,
    0x0, 0x5, 0xcf, 0xea, 0x30, 0x0,

    /* U+F001 "" */
    0x0, 0x0, 0x0, 0x0, 0x0, 0x0, 0x0, 0x0,
    0x0, 0x0, 0x0, 0x0, 0x0, 0x0, 0x0, 0x0,
    0x0, 0x0, 0x0, 0x0, 0x0, 0x0, 0x0, 0x0,
    0x0, 0x0, 0x0, 0x0, 0x1, 0x6b, 0xff, 0x70,
    0x0, 0x0, 0x0, 0x0, 0x0, 0x0, 0x0, 0x0,
    0x0, 0x0, 0x0, 0x38, 0xcf, 0xff, 0xff, 0xf0,
    0x0, 0x0, 0x0, 0x0, 0x0, 0x0, 0x0, 0x0,
    0x0, 0x5, 0xae, 0xff, 0xff, 0xff, 0xff, 0xf1,
    0x0, 0x0, 0x0, 0x0, 0x0, 0x0, 0x0, 0x2,
    0x7b, 0xff, 0xff, 0xff, 0xff, 0xff, 0xff, 0xf1,
    0x0, 0x0, 0x0, 0x0, 0x0, 0x0, 0x49, 0xdf,
    0xff, 0xff, 0xff, 0xff, 0xff, 0xff, 0xff, 0xf1,
    0x0, 0x0, 0x0, 0x0, 0x6, 0xaf, 0xff, 0xff,
    0xff, 0xff, 0xff, 0xff, 0xff, 0xff, 0xff, 0xf1,
    0x0, 0x0, 0x0, 0x0, 0xcf, 0xff, 0xff, 0xff,
    0xff, 0xff, 0xff, 0xff, 0xff, 0xff, 0xff, 0xf1,
    0x0, 0x0, 0x0, 0x1, 0xff, 0xff, 0xff, 0xff,
    0xff, 0xff, 0xff, 0xff, 0xff, 0xff, 0xff, 0xf1,
    0x0, 0x0, 0x0, 0x1, 0xff, 0xff, 0xff, 0xff,
    0xff, 0xff, 0xff, 0xff, 0xfc, 0x8d, 0xff, 0xf1,
    0x0, 0x0, 0x0, 0x1, 0xff, 0xff, 0xff, 0xff,
    0xff, 0xff, 0xff, 0xa6, 0x10, 0xc, 0xff, 0xf1,
    0x0, 0x0, 0x0, 0x1, 0xff, 0xff, 0xff, 0xff,
    0xff, 0xd9, 0x40, 0x0, 0x0, 0xc, 0xff, 0xf1,
    0x0, 0x0, 0x0, 0x1, 0xff, 0xff, 0xff, 0xfb,
    0x72, 0x0, 0x0, 0x0, 0x0, 0xc, 0xff, 0xf1,
    0x0, 0x0, 0x0, 0x1, 0xff, 0xff, 0x95, 0x0,
    0x0, 0x0, 0x0, 0x0, 0x0, 0xc, 0xff, 0xf1,
    0x0, 0x0, 0x0, 0x1, 0xff, 0xfc, 0x0, 0x0,
    0x0, 0x0, 0x0, 0x0, 0x0, 0xc, 0xff, 0xf1,
    0x0, 0x0, 0x0, 0x1, 0xff, 0xfc, 0x0, 0x0,
    0x0, 0x0, 0x0, 0x0, 0x0, 0xc, 0xff, 0xf1,
    0x0, 0x0, 0x0, 0x1, 0xff, 0xfc, 0x0, 0x0,
    0x0, 0x0, 0x0, 0x0, 0x0, 0xc, 0xff, 0xf1,
    0x0, 0x0, 0x0, 0x1, 0xff, 0xfc, 0x0, 0x0,
    0x0, 0x0, 0x0, 0x0, 0x0, 0xc, 0xff, 0xf1,
    0x0, 0x0, 0x0, 0x1, 0xff, 0xfc, 0x0, 0x0,
    0x0, 0x0, 0x0, 0x0, 0x0, 0xc, 0xff, 0xf1,
    0x0, 0x0, 0x0, 0x1, 0xff, 0xfc, 0x0, 0x0,
    0x0, 0x0, 0x0, 0x0, 0x0, 0xc, 0xff, 0xf1,
    0x0, 0x0, 0x0, 0x1, 0xff, 0xfc, 0x0, 0x0,
    0x0, 0x0, 0x0, 0x48, 0xbb, 0x9e, 0xff, 0xf1,
    0x0, 0x0, 0x0, 0x1, 0xff, 0xfc, 0x0, 0x0,
    0x0, 0x0, 0x2c, 0xff, 0xff, 0xff, 0xff, 0xf1,
    0x0, 0x0, 0x0, 0x1, 0xff, 0xfc, 0x0, 0x0,
    0x0, 0x1, 0xef, 0xff, 0xff, 0xff, 0xff, 0xf1,
    0x0, 0x0, 0x0, 0x1, 0xff, 0xfc, 0x0, 0x0,
    0x0, 0x7, 0xff, 0xff, 0xff, 0xff, 0xff, 0xf1,
    0x0, 0x18, 0xbd, 0xcb, 0xff, 0xfc, 0x0, 0x0,
    0x0, 0x7, 0xff, 0xff, 0xff, 0xff, 0xff, 0xf0,
    0x7, 0xff, 0xff, 0xff, 0xff, 0xfc, 0x0, 0x0,
    0x0, 0x2, 0xff, 0xff, 0xff, 0xff, 0xff, 0xa0,
    0x5f, 0xff, 0xff, 0xff, 0xff, 0xfc, 0x0, 0x0,
    0x0, 0x0, 0x5f, 0xff, 0xff, 0xff, 0xfc, 0x10,
    0xcf, 0xff, 0xff, 0xff, 0xff, 0xfc, 0x0, 0x0,
    0x0, 0x0, 0x1, 0x8d, 0xff, 0xeb, 0x50, 0x0,
    0xcf, 0xff, 0xff, 0xff, 0xff, 0xfb, 0x0, 0x0,
    0x0, 0x0, 0x0, 0x0, 0x0, 0x0, 0x0, 0x0,
    0x5f, 0xff, 0xff, 0xff, 0xff, 0xf5, 0x0, 0x0,
    0x0, 0x0, 0x0, 0x0, 0x0, 0x0, 0x0, 0x0,
    0x7, 0xff, 0xff, 0xff, 0xff, 0x60, 0x0, 0x0,
    0x0, 0x0, 0x0, 0x0, 0x0, 0x0, 0x0, 0x0,
    0x0, 0x28, 0xbd, 0xdb, 0x71, 0x0, 0x0, 0x0,
    0x0, 0x0, 0x0, 0x0, 0x0, 0x0, 0x0, 0x0,

    /* U+F008 "" */
    0x3, 0x0, 0x0, 0x44, 0x44, 0x44, 0x44, 0x44,
    0x44, 0x44, 0x44, 0x44, 0x40, 0x0, 0x3, 0xc,
    0xf0, 0x0, 0x3f, 0xff, 0xff, 0xff, 0xff, 0xff,
    0xff, 0xff, 0xff, 0xff, 0x30, 0x0, 0xfc, 0xff,
    0x65, 0x59, 0xff, 0xff, 0xff, 0xff, 0xff, 0xff,
    0xff, 0xff, 0xff, 0xf9, 0x55, 0x6f, 0xff, 0xff,
    0xff, 0xff, 0xff, 0xba, 0xaa, 0xaa, 0xaa, 0xaa,
    0xaa, 0xbf, 0xff, 0xff, 0xff, 0xff, 0xff, 0xba,
    0xac, 0xff, 0xb0, 0x0, 0x0, 0x0, 0x0, 0x0,
    0x0, 0xbf, 0xfc, 0xaa, 0xbf, 0xff, 0xf0, 0x0,
    0x3f, 0xfb, 0x0, 0x0, 0x0, 0x0, 0x0, 0x0,
    0xb, 0xff, 0x30, 0x0, 0xff, 0xff, 0x0, 0x3,
    0xff, 0xb0, 0x0, 0x0, 0x0, 0x0, 0x0, 0x0,
    0xbf, 0xf3, 0x0, 0xf, 0xff, 0xf0, 0x0, 0x3f,
    0xfb, 0x0, 0x0, 0x0, 0x0, 0x0, 0x0, 0xb,
    0xff, 0x30, 0x0, 0xff, 0xff, 0x98, 0x8b, 0xff,
    0xb0, 0x0, 0x0, 0x0, 0x0, 0x0, 0x0, 0xbf,
    0xfb, 0x88, 0x9f, 0xff, 0xff, 0xff, 0xff, 0xfb,
    0x0, 0x0, 0x0, 0x0, 0x0, 0x0, 0xb, 0xff,
    0xff, 0xff, 0xff, 0xff, 0x87, 0x7a, 0xff, 0xd1,
    0x11, 0x11, 0x11, 0x11, 0x11, 0x11, 0xdf, 0xfa,
    0x77, 0x8f, 0xff, 0xf0, 0x0, 0x3f, 0xff, 0xff,
    0xff, 0xff, 0xff, 0xff, 0xff, 0xff, 0xff, 0x30,
    0x0, 0xff, 0xff, 0x0, 0x3, 0xff, 0xff, 0xff,
    0xff, 0xff, 0xff, 0xff, 0xff, 0xff, 0xf3, 0x0,
    0xf, 0xff, 0xf0, 0x0, 0x3f, 0xff, 0xdd, 0xdd,
    0xdd, 0xdd, 0xdd, 0xdd, 0xdf, 0xff, 0x30, 0x0,
    0xff, 0xff, 0xcb, 0xbd, 0xff, 0xc0, 0x0, 0x0,
    0x0, 0x0, 0x0, 0x0, 0xcf, 0xfd, 0xbb, 0xcf,
    0xff, 0xff, 0xff, 0xff, 0xfb, 0x0, 0x0, 0x0,
    0x0, 0x0, 0x0, 0xb, 0xff, 0xff, 0xff, 0xff,
    0xff, 0x54, 0x48, 0xff, 0xb0, 0x0, 0x0, 0x0,
    0x0, 0x0, 0x0, 0xbf, 0xf8, 0x44, 0x5f, 0xff,
    0xf0, 0x0, 0x3f, 0xfb, 0x0, 0x0, 0x0, 0x0,
    0x0, 0x0, 0xb, 0xff, 0x30, 0x0, 0xff, 0xff,
    0x0, 0x3, 0xff, 0xb0, 0x0, 0x0, 0x0, 0x0,
    0x0, 0x0, 0xbf, 0xf3, 0x0, 0xf, 0xff, 0xf0,
    0x0, 0x4f, 0xfb, 0x0, 0x0, 0x0, 0x0, 0x0,
    0x0, 0xb, 0xff, 0x40, 0x0, 0xff, 0xff, 0xee,
    0xef, 0xff, 0xc0, 0x0, 0x0, 0x0, 0x0, 0x0,
    0x0, 0xcf, 0xff, 0xee, 0xef, 0xff, 0xff, 0xff,
    0xff, 0xff, 0xee, 0xee, 0xee, 0xee, 0xee, 0xee,
    0xef, 0xff, 0xff, 0xff, 0xff, 0xff, 0x21, 0x15,
    0xff, 0xff, 0xff, 0xff, 0xff, 0xff, 0xff, 0xff,
    0xff, 0xf5, 0x11, 0x2f, 0xf8, 0xe0, 0x0, 0x3f,
    0xff, 0xff, 0xff, 0xff, 0xff, 0xff, 0xff, 0xff,
    0xff, 0x30, 0x0, 0xe8,

    /* U+F00B "" */
    0x0, 0x0, 0x0, 0x0, 0x0, 0x0, 0x0, 0x0,
    0x0, 0x0, 0x0, 0x0, 0x0, 0x0, 0x0, 0x9,
    0xff, 0xff, 0xff, 0xf9, 0x0, 0xaf, 0xff, 0xff,
    0xff, 0xff, 0xff, 0xff, 0xff, 0xff, 0xf9, 0xff,
    0xff, 0xff, 0xff, 0xf0, 0xf, 0xff, 0xff, 0xff,
    0xff, 0xff, 0xff, 0xff, 0xff, 0xff, 0xff, 0xff,
    0xff, 0xff, 0xff, 0x0, 0xff, 0xff, 0xff, 0xff,
    0xff, 0xff, 0xff, 0xff, 0xff, 0xff, 0xff, 0xff,
    0xff, 0xff, 0xf0, 0xf, 0xff, 0xff, 0xff, 0xff,
    0xff, 0xff, 0xff, 0xff, 0xff, 0xff, 0xff, 0xff,
    0xff, 0xff, 0x0, 0xff, 0xff, 0xff, 0xff, 0xff,
    0xff, 0xff, 0xff, 0xff, 0xff, 0xff, 0xff, 0xff,
    0xff, 0xf0, 0xf, 0xff, 0xff, 0xff, 0xff, 0xff,
    0xff, 0xff, 0xff, 0xff, 0xff, 0xff, 0xff, 0xff,
    0xff, 0x0, 0xff, 0xff, 0xff, 0xff, 0xff, 0xff,
    0xff, 0xff, 0xff, 0xff, 0x4a, 0xbb, 0xbb, 0xba,
    0x40, 0x5, 0xbb, 0xbb, 0xbb, 0xbb, 0xbb, 0xbb,
    0xbb, 0xbb, 0xba, 0x40, 0x0, 0x0, 0x0, 0x0,
    0x0, 0x0, 0x0, 0x0, 0x0, 0x0, 0x0, 0x0,
    0x0, 0x0, 0x0, 0x4a, 0xbb, 0xbb, 0xba, 0x40,
    0x5, 0xab, 0xbb, 0xbb, 0xbb, 0xbb, 0xbb, 0xbb,
    0xbb, 0xba, 0x4f, 0xff, 0xff, 0xff, 0xff, 0x0,
    0xff, 0xff, 0xff, 0xff, 0xff, 0xff, 0xff, 0xff,
    0xff, 0xff, 0xff, 0xff, 0xff, 0xff, 0xf0, 0xf,
    0xff, 0xff, 0xff, 0xff, 0xff, 0xff, 0xff, 0xff,
    0xff, 0xff, 0xff, 0xff, 0xff, 0xff, 0x0, 0xff,
    0xff, 0xff, 0xff, 0xff, 0xff, 0xff, 0xff, 0xff,
    0xff, 0xff, 0xff, 0xff, 0xff, 0xf0, 0xf, 0xff,
    0xff, 0xff, 0xff, 0xff, 0xff, 0xff, 0xff, 0xff,
    0xff, 0xff, 0xff, 0xff, 0xff, 0x0, 0xff, 0xff,
    0xff, 0xff, 0xff, 0xff, 0xff, 0xff, 0xff, 0xff,
    0xff, 0xff, 0xff, 0xff, 0xf0, 0xf, 0xff, 0xff,
    0xff, 0xff, 0xff, 0xff, 0xff, 0xff, 0xff, 0xf9,
    0xff, 0xff, 0xff, 0xf9, 0x0, 0xaf, 0xff, 0xff,
    0xff, 0xff, 0xff, 0xff, 0xff, 0xff, 0xf9, 0x0,
    0x0, 0x0, 0x0, 0x0, 0x0, 0x0, 0x0, 0x0,
    0x0, 0x0, 0x0, 0x0, 0x0, 0x0, 0x0, 0x0,
    0x0, 0x0, 0x0, 0x0, 0x0, 0x0, 0x0, 0x0,
    0x0, 0x0, 0x0, 0x0, 0x0, 0x0, 0x5c, 0xcc,
    0xcc, 0xcc, 0x60, 0x6, 0xcc, 0xcc, 0xcc, 0xcc,
    0xcc, 0xcc, 0xcc, 0xcc, 0xcc, 0x5f, 0xff, 0xff,
    0xff, 0xff, 0x0, 0xff, 0xff, 0xff, 0xff, 0xff,
    0xff, 0xff, 0xff, 0xff, 0xff, 0xff, 0xff, 0xff,
    0xff, 0xf0, 0xf, 0xff, 0xff, 0xff, 0xff, 0xff,
    0xff, 0xff, 0xff, 0xff, 0xff, 0xff, 0xff, 0xff,
    0xff, 0x0, 0xff, 0xff, 0xff, 0xff, 0xff, 0xff,
    0xff, 0xff, 0xff, 0xff, 0xff, 0xff, 0xff, 0xff,
    0xf0, 0xf, 0xff, 0xff, 0xff, 0xff, 0xff, 0xff,
    0xff, 0xff, 0xff, 0xff, 0xff, 0xff, 0xff, 0xff,
    0x0, 0xff, 0xff, 0xff, 0xff, 0xff, 0xff, 0xff,
    0xff, 0xff, 0xff, 0xff, 0xff, 0xff, 0xff, 0xf0,
    0xf, 0xff, 0xff, 0xff, 0xff, 0xff, 0xff, 0xff,
    0xff, 0xff, 0xf8, 0xef, 0xff, 0xff, 0xe8, 0x0,
    0x8f, 0xff, 0xff, 0xff, 0xff, 0xff, 0xff, 0xff,
    0xff, 0xe8,

    /* U+F00C "" */
    0x0, 0x0, 0x0, 0x0, 0x0, 0x0, 0x0, 0x0,
    0x0, 0x0, 0x0, 0x0, 0x0, 0x1, 0x0, 0x0,
    0x0, 0x0, 0x0, 0x0, 0x0, 0x0, 0x0, 0x0,
    0x0, 0x0, 0x0, 0x0, 0x2e, 0xf8, 0x0, 0x0,
    0x0, 0x0, 0x0, 0x0, 0x0, 0x0, 0x0, 0x0,
    0x0, 0x0, 0x0, 0x2e, 0xff, 0xf9, 0x0, 0x0,
    0x0, 0x0, 0x0, 0x0, 0x0, 0x0, 0x0, 0x0,
    0x0, 0x0, 0x2e, 0xff, 0xff, 0xf8, 0x0, 0x0,
    0x0, 0x0, 0x0, 0x0, 0x0, 0x0, 0x0, 0x0,
    0x0, 0x2e, 0xff, 0xff, 0xff, 0xf0, 0x0, 0x0,
    0x0, 0x0, 0x0, 0x0, 0x0, 0x0, 0x0, 0x0,
    0x2e, 0xff, 0xff, 0xff, 0xfa, 0x0, 0x0, 0x0,
    0x0, 0x0, 0x0, 0x0, 0x0, 0x0, 0x0, 0x2e,
    0xff, 0xff, 0xff, 0xfb, 0x0, 0x0, 0x0, 0x0,
    0x0, 0x0, 0x0, 0x0, 0x0, 0x0, 0x2e, 0xff,
    0xff, 0xff, 0xfb, 0x0, 0x0, 0x5, 0x20, 0x0,
    0x0, 0x0, 0x0, 0x0, 0x0, 0x2e, 0xff, 0xff,
    0xff, 0xfb, 0x0, 0x0, 0xb, 0xff, 0x50, 0x0,
    0x0, 0x0, 0x0, 0x0, 0x2e, 0xff, 0xff, 0xff,
    0xfb, 0x0, 0x0, 0xc, 0xff, 0xff, 0x50, 0x0,
    0x0, 0x0, 0x0, 0x2e, 0xff, 0xff, 0xff, 0xfb,
    0x0, 0x0, 0xb, 0xff, 0xff, 0xff, 0x50, 0x0,
    0x0, 0x0, 0x2e, 0xff, 0xff, 0xff, 0xfb, 0x0,
    0x0, 0x0, 0xff, 0xff, 0xff, 0xff, 0x50, 0x0,
    0x0, 0x2e, 0xff, 0xff, 0xff, 0xfa, 0x0, 0x0,
    0x0, 0x7, 0xff, 0xff, 0xff, 0xff, 0x50, 0x0,
    0x2e, 0xff, 0xff, 0xff, 0xfa, 0x0, 0x0, 0x0,
    0x0, 0x7, 0xff, 0xff, 0xff, 0xff, 0x50, 0x2e,
    0xff, 0xff, 0xff, 0xfa, 0x0, 0x0, 0x0, 0x0,
    0x0, 0x7, 0xff, 0xff, 0xff, 0xff, 0x7e, 0xff,
    0xff, 0xff, 0xfa, 0x0, 0x0, 0x0, 0x0, 0x0,
    0x0, 0x7, 0xff, 0xff, 0xff, 0xff, 0xff, 0xff,
    0xff, 0xfa, 0x0, 0x0, 0x0, 0x0, 0x0, 0x0,
    0x0, 0x7, 0xff, 0xff, 0xff, 0xff, 0xff, 0xff,
    0xfa, 0x0, 0x0, 0x0, 0x0, 0x0, 0x0, 0x0,
    0x0, 0x7, 0xff, 0xff, 0xff, 0xff, 0xff, 0xfa,
    0x0, 0x0, 0x0, 0x0, 0x0, 0x0, 0x0, 0x0,
    0x0, 0x7, 0xff, 0xff, 0xff, 0xff, 0xfa, 0x0,
    0x0, 0x0, 0x0, 0x0, 0x0, 0x0, 0x0, 0x0,
    0x0, 0x7, 0xff, 0xff, 0xff, 0xfa, 0x0, 0x0,
    0x0, 0x0, 0x0, 0x0, 0x0, 0x0, 0x0, 0x0,
    0x0, 0x7, 0xff, 0xff, 0xfa, 0x0, 0x0, 0x0,
    0x0, 0x0, 0x0, 0x0, 0x0, 0x0, 0x0, 0x0,
    0x0, 0x6, 0xff, 0xfa, 0x0, 0x0, 0x0, 0x0,
    0x0, 0x0, 0x0, 0x0, 0x0, 0x0, 0x0, 0x0,
    0x0, 0x6, 0xe9, 0x0, 0x0, 0x0, 0x0, 0x0,
    0x0, 0x0, 0x0, 0x0,

    /* U+F00D "" */
    0x0, 0x13, 0x0, 0x0, 0x0, 0x0, 0x0, 0x0,
    0x2, 0x20, 0x0, 0x5, 0xff, 0xc0, 0x0, 0x0,
    0x0, 0x0, 0x0, 0x8f, 0xfa, 0x0, 0x5f, 0xff,
    0xfc, 0x0, 0x0, 0x0, 0x0, 0x8, 0xff, 0xff,
    0xa0, 0xef, 0xff, 0xff, 0xc0, 0x0, 0x0, 0x0,
    0x8f, 0xff, 0xff, 0xf3, 0xef, 0xff, 0xff, 0xfc,
    0x0, 0x0, 0x8, 0xff, 0xff, 0xff, 0xf3, 0x4f,
    0xff, 0xff, 0xff, 0xc0, 0x0, 0x8f, 0xff, 0xff,
    0xff, 0x90, 0x4, 0xff, 0xff, 0xff, 0xfc, 0x8,
    0xff, 0xff, 0xff, 0xf9, 0x0, 0x0, 0x4f, 0xff,
    0xff, 0xff, 0xef, 0xff, 0xff, 0xff, 0x90, 0x0,
    0x0, 0x4, 0xff, 0xff, 0xff, 0xff, 0xff, 0xff,
    0xf9, 0x0, 0x0, 0x0, 0x0, 0x4f, 0xff, 0xff,
    0xff, 0xff, 0xff, 0x90, 0x0, 0x0, 0x0, 0x0,
    0x4, 0xff, 0xff, 0xff, 0xff, 0xf9, 0x0, 0x0,
    0x0, 0x0, 0x0, 0x0, 0xaf, 0xff, 0xff, 0xff,
    0xe1, 0x0, 0x0, 0x0, 0x0, 0x0, 0x8, 0xff,
    0xff, 0xff, 0xff, 0xfc, 0x0, 0x0, 0x0, 0x0,
    0x0, 0x8f, 0xff, 0xff, 0xff, 0xff, 0xff, 0xc0,
    0x0, 0x0, 0x0, 0x8, 0xff, 0xff, 0xff, 0xff,
    0xff, 0xff, 0xfc, 0x0, 0x0, 0x0, 0x8f, 0xff,
    0xff, 0xff, 0xbf, 0xff, 0xff, 0xff, 0xc0, 0x0,
    0x8, 0xff, 0xff, 0xff, 0xf9, 0x4, 0xff, 0xff,
    0xff, 0xfc, 0x0, 0x7f, 0xff, 0xff, 0xff, 0x90,
    0x0, 0x4f, 0xff, 0xff, 0xff, 0xc0, 0xff, 0xff,
    0xff, 0xf9, 0x0, 0x0, 0x4, 0xff, 0xff, 0xff,
    0xf4, 0xcf, 0xff, 0xff, 0x90, 0x0, 0x0, 0x0,
    0x4f, 0xff, 0xff, 0xf2, 0x2e, 0xff, 0xf9, 0x0,
    0x0, 0x0, 0x0, 0x4, 0xff, 0xff, 0x60, 0x2,
    0xdf, 0x80, 0x0, 0x0, 0x0, 0x0, 0x0, 0x4e,
    0xe6, 0x0, 0x0, 0x0, 0x0, 0x0, 0x0, 0x0,
    0x0, 0x0, 0x0, 0x0, 0x0,

    /* U+F011 "" */
    0x0, 0x0, 0x0, 0x0, 0x0, 0x0, 0x0, 0x12,
    0x10, 0x0, 0x0, 0x0, 0x0, 0x0, 0x0, 0x0,
    0x0, 0x0, 0x0, 0x0, 0x0, 0x0, 0xaf, 0xff,
    0x70, 0x0, 0x0, 0x0, 0x0, 0x0, 0x0, 0x0,
    0x0, 0x0, 0x0, 0x0, 0x0, 0xf, 0xff, 0xfd,
    0x0, 0x0, 0x0, 0x0, 0x0, 0x0, 0x0, 0x0,
    0x0, 0x0, 0x40, 0x0, 0x0, 0xff, 0xff, 0xd0,
    0x0, 0x1, 0x40, 0x0, 0x0, 0x0, 0x0, 0x0,
    0x2, 0xdf, 0xd0, 0x0, 0xf, 0xff, 0xfd, 0x0,
    0x1, 0xef, 0xc1, 0x0, 0x0, 0x0, 0x0, 0x3,
    0xef, 0xff, 0x60, 0x0, 0xff, 0xff, 0xd0, 0x0,
    0xaf, 0xff, 0xd1, 0x0, 0x0, 0x0, 0x2, 0xef,
    0xff, 0xfd, 0x0, 0xf, 0xff, 0xfd, 0x0, 0x1f,
    0xff, 0xff, 0xd0, 0x0, 0x0, 0x0, 0xcf, 0xff,
    0xff, 0xb0, 0x0, 0xff, 0xff, 0xd0, 0x0, 0xdf,
    0xff, 0xff, 0xa0, 0x0, 0x0, 0x7f, 0xff, 0xff,
    0xb0, 0x0, 0xf, 0xff, 0xfd, 0x0, 0x2, 0xdf,
    0xff, 0xff, 0x40, 0x0, 0x1f, 0xff, 0xff, 0xb0,
    0x0, 0x0, 0xff, 0xff, 0xd0, 0x0, 0x1, 0xdf,
    0xff, 0xfd, 0x0, 0x7, 0xff, 0xff, 0xe1, 0x0,
    0x0, 0xf, 0xff, 0xfd, 0x0, 0x0, 0x3, 0xff,
    0xff, 0xf4, 0x0, 0xdf, 0xff, 0xf6, 0x0, 0x0,
    0x0, 0xff, 0xff, 0xd0, 0x0, 0x0, 0x9, 0xff,
    0xff, 0xa0, 0x1f, 0xff, 0xff, 0x0, 0x0, 0x0,
    0xf, 0xff, 0xfd, 0x0, 0x0, 0x0, 0x2f, 0xff,
    0xff, 0x5, 0xff, 0xff, 0x90, 0x0, 0x0, 0x0,
    0xff, 0xff, 0xd0, 0x0, 0x0, 0x0, 0xcf, 0xff,
    0xf2, 0x7f, 0xff, 0xf6, 0x0, 0x0, 0x0, 0xf,
    0xff, 0xfd, 0x0, 0x0, 0x0, 0x9, 0xff, 0xff,
    0x58, 0xff, 0xff, 0x40, 0x0, 0x0, 0x0, 0xff,
    0xff, 0xd0, 0x0, 0x0, 0x0, 0x7f, 0xff, 0xf6,
    0x9f, 0xff, 0xf4, 0x0, 0x0, 0x0, 0xf, 0xff,
    0xfd, 0x0, 0x0, 0x0, 0x7, 0xff, 0xff, 0x68,
    0xff, 0xff, 0x50, 0x0, 0x0, 0x0, 0xcf, 0xff,
    0x90, 0x0, 0x0, 0x0, 0x8f, 0xff, 0xf5, 0x6f,
    0xff, 0xf8, 0x0, 0x0, 0x0, 0x0, 0x45, 0x40,
    0x0, 0x0, 0x0, 0xb, 0xff, 0xff, 0x33, 0xff,
    0xff, 0xd0, 0x0, 0x0, 0x0, 0x0, 0x0, 0x0,
    0x0, 0x0, 0x0, 0xff, 0xff, 0xf1, 0xf, 0xff,
    0xff, 0x30, 0x0, 0x0, 0x0, 0x0, 0x0, 0x0,
    0x0, 0x0, 0x6f, 0xff, 0xfc, 0x0, 0x9f, 0xff,
    0xfc, 0x0, 0x0, 0x0, 0x0, 0x0, 0x0, 0x0,
    0x0, 0xe, 0xff, 0xff, 0x70, 0x3, 0xff, 0xff,
    0xf8, 0x0, 0x0, 0x0, 0x0, 0x0, 0x0, 0x0,
    0xb, 0xff, 0xff, 0xf1, 0x0, 0xa, 0xff, 0xff,
    0xf6, 0x0, 0x0, 0x0, 0x0, 0x0, 0x0, 0x9,
    0xff, 0xff, 0xf8, 0x0, 0x0, 0x1f, 0xff, 0xff,
    0xf9, 0x0, 0x0, 0x0, 0x0, 0x0, 0x1b, 0xff,
    0xff, 0xfd, 0x0, 0x0, 0x0, 0x5f, 0xff, 0xff,
    0xfe, 0x71, 0x0, 0x0, 0x2, 0x8f, 0xff, 0xff,
    0xff, 0x30, 0x0, 0x0, 0x0, 0x7f, 0xff, 0xff,
    0xff, 0xfd, 0xcb, 0xce, 0xff, 0xff, 0xff, 0xff,
    0x40, 0x0, 0x0, 0x0, 0x0, 0x6f, 0xff, 0xff,
    0xff, 0xff, 0xff, 0xff, 0xff, 0xff, 0xff, 0x40,
    0x0, 0x0, 0x0, 0x0, 0x0, 0x3d, 0xff, 0xff,
    0xff, 0xff, 0xff, 0xff, 0xff, 0xfd, 0x20, 0x0,
    0x0, 0x0, 0x0, 0x0, 0x0, 0x7, 0xef, 0xff,
    0xff, 0xff, 0xff, 0xff, 0xe6, 0x0, 0x0, 0x0,
    0x0, 0x0, 0x0, 0x0, 0x0, 0x0, 0x5a, 0xdf,
    0xff, 0xff, 0xda, 0x50, 0x0, 0x0, 0x0, 0x0,
    0x0, 0x0, 0x0, 0x0, 0x0, 0x0, 0x0, 0x1,
    0x22, 0x0, 0x0, 0x0, 0x0, 0x0, 0x0, 0x0,

    /* U+F013 "" */
    0x0, 0x0, 0x0, 0x0, 0x0, 0x0, 0x57, 0x9a,
    0x97, 0x50, 0x0, 0x0, 0x0, 0x0, 0x0, 0x0,
    0x0, 0x0, 0x0, 0x0, 0x0, 0x5f, 0xff, 0xff,
    0xff, 0x50, 0x0, 0x0, 0x0, 0x0, 0x0, 0x0,
    0x0, 0x0, 0x0, 0x0, 0x6, 0xff, 0xff, 0xff,
    0xf6, 0x0, 0x0, 0x0, 0x0, 0x0, 0x0, 0x0,
    0x0, 0x0, 0x0, 0x0, 0x6f, 0xff, 0xff, 0xff,
    0x60, 0x0, 0x0, 0x0, 0x0, 0x0, 0x0, 0x0,
    0x0, 0x0, 0x0, 0x1a, 0xff, 0xff, 0xff, 0xfa,
    0x10, 0x0, 0x0, 0x0, 0x0, 0x0, 0x0, 0xb,
    0xd4, 0x0, 0x8f, 0xff, 0xff, 0xff, 0xff, 0xff,
    0x80, 0x5, 0xeb, 0x0, 0x0, 0x0, 0x9, 0xff,
    0xfb, 0xdf, 0xff, 0xff, 0xff, 0xff, 0xff, 0xff,
    0xdb, 0xff, 0xf9, 0x0, 0x0, 0x4, 0xff, 0xff,
    0xff, 0xff, 0xff, 0xff, 0xff, 0xff, 0xff, 0xff,
    0xff, 0xff, 0xf4, 0x0, 0x0, 0xdf, 0xff, 0xff,
    0xff, 0xff, 0xff, 0xff, 0xff, 0xff, 0xff, 0xff,
    0xff, 0xff, 0xd0, 0x0, 0x4f, 0xff, 0xff, 0xff,
    0xff, 0xff, 0xff, 0xff, 0xff, 0xff, 0xff, 0xff,
    0xff, 0xff, 0x40, 0xb, 0xff, 0xff, 0xff, 0xff,
    0xff, 0xfe, 0xa8, 0xae, 0xff, 0xff, 0xff, 0xff,
    0xff, 0xfb, 0x0, 0xaf, 0xff, 0xff, 0xff, 0xff,
    0xf9, 0x0, 0x0, 0x9, 0xff, 0xff, 0xff, 0xff,
    0xff, 0xa0, 0x0, 0x5e, 0xff, 0xff, 0xff, 0xfa,
    0x0, 0x0, 0x0, 0xa, 0xff, 0xff, 0xff, 0xfe,
    0x50, 0x0, 0x0, 0xf, 0xff, 0xff, 0xff, 0x10,
    0x0, 0x0, 0x0, 0x1f, 0xff, 0xff, 0xff, 0x0,
    0x0, 0x0, 0x0, 0xff, 0xff, 0xff, 0xc0, 0x0,
    0x0, 0x0, 0x0, 0xcf, 0xff, 0xff, 0xf0, 0x0,
    0x0, 0x0, 0x1f, 0xff, 0xff, 0xfa, 0x0, 0x0,
    0x0, 0x0, 0xa, 0xff, 0xff, 0xff, 0x10, 0x0,
    0x0, 0x0, 0xff, 0xff, 0xff, 0xc0, 0x0, 0x0,
    0x0, 0x0, 0xcf, 0xff, 0xff, 0xf0, 0x0, 0x0,
    0x0, 0x2f, 0xff, 0xff, 0xff, 0x20, 0x0, 0x0,
    0x0, 0x2f, 0xff, 0xff, 0xff, 0x20, 0x0, 0x1,
    0x9f, 0xff, 0xff, 0xff, 0xfc, 0x0, 0x0, 0x0,
    0xc, 0xff, 0xff, 0xff, 0xff, 0x91, 0x0, 0xcf,
    0xff, 0xff, 0xff, 0xff, 0xfc, 0x30, 0x0, 0x3d,
    0xff, 0xff, 0xff, 0xff, 0xff, 0xc0, 0x9, 0xff,
    0xff, 0xff, 0xff, 0xff, 0xff, 0xec, 0xef, 0xff,
    0xff, 0xff, 0xff, 0xff, 0xf9, 0x0, 0x3f, 0xff,
    0xff, 0xff, 0xff, 0xff, 0xff, 0xff, 0xff, 0xff,
    0xff, 0xff, 0xff, 0xff, 0x30, 0x0, 0xbf, 0xff,
    0xff, 0xff, 0xff, 0xff, 0xff, 0xff, 0xff, 0xff,
    0xff, 0xff, 0xff, 0xb0, 0x0, 0x2, 0xff, 0xff,
    0xff, 0xff, 0xff, 0xff, 0xff, 0xff, 0xff, 0xff,
    0xff, 0xff, 0xf2, 0x0, 0x0, 0x6, 0xff, 0xf7,
    0x9f, 0xff, 0xff, 0xff, 0xff, 0xff, 0xff, 0x97,
    0xff, 0xf6, 0x0, 0x0, 0x0, 0x7, 0xa1, 0x0,
    0x4d, 0xff, 0xff, 0xff, 0xff, 0xfd, 0x40, 0x1,
    0x97, 0x0, 0x0, 0x0, 0x0, 0x0, 0x0, 0x0,
    0x7, 0xff, 0xff, 0xff, 0xf7, 0x0, 0x0, 0x0,
    0x0, 0x0, 0x0, 0x0, 0x0, 0x0, 0x0, 0x0,
    0x6f, 0xff, 0xff, 0xff, 0x60, 0x0, 0x0, 0x0,
    0x0, 0x0, 0x0, 0x0, 0x0, 0x0, 0x0, 0x6,
    0xff, 0xff, 0xff, 0xf6, 0x0, 0x0, 0x0, 0x0,
    0x0, 0x0, 0x0, 0x0, 0x0, 0x0, 0x0, 0x4f,
    0xff, 0xff, 0xff, 0x40, 0x0, 0x0, 0x0, 0x0,
    0x0, 0x0, 0x0, 0x0, 0x0, 0x0, 0x0, 0x13,
    0x56, 0x53, 0x10, 0x0, 0x0, 0x0, 0x0, 0x0,
    0x0,

    /* U+F015 "" */
    0x0, 0x0, 0x0, 0x0, 0x0, 0x0, 0x0, 0x0,
    0x2, 0x0, 0x0, 0x0, 0x2, 0x22, 0x20, 0x0,
    0x0, 0x0, 0x0, 0x0, 0x0, 0x0, 0x0, 0x0,
    0x0, 0x6f, 0xfe, 0x40, 0x0, 0x3, 0xff, 0xff,
    0x70, 0x0, 0x0, 0x0, 0x0, 0x0, 0x0, 0x0,
    0x0, 0x0, 0xaf, 0xff, 0xff, 0x70, 0x0, 0x4f,
    0xff, 0xf8, 0x0, 0x0, 0x0, 0x0, 0x0, 0x0,
    0x0, 0x0, 0x1, 0xcf, 0xff, 0xff, 0xff, 0xa0,
    0x4, 0xff, 0xff, 0x80, 0x0, 0x0, 0x0, 0x0,
    0x0, 0x0, 0x0, 0x3, 0xef, 0xff, 0xff, 0xff,
    0xff, 0xc1, 0x4f, 0xff, 0xf8, 0x0, 0x0, 0x0,
    0x0, 0x0, 0x0, 0x0, 0x5, 0xff, 0xff, 0xfb,
    0x5c, 0xff, 0xff, 0xe8, 0xff, 0xff, 0x80, 0x0,
    0x0, 0x0, 0x0, 0x0, 0x0, 0x8, 0xff, 0xff,
    0xf9, 0x0, 0xa, 0xff, 0xff, 0xff, 0xff, 0xf8,
    0x0, 0x0, 0x0, 0x0, 0x0, 0x0, 0xa, 0xff,
    0xff, 0xf6, 0x0, 0x30, 0x8, 0xff, 0xff, 0xff,
    0xff, 0x80, 0x0, 0x0, 0x0, 0x0, 0x0, 0x2d,
    0xff, 0xff, 0xe3, 0x1, 0xcf, 0xa0, 0x5, 0xff,
    0xff, 0xff, 0xf8, 0x0, 0x0, 0x0, 0x0, 0x0,
    0x3e, 0xff, 0xff, 0xd2, 0x2, 0xdf, 0xff, 0xc1,
    0x3, 0xef, 0xff, 0xff, 0x80, 0x0, 0x0, 0x0,
    0x0, 0x6f, 0xff, 0xff, 0xa0, 0x4, 0xff, 0xff,
    0xff, 0xe3, 0x1, 0xcf, 0xff, 0xfe, 0x40, 0x0,
    0x0, 0x0, 0x9f, 0xff, 0xff, 0x80, 0x7, 0xff,
    0xff, 0xff, 0xff, 0xf5, 0x0, 0x9f, 0xff, 0xff,
    0x70, 0x0, 0x1, 0xbf, 0xff, 0xff, 0x50, 0xa,
    0xff, 0xff, 0xff, 0xff, 0xff, 0xf8, 0x0, 0x7f,
    0xff, 0xff, 0xa0, 0x2, 0xdf, 0xff, 0xfe, 0x30,
    0x1c, 0xff, 0xff, 0xff, 0xff, 0xff, 0xff, 0xfb,
    0x0, 0x4f, 0xff, 0xff, 0xc1, 0xef, 0xff, 0xfc,
    0x10, 0x3e, 0xff, 0xff, 0xff, 0xff, 0xff, 0xff,
    0xff, 0xfd, 0x20, 0x2d, 0xff, 0xff, 0xc7, 0xff,
    0xfa, 0x0, 0x5f, 0xff, 0xff, 0xff, 0xff, 0xff,
    0xff, 0xff, 0xff, 0xfe, 0x30, 0x1b, 0xff, 0xf6,
    0xb, 0xf7, 0x0, 0x8f, 0xff, 0xff, 0xff, 0xff,
    0xff, 0xff, 0xff, 0xff, 0xff, 0xff, 0x60, 0x9,
    0xf9, 0x0, 0x2, 0x0, 0x2f, 0xff, 0xff, 0xff,
    0xff, 0xff, 0xff, 0xff, 0xff, 0xff, 0xff, 0xff,
    0x0, 0x3, 0x0, 0x0, 0x0, 0x3, 0xff, 0xff,
    0xff, 0xff, 0xff, 0xff, 0xff, 0xff, 0xff, 0xff,
    0xff, 0xf1, 0x0, 0x0, 0x0, 0x0, 0x0, 0x3f,
    0xff, 0xff, 0xff, 0xff, 0xff, 0xff, 0xff, 0xff,
    0xff, 0xff, 0xff, 0x10, 0x0, 0x0, 0x0, 0x0,
    0x3, 0xff, 0xff, 0xff, 0xff, 0xc3, 0x33, 0x34,
    0xef, 0xff, 0xff, 0xff, 0xf1, 0x0, 0x0, 0x0,
    0x0, 0x0, 0x3f, 0xff, 0xff, 0xff, 0xf8, 0x0,
    0x0, 0xa, 0xff, 0xff, 0xff, 0xff, 0x10, 0x0,
    0x0, 0x0, 0x0, 0x3, 0xff, 0xff, 0xff, 0xff,
    0x80, 0x0, 0x0, 0xaf, 0xff, 0xff, 0xff, 0xf1,
    0x0, 0x0, 0x0, 0x0, 0x0, 0x3f, 0xff, 0xff,
    0xff, 0xf8, 0x0, 0x0, 0xa, 0xff, 0xff, 0xff,
    0xff, 0x10, 0x0, 0x0, 0x0, 0x0, 0x3, 0xff,
    0xff, 0xff, 0xff, 0x80, 0x0, 0x0, 0xaf, 0xff,
    0xff, 0xff, 0xf1, 0x0, 0x0, 0x0, 0x0, 0x0,
    0x3f, 0xff, 0xff, 0xff, 0xf8, 0x0, 0x0, 0xa,
    0xff, 0xff, 0xff, 0xff, 0x10, 0x0, 0x0, 0x0,
    0x0, 0x3, 0xff, 0xff, 0xff, 0xff, 0x80, 0x0,
    0x0, 0xaf, 0xff, 0xff, 0xff, 0xf0, 0x0, 0x0,
    0x0, 0x0, 0x0, 0x1d, 0xff, 0xff, 0xff, 0xe4,
    0x0, 0x0, 0x6, 0xff, 0xff, 0xff, 0xfc, 0x0,
    0x0, 0x0,

    /* U+F019 "" */
    0x0, 0x0, 0x0, 0x0, 0x0, 0x0, 0x14, 0x44,
    0x44, 0x10, 0x0, 0x0, 0x0, 0x0, 0x0, 0x0,
    0x0, 0x0, 0x0, 0x0, 0x0, 0x2f, 0xff, 0xff,
    0xff, 0x20, 0x0, 0x0, 0x0, 0x0, 0x0, 0x0,
    0x0, 0x0, 0x0, 0x0, 0x5, 0xff, 0xff, 0xff,
    0xf5, 0x0, 0x0, 0x0, 0x0, 0x0, 0x0, 0x0,
    0x0, 0x0, 0x0, 0x0, 0x6f, 0xff, 0xff, 0xff,
    0x60, 0x0, 0x0, 0x0, 0x0, 0x0, 0x0, 0x0,
    0x0, 0x0, 0x0, 0x6, 0xff, 0xff, 0xff, 0xf6,
    0x0, 0x0, 0x0, 0x0, 0x0, 0x0, 0x0, 0x0,
    0x0, 0x0, 0x0, 0x6f, 0xff, 0xff, 0xff, 0x60,
    0x0, 0x0, 0x0, 0x0, 0x0, 0x0, 0x0, 0x0,
    0x0, 0x0, 0x6, 0xff, 0xff, 0xff, 0xf6, 0x0,
    0x0, 0x0, 0x0, 0x0, 0x0, 0x0, 0x0, 0x0,
    0x0, 0x0, 0x6f, 0xff, 0xff, 0xff, 0x60, 0x0,
    0x0, 0x0, 0x0, 0x0, 0x0, 0x0, 0x0, 0x0,
    0x0, 0x6, 0xff, 0xff, 0xff, 0xf6, 0x0, 0x0,
    0x0, 0x0, 0x0, 0x0, 0x0, 0x0, 0x0, 0x0,
    0x0, 0x6f, 0xff, 0xff, 0xff, 0x60, 0x0, 0x0,
    0x0, 0x0, 0x0, 0x0, 0x0, 0x0, 0x0, 0x0,
    0x6, 0xff, 0xff, 0xff, 0xf6, 0x0, 0x0, 0x0,
    0x0, 0x0, 0x0, 0x0, 0x0, 0x0, 0x0, 0x0,
    0x6f, 0xff, 0xff, 0xff, 0x60, 0x0, 0x0, 0x0,
    0x0, 0x0, 0x0, 0x0, 0x4, 0xaa, 0xaa, 0xac,
    0xff, 0xff, 0xff, 0xfc, 0xaa, 0xaa, 0xa4, 0x0,
    0x0, 0x0, 0x0, 0x0, 0xdf, 0xff, 0xff, 0xff,
    0xff, 0xff, 0xff, 0xff, 0xff, 0xff, 0xd0, 0x0,
    0x0, 0x0, 0x0, 0x7, 0xff, 0xff, 0xff, 0xff,
    0xff, 0xff, 0xff, 0xff, 0xff, 0xf7, 0x0, 0x0,
    0x0, 0x0, 0x0, 0x7, 0xff, 0xff, 0xff, 0xff,
    0xff, 0xff, 0xff, 0xff, 0xf7, 0x0, 0x0, 0x0,
    0x0, 0x0, 0x0, 0x8, 0xff, 0xff, 0xff, 0xff,
    0xff, 0xff, 0xff, 0xf8, 0x0, 0x0, 0x0, 0x0,
    0x0, 0x0, 0x0, 0x8, 0xff, 0xff, 0xff, 0xff,
    0xff, 0xff, 0xf8, 0x0, 0x0, 0x0, 0x0, 0x0,
    0x0, 0x0, 0x0, 0x8, 0xff, 0xff, 0xff, 0xff,
    0xff, 0xf8, 0x0, 0x0, 0x0, 0x0, 0x0, 0x0,
    0x0, 0x0, 0x0, 0x8, 0xff, 0xff, 0xff, 0xff,
    0xf8, 0x0, 0x0, 0x0, 0x0, 0x0, 0x0, 0x0,
    0x0, 0x0, 0x0, 0x8, 0xff, 0xff, 0xff, 0xf8,
    0x0, 0x0, 0x0, 0x0, 0x0, 0x0, 0x0, 0x0,
    0x0, 0x0, 0x0, 0x8, 0xff, 0xff, 0xf8, 0x0,
    0x0, 0x0, 0x0, 0x0, 0x0, 0x8e, 0xff, 0xff,
    0xff, 0xff, 0xb0, 0x9, 0xff, 0xf9, 0x0, 0xbf,
    0xff, 0xff, 0xff, 0xfe, 0x8f, 0xff, 0xff, 0xff,
    0xff, 0xff, 0xb0, 0x8, 0xf8, 0x0, 0xbf, 0xff,
    0xff, 0xff, 0xff, 0xff, 0xff, 0xff, 0xff, 0xff,
    0xff, 0xff, 0xa0, 0x0, 0x0, 0xaf, 0xff, 0xff,
    0xff, 0xff, 0xff, 0xff, 0xff, 0xff, 0xff, 0xff,
    0xff, 0xff, 0xb1, 0x1, 0xaf, 0xff, 0xff, 0xff,
    0xff, 0xff, 0xff, 0xff, 0xff, 0xff, 0xff, 0xff,
    0xff, 0xff, 0xfe, 0xff, 0xff, 0xff, 0xff, 0xff,
    0xff, 0xff, 0xff, 0xff, 0xff, 0xff, 0xff, 0xff,
    0xff, 0xff, 0xff, 0xff, 0xff, 0xeb, 0xff, 0xdb,
    0xff, 0xff, 0xff, 0xff, 0xff, 0xff, 0xff, 0xff,
    0xff, 0xff, 0xff, 0xff, 0xf3, 0xa, 0xf1, 0xc,
    0xff, 0xff, 0xff, 0xff, 0xff, 0xff, 0xff, 0xff,
    0xff, 0xff, 0xff, 0xff, 0x40, 0xaf, 0x20, 0xcf,
    0xff, 0xff, 0xff, 0xff, 0xff, 0xff, 0xff, 0xff,
    0xff, 0xff, 0xff, 0xff, 0xdf, 0xfe, 0xdf, 0xff,
    0xf8, 0xef, 0xff, 0xff, 0xff, 0xff, 0xff, 0xff,
    0xff, 0xff, 0xff, 0xff, 0xff, 0xff, 0xff, 0xe8,

    /* U+F01C "" */
    0x0, 0x0, 0x0, 0x0, 0x0, 0x0, 0x0, 0x0,
    0x0, 0x0, 0x0, 0x0, 0x0, 0x0, 0x0, 0x0,
    0x0, 0x0, 0x0, 0x0, 0x0, 0x5d, 0xff, 0xff,
    0xff, 0xff, 0xff, 0xff, 0xff, 0xff, 0xfd, 0x30,
    0x0, 0x0, 0x0, 0x0, 0x0, 0x0, 0x4f, 0xff,
    0xff, 0xff, 0xff, 0xff, 0xff, 0xff, 0xff, 0xff,
    0xff, 0x30, 0x0, 0x0, 0x0, 0x0, 0x0, 0x1e,
    0xff, 0xff, 0xff, 0xff, 0xff, 0xff, 0xff, 0xff,
    0xff, 0xff, 0xfd, 0x0, 0x0, 0x0, 0x0, 0x0,
    0xa, 0xff, 0xff, 0xdd, 0xdd, 0xdd, 0xdd, 0xdd,
    0xdd, 0xdd, 0xdf, 0xff, 0xf8, 0x0, 0x0, 0x0,
    0x0, 0x5, 0xff, 0xff, 0x50, 0x0, 0x0, 0x0,
    0x0, 0x0, 0x0, 0x0, 0x7f, 0xff, 0xf3, 0x0,
    0x0, 0x0, 0x1, 0xef, 0xff, 0xa0, 0x0, 0x0,
    0x0, 0x0, 0x0, 0x0, 0x0, 0x0, 0xcf, 0xff,
    0xd0, 0x0, 0x0, 0x0, 0xaf, 0xff, 0xe1, 0x0,
    0x0, 0x0, 0x0, 0x0, 0x0, 0x0, 0x0, 0x2,
    0xff, 0xff, 0x80, 0x0, 0x0, 0x5f, 0xff, 0xf4,
    0x0, 0x0, 0x0, 0x0, 0x0, 0x0, 0x0, 0x0,
    0x0, 0x6, 0xff, 0xff, 0x30, 0x0, 0x1e, 0xff,
    0xf9, 0x0, 0x0, 0x0, 0x0, 0x0, 0x0, 0x0,
    0x0, 0x0, 0x0, 0xb, 0xff, 0xfd, 0x0, 0xa,
    0xff, 0xfe, 0x0, 0x0, 0x0, 0x0, 0x0, 0x0,
    0x0, 0x0, 0x0, 0x0, 0x0, 0x1f, 0xff, 0xf8,
    0x5, 0xff, 0xff, 0x40, 0x0, 0x0, 0x0, 0x0,
    0x0, 0x0, 0x0, 0x0, 0x0, 0x0, 0x0, 0x6f,
    0xff, 0xf3, 0xdf, 0xff, 0xea, 0xaa, 0xaa, 0xaa,
    0x20, 0x0, 0x0, 0x0, 0x0, 0x3a, 0xaa, 0xaa,
    0xaa, 0xff, 0xff, 0xbf, 0xff, 0xff, 0xff, 0xff,
    0xff, 0xfa, 0x0, 0x0, 0x0, 0x0, 0xc, 0xff,
    0xff, 0xff, 0xff, 0xff, 0xfd, 0xff, 0xff, 0xff,
    0xff, 0xff, 0xff, 0xf2, 0x0, 0x0, 0x0, 0x4,
    0xff, 0xff, 0xff, 0xff, 0xff, 0xff, 0xef, 0xff,
    0xff, 0xff, 0xff, 0xff, 0xff, 0xa0, 0x0, 0x0,
    0x0, 0xcf, 0xff, 0xff, 0xff, 0xff, 0xff, 0xfe,
    0xff, 0xff, 0xff, 0xff, 0xff, 0xff, 0xff, 0xcc,
    0xcc, 0xcc, 0xcf, 0xff, 0xff, 0xff, 0xff, 0xff,
    0xff, 0xef, 0xff, 0xff, 0xff, 0xff, 0xff, 0xff,
    0xff, 0xff, 0xff, 0xff, 0xff, 0xff, 0xff, 0xff,
    0xff, 0xff, 0xfe, 0xff, 0xff, 0xff, 0xff, 0xff,
    0xff, 0xff, 0xff, 0xff, 0xff, 0xff, 0xff, 0xff,
    0xff, 0xff, 0xff, 0xff, 0xef, 0xff, 0xff, 0xff,
    0xff, 0xff, 0xff, 0xff, 0xff, 0xff, 0xff, 0xff,
    0xff, 0xff, 0xff, 0xff, 0xff, 0xfe, 0xff, 0xff,
    0xff, 0xff, 0xff, 0xff, 0xff, 0xff, 0xff, 0xff,
    0xff, 0xff, 0xff, 0xff, 0xff, 0xff, 0xff, 0xee,
    0xff, 0xff, 0xff, 0xff, 0xff, 0xff, 0xff, 0xff,
    0xff, 0xff, 0xff, 0xff, 0xff, 0xff, 0xff, 0xff,
    0xfc, 0x9f, 0xff, 0xff, 0xff, 0xff, 0xff, 0xff,
    0xff, 0xff, 0xff, 0xff, 0xff, 0xff, 0xff, 0xff,
    0xff, 0xff, 0x70, 0x9e, 0xff, 0xff, 0xff, 0xff,
    0xff, 0xff, 0xff, 0xff, 0xff, 0xff, 0xff, 0xff,
    0xff, 0xff, 0xfe, 0x80,

    /* U+F021 "" */
    0x0, 0x0, 0x0, 0x0, 0x0, 0x0, 0x0, 0x0,
    0x0, 0x0, 0x0, 0x0, 0x0, 0x4, 0x55, 0x30,
    0x0, 0x0, 0x0, 0x0, 0x0, 0x3, 0x56, 0x76,
    0x41, 0x0, 0x0, 0x0, 0x4, 0xff, 0xff, 0x0,
    0x0, 0x0, 0x0, 0x4, 0xae, 0xff, 0xff, 0xff,
    0xfd, 0x71, 0x0, 0x0, 0x4f, 0xff, 0xf0, 0x0,
    0x0, 0x0, 0x3c, 0xff, 0xff, 0xff, 0xff, 0xff,
    0xff, 0xf9, 0x10, 0x3, 0xff, 0xff, 0x0, 0x0,
    0x0, 0x8f, 0xff, 0xff, 0xff, 0xff, 0xff, 0xff,
    0xff, 0xff, 0x60, 0x2f, 0xff, 0xf0, 0x0, 0x0,
    0xbf, 0xff, 0xff, 0xff, 0xff, 0xee, 0xff, 0xff,
    0xff, 0xff, 0xa2, 0xff, 0xff, 0x0, 0x0, 0xcf,
    0xff, 0xff, 0xfb, 0x51, 0x0, 0x1, 0x5b, 0xff,
    0xff, 0xff, 0xcf, 0xff, 0xf0, 0x0, 0x9f, 0xff,
    0xff, 0xc2, 0x0, 0x0, 0x0, 0x0, 0x3, 0xbf,
    0xff, 0xff, 0xff, 0xff, 0x0, 0x5f, 0xff, 0xff,
    0x80, 0x0, 0x0, 0x0, 0x0, 0x0, 0x0, 0x6f,
    0xff, 0xff, 0xff, 0xf0, 0xd, 0xff, 0xff, 0x70,
    0x0, 0x0, 0x0, 0x0, 0x0, 0x0, 0x0, 0x4f,
    0xff, 0xff, 0xff, 0x5, 0xff, 0xff, 0xa0, 0x0,
    0x0, 0x0, 0x0, 0x7, 0xff, 0xfe, 0xdd, 0xff,
    0xff, 0xff, 0xf0, 0xbf, 0xff, 0xe1, 0x0, 0x0,
    0x0, 0x0, 0x0, 0x9f, 0xff, 0xff, 0xff, 0xff,
    0xff, 0xff, 0xf, 0xff, 0xf8, 0x0, 0x0, 0x0,
    0x0, 0x0, 0x9, 0xff, 0xff, 0xff, 0xff, 0xff,
    0xff, 0xf3, 0xff, 0xff, 0x20, 0x0, 0x0, 0x0,
    0x0, 0x0, 0x8f, 0xff, 0xff, 0xff, 0xff, 0xff,
    0xff, 0x2, 0x33, 0x20, 0x0, 0x0, 0x0, 0x0,
    0x0, 0x0, 0x33, 0x33, 0x33, 0x33, 0x33, 0x33,
    0x10, 0x0, 0x0, 0x0, 0x0, 0x0, 0x0, 0x0,
    0x0, 0x0, 0x0, 0x0, 0x0, 0x0, 0x0, 0x0,
    0x0, 0x0, 0x0, 0x0, 0x0, 0x0, 0x0, 0x0,
    0x0, 0x0, 0x0, 0x0, 0x0, 0x0, 0x0, 0x0,
    0x0, 0x0, 0x0, 0x0, 0x0, 0x0, 0x0, 0x0,
    0x0, 0x0, 0x0, 0x0, 0x0, 0x0, 0x0, 0xce,
    0xee, 0xee, 0xee, 0xee, 0xee, 0xe5, 0x0, 0x0,
    0x0, 0x0, 0x0, 0x1, 0xde, 0xed, 0x2f, 0xff,
    0xff, 0xff, 0xff, 0xff, 0xff, 0x90, 0x0, 0x0,
    0x0, 0x0, 0x0, 0x6f, 0xff, 0xf1, 0xff, 0xff,
    0xff, 0xff, 0xff, 0xff, 0xf9, 0x0, 0x0, 0x0,
    0x0, 0x0, 0xc, 0xff, 0xfc, 0xf, 0xff, 0xff,
    0xff, 0xff, 0xff, 0xff, 0x80, 0x0, 0x0, 0x0,
    0x0, 0x5, 0xff, 0xff, 0x80, 0xff, 0xff, 0xff,
    0xe3, 0x23, 0x45, 0x51, 0x0, 0x0, 0x0, 0x0,
    0x1, 0xef, 0xff, 0xf1, 0xf, 0xff, 0xff, 0xff,
    0xc0, 0x0, 0x0, 0x0, 0x0, 0x0, 0x0, 0x1,
    0xcf, 0xff, 0xf9, 0x0, 0xff, 0xff, 0xff, 0xff,
    0xc2, 0x0, 0x0, 0x0, 0x0, 0x0, 0x2, 0xdf,
    0xff, 0xfe, 0x10, 0xf, 0xff, 0xff, 0xff, 0xff,
    0xf7, 0x0, 0x0, 0x0, 0x0, 0x6, 0xff, 0xff,
    0xff, 0x40, 0x0, 0xff, 0xff, 0x9f, 0xff, 0xff,
    0xfe, 0x84, 0x10, 0x13, 0x7e, 0xff, 0xff, 0xff,
    0x60, 0x0, 0xf, 0xff, 0xf2, 0x7f, 0xff, 0xff,
    0xff, 0xff, 0xff, 0xff, 0xff, 0xff, 0xff, 0x60,
    0x0, 0x0, 0xff, 0xff, 0x20, 0x3d, 0xff, 0xff,
    0xff, 0xff, 0xff, 0xff, 0xff, 0xfe, 0x40, 0x0,
    0x0, 0xf, 0xff, 0xf3, 0x0, 0x6, 0xef, 0xff,
    0xff, 0xff, 0xff, 0xff, 0xf9, 0x10, 0x0, 0x0,
    0x0, 0xff, 0xff, 0x40, 0x0, 0x0, 0x5a, 0xff,
    0xff, 0xff, 0xfc, 0x81, 0x0, 0x0, 0x0, 0x0,
    0x8, 0xaa, 0x91, 0x0, 0x0, 0x0, 0x0, 0x24,
    0x54, 0x31, 0x0, 0x0, 0x0, 0x0, 0x0, 0x0,

    /* U+F026 "" */
    0x0, 0x0, 0x0, 0x0, 0x0, 0x0, 0x4, 0x30,
    0x0, 0x0, 0x0, 0x0, 0x0, 0x0, 0x7f, 0xf4,
    0x0, 0x0, 0x0, 0x0, 0x0, 0x7, 0xff, 0xf7,
    0x0, 0x0, 0x0, 0x0, 0x0, 0x7f, 0xff, 0xf8,
    0x0, 0x0, 0x0, 0x0, 0x7, 0xff, 0xff, 0xf8,
    0x0, 0x0, 0x0, 0x0, 0x7f, 0xff, 0xff, 0xf8,
    0x38, 0x99, 0x99, 0x9a, 0xff, 0xff, 0xff, 0xf8,
    0xef, 0xff, 0xff, 0xff, 0xff, 0xff, 0xff, 0xf8,
    0xff, 0xff, 0xff, 0xff, 0xff, 0xff, 0xff, 0xf8,
    0xff, 0xff, 0xff, 0xff, 0xff, 0xff, 0xff, 0xf8,
    0xff, 0xff, 0xff, 0xff, 0xff, 0xff, 0xff, 0xf8,
    0xff, 0xff, 0xff, 0xff, 0xff, 0xff, 0xff, 0xf8,
    0xff, 0xff, 0xff, 0xff, 0xff, 0xff, 0xff, 0xf8,
    0xff, 0xff, 0xff, 0xff, 0xff, 0xff, 0xff, 0xf8,
    0xff, 0xff, 0xff, 0xff, 0xff, 0xff, 0xff, 0xf8,
    0xff, 0xff, 0xff, 0xff, 0xff, 0xff, 0xff, 0xf8,
    0xff, 0xff, 0xff, 0xff, 0xff, 0xff, 0xff, 0xf8,
    0x9f, 0xff, 0xff, 0xff, 0xff, 0xff, 0xff, 0xf8,
    0x0, 0x0, 0x0, 0x1, 0xdf, 0xff, 0xff, 0xf8,
    0x0, 0x0, 0x0, 0x0, 0x1d, 0xff, 0xff, 0xf8,
    0x0, 0x0, 0x0, 0x0, 0x1, 0xdf, 0xff, 0xf8,
    0x0, 0x0, 0x0, 0x0, 0x0, 0x1d, 0xff, 0xf8,
    0x0, 0x0, 0x0, 0x0, 0x0, 0x1, 0xdf, 0xf7,
    0x0, 0x0, 0x0, 0x0, 0x0, 0x0, 0x1b, 0xb1,
    0x0, 0x0, 0x0, 0x0, 0x0, 0x0, 0x0, 0x0,

    /* U+F027 "" */
    0x0, 0x0, 0x0, 0x0, 0x0, 0x0, 0x4, 0x30,
    0x0, 0x0, 0x0, 0x0, 0x0, 0x0, 0x0, 0x0,
    0x0, 0x0, 0x7f, 0xf4, 0x0, 0x0, 0x0, 0x0,
    0x0, 0x0, 0x0, 0x0, 0x0, 0x7, 0xff, 0xf7,
    0x0, 0x0, 0x0, 0x0, 0x0, 0x0, 0x0, 0x0,
    0x0, 0x7f, 0xff, 0xf8, 0x0, 0x0, 0x0, 0x0,
    0x0, 0x0, 0x0, 0x0, 0x7, 0xff, 0xff, 0xf8,
    0x0, 0x0, 0x0, 0x0, 0x0, 0x0, 0x0, 0x0,
    0x7f, 0xff, 0xff, 0xf8, 0x0, 0x0, 0x0, 0x0,
    0x38, 0x99, 0x99, 0x9a, 0xff, 0xff, 0xff, 0xf8,
    0x0, 0x0, 0x0, 0x0, 0xef, 0xff, 0xff, 0xff,
    0xff, 0xff, 0xff, 0xf8, 0x0, 0x5, 0x20, 0x0,
    0xff, 0xff, 0xff, 0xff, 0xff, 0xff, 0xff, 0xf8,
    0x0, 0x8f, 0xf6, 0x0, 0xff, 0xff, 0xff, 0xff,
    0xff, 0xff, 0xff, 0xf8, 0x0, 0x9f, 0xff, 0x40,
    0xff, 0xff, 0xff, 0xff, 0xff, 0xff, 0xff, 0xf8,
    0x0, 0xa, 0xff, 0xc0, 0xff, 0xff, 0xff, 0xff,
    0xff, 0xff, 0xff, 0xf8, 0x0, 0x0, 0xdf, 0xf1,
    0xff, 0xff, 0xff, 0xff, 0xff, 0xff, 0xff, 0xf8,
    0x0, 0x0, 0xbf, 0xf3, 0xff, 0xff, 0xff, 0xff,
    0xff, 0xff, 0xff, 0xf8, 0x0, 0x0, 0xef, 0xf1,
    0xff, 0xff, 0xff, 0xff, 0xff, 0xff, 0xff, 0xf8,
    0x0, 0x1c, 0xff, 0xb0, 0xff, 0xff, 0xff, 0xff,
    0xff, 0xff, 0xff, 0xf8, 0x0, 0x9f, 0xff, 0x30,
    0xff, 0xff, 0xff, 0xff, 0xff, 0xff, 0xff, 0xf8,
    0x0, 0x7f, 0xe4, 0x0, 0x9f, 0xff, 0xff, 0xff,
    0xff, 0xff, 0xff, 0xf8, 0x0, 0x3, 0x10, 0x0,
    0x0, 0x0, 0x0, 0x1, 0xdf, 0xff, 0xff, 0xf8,
    0x0, 0x0, 0x0, 0x0, 0x0, 0x0, 0x0, 0x0,
    0x1d, 0xff, 0xff, 0xf8, 0x0, 0x0, 0x0, 0x0,
    0x0, 0x0, 0x0, 0x0, 0x1, 0xdf, 0xff, 0xf8,
    0x0, 0x0, 0x0, 0x0, 0x0, 0x0, 0x0, 0x0,
    0x0, 0x1d, 0xff, 0xf8, 0x0, 0x0, 0x0, 0x0,
    0x0, 0x0, 0x0, 0x0, 0x0, 0x1, 0xdf, 0xf7,
    0x0, 0x0, 0x0, 0x0, 0x0, 0x0, 0x0, 0x0,
    0x0, 0x0, 0x1b, 0xb1, 0x0, 0x0, 0x0, 0x0,
    0x0, 0x0, 0x0, 0x0, 0x0, 0x0, 0x0, 0x0,
    0x0, 0x0, 0x0, 0x0,

    /* U+F028 "" */
    0x0, 0x0, 0x0, 0x0, 0x0, 0x0, 0x0, 0x0,
    0x0, 0x0, 0x0, 0x0, 0x0, 0x10, 0x0, 0x0,
    0x0, 0x0, 0x0, 0x0, 0x0, 0x0, 0x0, 0x0,
    0x0, 0x0, 0x0, 0x0, 0x0, 0x0, 0xcf, 0xa0,
    0x0, 0x0, 0x0, 0x0, 0x0, 0x0, 0x0, 0x0,
    0x0, 0x0, 0x0, 0x0, 0x0, 0x0, 0x0, 0x1f,
    0xff, 0xd2, 0x0, 0x0, 0x0, 0x0, 0x0, 0x0,
    0x0, 0x0, 0x0, 0x43, 0x0, 0x0, 0x0, 0x0,
    0x0, 0x7f, 0xff, 0xe2, 0x0, 0x0, 0x0, 0x0,
    0x0, 0x0, 0x0, 0x0, 0x7f, 0xf4, 0x0, 0x0,
    0x0, 0x0, 0x0, 0x3e, 0xff, 0xd1, 0x0, 0x0,
    0x0, 0x0, 0x0, 0x0, 0x0, 0x7f, 0xff, 0x70,
    0x0, 0x0, 0x2, 0x30, 0x0, 0x2e, 0xff, 0xb0,
    0x0, 0x0, 0x0, 0x0, 0x0, 0x0, 0x7f, 0xff,
    0xf8, 0x0, 0x0, 0x2, 0xff, 0xa0, 0x0, 0x3f,
    0xff, 0x50, 0x0, 0x0, 0x0, 0x0, 0x0, 0x7f,
    0xff, 0xff, 0x80, 0x0, 0x0, 0x4f, 0xff, 0xc0,
    0x0, 0x7f, 0xfe, 0x0, 0x0, 0x0, 0x0, 0x0,
    0x7f, 0xff, 0xff, 0xf8, 0x0, 0x0, 0x0, 0x8f,
    0xff, 0xb0, 0x0, 0xdf, 0xf6, 0x3, 0x89, 0x99,
    0x99, 0xaf, 0xff, 0xff, 0xff, 0x80, 0x0, 0x0,
    0x0, 0x5f, 0xff, 0x60, 0x5, 0xff, 0xc0, 0xef,
    0xff, 0xff, 0xff, 0xff, 0xff, 0xff, 0xf8, 0x0,
    0x6, 0x30, 0x0, 0x7f, 0xfe, 0x0, 0xe, 0xff,
    0x2f, 0xff, 0xff, 0xff, 0xff, 0xff, 0xff, 0xff,
    0x80, 0x9, 0xff, 0x70, 0x0, 0xcf, 0xf6, 0x0,
    0x9f, 0xf6, 0xff, 0xff, 0xff, 0xff, 0xff, 0xff,
    0xff, 0xf8, 0x0, 0x8f, 0xff, 0x40, 0x6, 0xff,
    0xb0, 0x5, 0xff, 0x9f, 0xff, 0xff, 0xff, 0xff,
    0xff, 0xff, 0xff, 0x80, 0x0, 0x9f, 0xfd, 0x0,
    0x1f, 0xfe, 0x0, 0x2f, 0xfc, 0xff, 0xff, 0xff,
    0xff, 0xff, 0xff, 0xff, 0xf8, 0x0, 0x0, 0xdf,
    0xf1, 0x0, 0xef, 0xf0, 0x1, 0xff, 0xdf, 0xff,
    0xff, 0xff, 0xff, 0xff, 0xff, 0xff, 0x80, 0x0,
    0xb, 0xff, 0x30, 0xd, 0xff, 0x0, 0xf, 0xfd,
    0xff, 0xff, 0xff, 0xff, 0xff, 0xff, 0xff, 0xf8,
    0x0, 0x0, 0xef, 0xf1, 0x0, 0xff, 0xf0, 0x2,
    0xff, 0xcf, 0xff, 0xff, 0xff, 0xff, 0xff, 0xff,
    0xff, 0x80, 0x1, 0xcf, 0xfb, 0x0, 0x2f, 0xfd,
    0x0, 0x3f, 0xfb, 0xff, 0xff, 0xff, 0xff, 0xff,
    0xff, 0xff, 0xf8, 0x0, 0x9f, 0xff, 0x20, 0x7,
    0xff, 0x90, 0x7, 0xff, 0x8f, 0xff, 0xff, 0xff,
    0xff, 0xff, 0xff, 0xff, 0x80, 0x7, 0xfe, 0x40,
    0x0, 0xef, 0xf4, 0x0, 0xbf, 0xf5, 0x9f, 0xff,
    0xff, 0xff, 0xff, 0xff, 0xff, 0xf8, 0x0, 0x2,
    0x0, 0x0, 0xaf, 0xfd, 0x0, 0x1f, 0xff, 0x10,
    0x0, 0x0, 0x0, 0x1d, 0xff, 0xff, 0xff, 0x80,
    0x0, 0x0, 0x0, 0x9f, 0xff, 0x40, 0x7, 0xff,
    0xb0, 0x0, 0x0, 0x0, 0x0, 0x1d, 0xff, 0xff,
    0xf8, 0x0, 0x0, 0x0, 0xbf, 0xff, 0x80, 0x1,
    0xef, 0xf4, 0x0, 0x0, 0x0, 0x0, 0x0, 0x1d,
    0xff, 0xff, 0x80, 0x0, 0x0, 0x4f, 0xff, 0x90,
    0x0, 0xaf, 0xfc, 0x0, 0x0, 0x0, 0x0, 0x0,
    0x0, 0x1d, 0xff, 0xf8, 0x0, 0x0, 0x1, 0xee,
    0x50, 0x0, 0x6f, 0xff, 0x30, 0x0, 0x0, 0x0,
    0x0, 0x0, 0x0, 0x1d, 0xff, 0x70, 0x0, 0x0,
    0x0, 0x0, 0x0, 0x5f, 0xff, 0x80, 0x0, 0x0,
    0x0, 0x0, 0x0, 0x0, 0x0, 0x1b, 0xb1, 0x0,
    0x0, 0x0, 0x0, 0x0, 0x8f, 0xff, 0xb0, 0x0,
    0x0, 0x0, 0x0, 0x0, 0x0, 0x0, 0x0, 0x0,
    0x0, 0x0, 0x0, 0x0, 0x0, 0xbf, 0xff, 0xb0,
    0x0, 0x0, 0x0, 0x0, 0x0, 0x0, 0x0, 0x0,
    0x0, 0x0, 0x0, 0x0, 0x0, 0x0, 0x1f, 0xff,
    0xa0, 0x0, 0x0, 0x0, 0x0, 0x0, 0x0, 0x0,
    0x0, 0x0, 0x0, 0x0, 0x0, 0x0, 0x0, 0x0,
    0x9d, 0x60, 0x0, 0x0, 0x0, 0x0, 0x0, 0x0,
    0x0, 0x0, 0x0, 0x0, 0x0, 0x0, 0x0, 0x0,
    0x0, 0x0, 0x0, 0x0, 0x0, 0x0, 0x0,

    /* U+F03E "" */
    0x0, 0x24, 0x44, 0x44, 0x44, 0x44, 0x44, 0x44,
    0x44, 0x44, 0x44, 0x44, 0x44, 0x44, 0x20, 0x2,
    0xdf, 0xff, 0xff, 0xff, 0xff, 0xff, 0xff, 0xff,
    0xff, 0xff, 0xff, 0xff, 0xff, 0xff, 0xd2, 0xbf,
    0xff, 0xff, 0xff, 0xff, 0xff, 0xff, 0xff, 0xff,
    0xff, 0xff, 0xff, 0xff, 0xff, 0xff, 0xbf, 0xff,
    0xff, 0xff, 0xff, 0xff, 0xff, 0xff, 0xff, 0xff,
    0xff, 0xff, 0xff, 0xff, 0xff, 0xff, 0xff, 0xff,
    0xf7, 0x34, 0xaf, 0xff, 0xff, 0xff, 0xff, 0xff,
    0xff, 0xff, 0xff, 0xff, 0xff, 0xff, 0xff, 0xf2,
    0x0, 0x0, 0x9f, 0xff, 0xff, 0xff, 0xff, 0xff,
    0xff, 0xff, 0xff, 0xff, 0xff, 0xff, 0xf9, 0x0,
    0x0, 0x0, 0xff, 0xff, 0xff, 0xff, 0xff, 0xff,
    0xff, 0xff, 0xff, 0xff, 0xff, 0xff, 0x70, 0x0,
    0x0, 0xe, 0xff, 0xff, 0xff, 0xff, 0xff, 0xef,
    0xff, 0xff, 0xff, 0xff, 0xff, 0xf9, 0x0, 0x0,
    0x0, 0xff, 0xff, 0xff, 0xff, 0xff, 0x50, 0xbf,
    0xff, 0xff, 0xff, 0xff, 0xff, 0xf2, 0x0, 0x0,
    0x8f, 0xff, 0xff, 0xff, 0xff, 0x50, 0x0, 0xbf,
    0xff, 0xff, 0xff, 0xff, 0xff, 0xe6, 0x23, 0x9f,
    0xff, 0xff, 0xff, 0xff, 0x50, 0x0, 0x0, 0xbf,
    0xff, 0xff, 0xff, 0xff, 0xff, 0xff, 0xff, 0xff,
    0xff, 0xff, 0xff, 0x50, 0x0, 0x0, 0x0, 0xbf,
    0xff, 0xff, 0xff, 0xff, 0xff, 0xff, 0xcf, 0xff,
    0xff, 0xff, 0x50, 0x0, 0x0, 0x0, 0x0, 0xbf,
    0xff, 0xff, 0xff, 0xff, 0xff, 0x90, 0x3f, 0xff,
    0xff, 0x50, 0x0, 0x0, 0x0, 0x0, 0x0, 0xef,
    0xff, 0xff, 0xff, 0xff, 0x90, 0x0, 0x3f, 0xff,
    0x50, 0x0, 0x0, 0x0, 0x0, 0x0, 0xe, 0xff,
    0xff, 0xff, 0xff, 0x90, 0x0, 0x0, 0x3e, 0x50,
    0x0, 0x0, 0x0, 0x0, 0x0, 0x0, 0xef, 0xff,
    0xff, 0xff, 0x90, 0x0, 0x0, 0x0, 0x10, 0x0,
    0x0, 0x0, 0x0, 0x0, 0x0, 0xe, 0xff, 0xff,
    0xff, 0xe0, 0x0, 0x0, 0x0, 0x0, 0x0, 0x0,
    0x0, 0x0, 0x0, 0x0, 0x0, 0xef, 0xff, 0xff,
    0xfe, 0x0, 0x0, 0x0, 0x0, 0x0, 0x0, 0x0,
    0x0, 0x0, 0x0, 0x0, 0xe, 0xff, 0xff, 0xff,
    0xe0, 0x0, 0x0, 0x0, 0x0, 0x0, 0x0, 0x0,
    0x0, 0x0, 0x0, 0x0, 0xef, 0xff, 0xff, 0xff,
    0xee, 0xee, 0xee, 0xee, 0xee, 0xee, 0xee, 0xee,
    0xee, 0xee, 0xee, 0xef, 0xff, 0xfe, 0xff, 0xff,
    0xff, 0xff, 0xff, 0xff, 0xff, 0xff, 0xff, 0xff,
    0xff, 0xff, 0xff, 0xff, 0xfe, 0x9f, 0xff, 0xff,
    0xff, 0xff, 0xff, 0xff, 0xff, 0xff, 0xff, 0xff,
    0xff, 0xff, 0xff, 0xff, 0x90, 0x9e, 0xff, 0xff,
    0xff, 0xff, 0xff, 0xff, 0xff, 0xff, 0xff, 0xff,
    0xff, 0xff, 0xfe, 0x90,

    /* U+F043 "" */
    0x0, 0x0, 0x0, 0x0, 0x0, 0x10, 0x0, 0x0,
    0x0, 0x0, 0x0, 0x0, 0x0, 0x0, 0x0, 0xa,
    0xfe, 0x10, 0x0, 0x0, 0x0, 0x0, 0x0, 0x0,
    0x0, 0x0, 0x3f, 0xff, 0x80, 0x0, 0x0, 0x0,
    0x0, 0x0, 0x0, 0x0, 0x0, 0x9f, 0xff, 0xe0,
    0x0, 0x0, 0x0, 0x0, 0x0, 0x0, 0x0, 0x0,
    0xef, 0xff, 0xf4, 0x0, 0x0, 0x0, 0x0, 0x0,
    0x0, 0x0, 0x5, 0xff, 0xff, 0xfa, 0x0, 0x0,
    0x0, 0x0, 0x0, 0x0, 0x0, 0xd, 0xff, 0xff,
    0xff, 0x20, 0x0, 0x0, 0x0, 0x0, 0x0, 0x0,
    0x5f, 0xff, 0xff, 0xff, 0xa0, 0x0, 0x0, 0x0,
    0x0, 0x0, 0x0, 0xdf, 0xff, 0xff, 0xff, 0xf2,
    0x0, 0x0, 0x0, 0x0, 0x0, 0x6, 0xff, 0xff,
    0xff, 0xff, 0xfc, 0x0, 0x0, 0x0, 0x0, 0x0,
    0x1f, 0xff, 0xff, 0xff, 0xff, 0xff, 0x60, 0x0,
    0x0, 0x0, 0x0, 0xbf, 0xff, 0xff, 0xff, 0xff,
    0xff, 0xf1, 0x0, 0x0, 0x0, 0x7, 0xff, 0xff,
    0xff, 0xff, 0xff, 0xff, 0xfc, 0x0, 0x0, 0x0,
    0x3f, 0xff, 0xff, 0xff, 0xff, 0xff, 0xff, 0xff,
    0x80, 0x0, 0x0, 0xdf, 0xff, 0xff, 0xff, 0xff,
    0xff, 0xff, 0xff, 0xf3, 0x0, 0x6, 0xff, 0xff,
    0xff, 0xff, 0xff, 0xff, 0xff, 0xff, 0xfb, 0x0,
    0xe, 0xff, 0xff, 0xff, 0xff, 0xff, 0xff, 0xff,
    0xff, 0xff, 0x30, 0x4f, 0xff, 0xff, 0xff, 0xff,
    0xff, 0xff, 0xff, 0xff, 0xff, 0x90, 0xaf, 0xff,
    0xff, 0xff, 0xff, 0xff, 0xff, 0xff, 0xff, 0xff,
    0xe0, 0xdf, 0xff, 0xff, 0xff, 0xff, 0xff, 0xff,
    0xff, 0xff, 0xff, 0xf2, 0xff, 0xff, 0x69, 0xff,
    0xff, 0xff, 0xff, 0xff, 0xff, 0xff, 0xf3, 0xff,
    0xfe, 0x2, 0xff, 0xff, 0xff, 0xff, 0xff, 0xff,
    0xff, 0xf4, 0xef, 0xff, 0x0, 0xff, 0xff, 0xff,
    0xff, 0xff, 0xff, 0xff, 0xf2, 0xbf, 0xff, 0x40,
    0x9f, 0xff, 0xff, 0xff, 0xff, 0xff, 0xff, 0xf0,
    0x7f, 0xff, 0xc0, 0xc, 0xff, 0xff, 0xff, 0xff,
    0xff, 0xff, 0xb0, 0x1f, 0xff, 0xf7, 0x0, 0x8e,
    0xff, 0xff, 0xff, 0xff, 0xff, 0x60, 0x8, 0xff,
    0xff, 0x70, 0x0, 0x9, 0xff, 0xff, 0xff, 0xfd,
    0x0, 0x0, 0xdf, 0xff, 0xfc, 0x51, 0x9, 0xff,
    0xff, 0xff, 0xf3, 0x0, 0x0, 0x2e, 0xff, 0xff,
    0xff, 0xff, 0xff, 0xff, 0xff, 0x50, 0x0, 0x0,
    0x2, 0xdf, 0xff, 0xff, 0xff, 0xff, 0xff, 0xf5,
    0x0, 0x0, 0x0, 0x0, 0x8, 0xff, 0xff, 0xff,
    0xff, 0xfa, 0x20, 0x0, 0x0, 0x0, 0x0, 0x0,
    0x15, 0xac, 0xdc, 0xb7, 0x20, 0x0, 0x0, 0x0,

    /* U+F048 "" */
    0x1, 0x22, 0x20, 0x0, 0x0, 0x0, 0x0, 0x0,
    0x0, 0x20, 0x1, 0xff, 0xff, 0x20, 0x0, 0x0,
    0x0, 0x0, 0x3, 0xef, 0xb0, 0x2f, 0xff, 0xf3,
    0x0, 0x0, 0x0, 0x0, 0x4, 0xff, 0xff, 0x32,
    0xff, 0xff, 0x30, 0x0, 0x0, 0x0, 0x5, 0xff,
    0xff, 0xf4, 0x2f, 0xff, 0xf3, 0x0, 0x0, 0x0,
    0x6, 0xff, 0xff, 0xff, 0x42, 0xff, 0xff, 0x30,
    0x0, 0x0, 0x7, 0xff, 0xff, 0xff, 0xf4, 0x2f,
    0xff, 0xf3, 0x0, 0x0, 0x9, 0xff, 0xff, 0xff,
    0xff, 0x42, 0xff, 0xff, 0x30, 0x0, 0xa, 0xff,
    0xff, 0xff, 0xff, 0xf4, 0x2f, 0xff, 0xf3, 0x0,
    0xb, 0xff, 0xff, 0xff, 0xff, 0xff, 0x42, 0xff,
    0xff, 0x30, 0x1c, 0xff, 0xff, 0xff, 0xff, 0xff,
    0xf4, 0x2f, 0xff, 0xf3, 0x1d, 0xff, 0xff, 0xff,
    0xff, 0xff, 0xff, 0x42, 0xff, 0xff, 0x5d, 0xff,
    0xff, 0xff, 0xff, 0xff, 0xff, 0xf4, 0x2f, 0xff,
    0xff, 0xff, 0xff, 0xff, 0xff, 0xff, 0xff, 0xff,
    0x42, 0xff, 0xff, 0xff, 0xff, 0xff, 0xff, 0xff,
    0xff, 0xff, 0xf4, 0x2f, 0xff, 0xff, 0xff, 0xff,
    0xff, 0xff, 0xff, 0xff, 0xff, 0x42, 0xff, 0xff,
    0xff, 0xff, 0xff, 0xff, 0xff, 0xff, 0xff, 0xf4,
    0x2f, 0xff, 0xfe, 0xff, 0xff, 0xff, 0xff, 0xff,
    0xff, 0xff, 0x42, 0xff, 0xff, 0x4c, 0xff, 0xff,
    0xff, 0xff, 0xff, 0xff, 0xf4, 0x2f, 0xff, 0xf3,
    0xb, 0xff, 0xff, 0xff, 0xff, 0xff, 0xff, 0x42,
    0xff, 0xff, 0x30, 0x9, 0xff, 0xff, 0xff, 0xff,
    0xff, 0xf4, 0x2f, 0xff, 0xf3, 0x0, 0x8, 0xff,
    0xff, 0xff, 0xff, 0xff, 0x42, 0xff, 0xff, 0x30,
    0x0, 0x7, 0xff, 0xff, 0xff, 0xff, 0xf4, 0x2f,
    0xff, 0xf3, 0x0, 0x0, 0x6, 0xff, 0xff, 0xff,
    0xff, 0x42, 0xff, 0xff, 0x30, 0x0, 0x0, 0x5,
    0xff, 0xff, 0xff, 0xf4, 0x2f, 0xff, 0xf3, 0x0,
    0x0, 0x0, 0x4, 0xff, 0xff, 0xff, 0x42, 0xff,
    0xff, 0x30, 0x0, 0x0, 0x0, 0x3, 0xef, 0xff,
    0xf4, 0x2f, 0xff, 0xf3, 0x0, 0x0, 0x0, 0x0,
    0x2, 0xdf, 0xff, 0x20, 0xef, 0xfe, 0x20, 0x0,
    0x0, 0x0, 0x0, 0x1, 0xcf, 0x80, 0x0, 0x0,
    0x0, 0x0, 0x0, 0x0, 0x0, 0x0, 0x0, 0x0,
    0x0,

    /* U+F04B "" */
    0x0, 0x10, 0x0, 0x0, 0x0, 0x0, 0x0, 0x0,
    0x0, 0x0, 0x0, 0x0, 0x0, 0x0, 0x1b, 0xff,
    0x91, 0x0, 0x0, 0x0, 0x0, 0x0, 0x0, 0x0,
    0x0, 0x0, 0x0, 0x0, 0xbf, 0xff, 0xff, 0x60,
    0x0, 0x0, 0x0, 0x0, 0x0, 0x0, 0x0, 0x0,
    0x0, 0x0, 0xff, 0xff, 0xff, 0xfd, 0x40, 0x0,
    0x0, 0x0, 0x0, 0x0, 0x0, 0x0, 0x0, 0x0,
    0xff, 0xff, 0xff, 0xff, 0xfa, 0x10, 0x0, 0x0,
    0x0, 0x0, 0x0, 0x0, 0x0, 0x0, 0xff, 0xff,
    0xff, 0xff, 0xff, 0xf7, 0x0, 0x0, 0x0, 0x0,
    0x0, 0x0, 0x0, 0x0, 0xff, 0xff, 0xff, 0xff,
    0xff, 0xff, 0xd4, 0x0, 0x0, 0x0, 0x0, 0x0,
    0x0, 0x0, 0xff, 0xff, 0xff, 0xff, 0xff, 0xff,
    0xff, 0xb2, 0x0, 0x0, 0x0, 0x0, 0x0, 0x0,
    0xff, 0xff, 0xff, 0xff, 0xff, 0xff, 0xff, 0xff,
    0x80, 0x0, 0x0, 0x0, 0x0, 0x0, 0xff, 0xff,
    0xff, 0xff, 0xff, 0xff, 0xff, 0xff, 0xfe, 0x50,
    0x0, 0x0, 0x0, 0x0, 0xff, 0xff, 0xff, 0xff,
    0xff, 0xff, 0xff, 0xff, 0xff, 0xfc, 0x20, 0x0,
    0x0, 0x0, 0xff, 0xff, 0xff, 0xff, 0xff, 0xff,
    0xff, 0xff, 0xff, 0xff, 0xf9, 0x10, 0x0, 0x0,
    0xff, 0xff, 0xff, 0xff, 0xff, 0xff, 0xff, 0xff,
    0xff, 0xff, 0xff, 0xe6, 0x0, 0x0, 0xff, 0xff,
    0xff, 0xff, 0xff, 0xff, 0xff, 0xff, 0xff, 0xff,
    0xff, 0xff, 0xc3, 0x0, 0xff, 0xff, 0xff, 0xff,
    0xff, 0xff, 0xff, 0xff, 0xff, 0xff, 0xff, 0xff,
    0xff, 0x60, 0xff, 0xff, 0xff, 0xff, 0xff, 0xff,
    0xff, 0xff, 0xff, 0xff, 0xff, 0xff, 0xff, 0xf0,
    0xff, 0xff, 0xff, 0xff, 0xff, 0xff, 0xff, 0xff,
    0xff, 0xff, 0xff, 0xff, 0xff, 0xf1, 0xff, 0xff,
    0xff, 0xff, 0xff, 0xff, 0xff, 0xff, 0xff, 0xff,
    0xff, 0xff, 0xff, 0xd0, 0xff, 0xff, 0xff, 0xff,
    0xff, 0xff, 0xff, 0xff, 0xff, 0xff, 0xff, 0xff,
    0xfe, 0x30, 0xff, 0xff, 0xff, 0xff, 0xff, 0xff,
    0xff, 0xff, 0xff, 0xff, 0xff, 0xff, 0x80, 0x0,
    0xff, 0xff, 0xff, 0xff, 0xff, 0xff, 0xff, 0xff,
    0xff, 0xff, 0xff, 0xb2, 0x0, 0x0, 0xff, 0xff,
    0xff, 0xff, 0xff, 0xff, 0xff, 0xff, 0xff, 0xff,
    0xe5, 0x0, 0x0, 0x0, 0xff, 0xff, 0xff, 0xff,
    0xff, 0xff, 0xff, 0xff, 0xff, 0xf8, 0x0, 0x0,
    0x0, 0x0, 0xff, 0xff, 0xff, 0xff, 0xff, 0xff,
    0xff, 0xff, 0xfb, 0x20, 0x0, 0x0, 0x0, 0x0,
    0xff, 0xff, 0xff, 0xff, 0xff, 0xff, 0xff, 0xfd,
    0x40, 0x0, 0x0, 0x0, 0x0, 0x0, 0xff, 0xff,
    0xff, 0xff, 0xff, 0xff, 0xff, 0x70, 0x0, 0x0,
    0x0, 0x0, 0x0, 0x0, 0xff, 0xff, 0xff, 0xff,
    0xff, 0xff, 0xa1, 0x0, 0x0, 0x0, 0x0, 0x0,
    0x0, 0x0, 0xff, 0xff, 0xff, 0xff, 0xff, 0xd3,
    0x0, 0x0, 0x0, 0x0, 0x0, 0x0, 0x0, 0x0,
    0xff, 0xff, 0xff, 0xff, 0xe6, 0x0, 0x0, 0x0,
    0x0, 0x0, 0x0, 0x0, 0x0, 0x0, 0xef, 0xff,
    0xff, 0xf9, 0x10, 0x0, 0x0, 0x0, 0x0, 0x0,
    0x0, 0x0, 0x0, 0x0, 0x8f, 0xff, 0xfc, 0x30,
    0x0, 0x0, 0x0, 0x0, 0x0, 0x0, 0x0, 0x0,
    0x0, 0x0, 0x7, 0xdc, 0x50, 0x0, 0x0, 0x0,
    0x0, 0x0, 0x0, 0x0, 0x0, 0x0, 0x0, 0x0,
    0x0, 0x0, 0x0, 0x0, 0x0, 0x0, 0x0, 0x0,
    0x0, 0x0, 0x0, 0x0, 0x0, 0x0,

    /* U+F04C "" */
    0x0, 0x12, 0x22, 0x22, 0x20, 0x0, 0x0, 0x0,
    0x0, 0x22, 0x22, 0x22, 0x10, 0x0, 0x1b, 0xff,
    0xff, 0xff, 0xff, 0x70, 0x0, 0x0, 0x6f, 0xff,
    0xff, 0xff, 0xfc, 0x10, 0xaf, 0xff, 0xff, 0xff,
    0xff, 0xf4, 0x0, 0x3, 0xff, 0xff, 0xff, 0xff,
    0xff, 0xb0, 0xff, 0xff, 0xff, 0xff, 0xff, 0xf9,
    0x0, 0x7, 0xff, 0xff, 0xff, 0xff, 0xff, 0xf0,
    0xff, 0xff, 0xff, 0xff, 0xff, 0xfa, 0x0, 0x8,
    0xff, 0xff, 0xff, 0xff, 0xff, 0xf1, 0xff, 0xff,
    0xff, 0xff, 0xff, 0xfa, 0x0, 0x8, 0xff, 0xff,
    0xff, 0xff, 0xff, 0xf1, 0xff, 0xff, 0xff, 0xff,
    0xff, 0xfa, 0x0, 0x8, 0xff, 0xff, 0xff, 0xff,
    0xff, 0xf1, 0xff, 0xff, 0xff, 0xff, 0xff, 0xfa,
    0x0, 0x8, 0xff, 0xff, 0xff, 0xff, 0xff, 0xf1,
    0xff, 0xff, 0xff, 0xff, 0xff, 0xfa, 0x0, 0x8,
    0xff, 0xff, 0xff, 0xff, 0xff, 0xf1, 0xff, 0xff,
    0xff, 0xff, 0xff, 0xfa, 0x0, 0x8, 0xff, 0xff,
    0xff, 0xff, 0xff, 0xf1, 0xff, 0xff, 0xff, 0xff,
    0xff, 0xfa, 0x0, 0x8, 0xff, 0xff, 0xff, 0xff,
    0xff, 0xf1, 0xff, 0xff, 0xff, 0xff, 0xff, 0xfa,
    0x0, 0x8, 0xff, 0xff, 0xff, 0xff, 0xff, 0xf1,
    0xff, 0xff, 0xff, 0xff, 0xff, 0xfa, 0x0, 0x8,
    0xff, 0xff, 0xff, 0xff, 0xff, 0xf1, 0xff, 0xff,
    0xff, 0xff, 0xff, 0xfa, 0x0, 0x8, 0xff, 0xff,
    0xff, 0xff, 0xff, 0xf1, 0xff, 0xff, 0xff, 0xff,
    0xff, 0xfa, 0x0, 0x8, 0xff, 0xff, 0xff, 0xff,
    0xff, 0xf1, 0xff, 0xff, 0xff, 0xff, 0xff, 0xfa,
    0x0, 0x8, 0xff, 0xff, 0xff, 0xff, 0xff, 0xf1,
    0xff, 0xff, 0xff, 0xff, 0xff, 0xfa, 0x0, 0x8,
    0xff, 0xff, 0xff, 0xff, 0xff, 0xf1, 0xff, 0xff,
    0xff, 0xff, 0xff, 0xfa, 0x0, 0x8, 0xff, 0xff,
    0xff, 0xff, 0xff, 0xf1, 0xff, 0xff, 0xff, 0xff,
    0xff, 0xfa, 0x0, 0x8, 0xff, 0xff, 0xff, 0xff,
    0xff, 0xf1, 0xff, 0xff, 0xff, 0xff, 0xff, 0xfa,
    0x0, 0x8, 0xff, 0xff, 0xff, 0xff, 0xff, 0xf1,
    0xff, 0xff, 0xff, 0xff, 0xff, 0xfa, 0x0, 0x8,
    0xff, 0xff, 0xff, 0xff, 0xff, 0xf1, 0xff, 0xff,
    0xff, 0xff, 0xff, 0xfa, 0x0, 0x8, 0xff, 0xff,
    0xff, 0xff, 0xff, 0xf1, 0xff, 0xff, 0xff, 0xff,
    0xff, 0xfa, 0x0, 0x8, 0xff, 0xff, 0xff, 0xff,
    0xff, 0xf1, 0xff, 0xff, 0xff, 0xff, 0xff, 0xfa,
    0x0, 0x8, 0xff, 0xff, 0xff, 0xff, 0xff, 0xf1,
    0xff, 0xff, 0xff, 0xff, 0xff, 0xfa, 0x0, 0x8,
    0xff, 0xff, 0xff, 0xff, 0xff, 0xf1, 0xef, 0xff,
    0xff, 0xff, 0xff, 0xf8, 0x0, 0x7, 0xff, 0xff,
    0xff, 0xff, 0xff, 0xf0, 0x8f, 0xff, 0xff, 0xff,
    0xff, 0xf3, 0x0, 0x2, 0xff, 0xff, 0xff, 0xff,
    0xff, 0xa0, 0x8, 0xef, 0xff, 0xff, 0xfc, 0x40,
    0x0, 0x0, 0x3c, 0xff, 0xff, 0xff, 0xe9, 0x0,

    /* U+F04D "" */
    0x0, 0x12, 0x22, 0x22, 0x22, 0x22, 0x22, 0x22,
    0x22, 0x22, 0x22, 0x22, 0x10, 0x0, 0x1c, 0xff,
    0xff, 0xff, 0xff, 0xff, 0xff, 0xff, 0xff, 0xff,
    0xff, 0xff, 0xfd, 0x20, 0xaf, 0xff, 0xff, 0xff,
    0xff, 0xff, 0xff, 0xff, 0xff, 0xff, 0xff, 0xff,
    0xff, 0xc0, 0xff, 0xff, 0xff, 0xff, 0xff, 0xff,
    0xff, 0xff, 0xff, 0xff, 0xff, 0xff, 0xff, 0xf1,
    0xff, 0xff, 0xff, 0xff, 0xff, 0xff, 0xff, 0xff,
    0xff, 0xff, 0xff, 0xff, 0xff, 0xf2, 0xff, 0xff,
    0xff, 0xff, 0xff, 0xff, 0xff, 0xff, 0xff, 0xff,
    0xff, 0xff, 0xff, 0xf2, 0xff, 0xff, 0xff, 0xff,
    0xff, 0xff, 0xff, 0xff, 0xff, 0xff, 0xff, 0xff,
    0xff, 0xf2, 0xff, 0xff, 0xff, 0xff, 0xff, 0xff,
    0xff, 0xff, 0xff, 0xff, 0xff, 0xff, 0xff, 0xf2,
    0xff, 0xff, 0xff, 0xff, 0xff, 0xff, 0xff, 0xff,
    0xff, 0xff, 0xff, 0xff, 0xff, 0xf2, 0xff, 0xff,
    0xff, 0xff, 0xff, 0xff, 0xff, 0xff, 0xff, 0xff,
    0xff, 0xff, 0xff, 0xf2, 0xff, 0xff, 0xff, 0xff,
    0xff, 0xff, 0xff, 0xff, 0xff, 0xff, 0xff, 0xff,
    0xff, 0xf2, 0xff, 0xff, 0xff, 0xff, 0xff, 0xff,
    0xff, 0xff, 0xff, 0xff, 0xff, 0xff, 0xff, 0xf2,
    0xff, 0xff, 0xff, 0xff, 0xff, 0xff, 0xff, 0xff,
    0xff, 0xff, 0xff, 0xff, 0xff, 0xf2, 0xff, 0xff,
    0xff, 0xff, 0xff, 0xff, 0xff, 0xff, 0xff, 0xff,
    0xff, 0xff, 0xff, 0xf2, 0xff, 0xff, 0xff, 0xff,
    0xff, 0xff, 0xff, 0xff, 0xff, 0xff, 0xff, 0xff,
    0xff, 0xf2, 0xff, 0xff, 0xff, 0xff, 0xff, 0xff,
    0xff, 0xff, 0xff, 0xff, 0xff, 0xff, 0xff, 0xf2,
    0xff, 0xff, 0xff, 0xff, 0xff, 0xff, 0xff, 0xff,
    0xff, 0xff, 0xff, 0xff, 0xff, 0xf2, 0xff, 0xff,
    0xff, 0xff, 0xff, 0xff, 0xff, 0xff, 0xff, 0xff,
    0xff, 0xff, 0xff, 0xf2, 0xff, 0xff, 0xff, 0xff,
    0xff, 0xff, 0xff, 0xff, 0xff, 0xff, 0xff, 0xff,
    0xff, 0xf2, 0xff, 0xff, 0xff, 0xff, 0xff, 0xff,
    0xff, 0xff, 0xff, 0xff, 0xff, 0xff, 0xff, 0xf2,
    0xff, 0xff, 0xff, 0xff, 0xff, 0xff, 0xff, 0xff,
    0xff, 0xff, 0xff, 0xff, 0xff, 0xf2, 0xff, 0xff,
    0xff, 0xff, 0xff, 0xff, 0xff, 0xff, 0xff, 0xff,
    0xff, 0xff, 0xff, 0xf2, 0xff, 0xff, 0xff, 0xff,
    0xff, 0xff, 0xff, 0xff, 0xff, 0xff, 0xff, 0xff,
    0xff, 0xf2, 0xff, 0xff, 0xff, 0xff, 0xff, 0xff,
    0xff, 0xff, 0xff, 0xff, 0xff, 0xff, 0xff, 0xf2,
    0xff, 0xff, 0xff, 0xff, 0xff, 0xff, 0xff, 0xff,
    0xff, 0xff, 0xff, 0xff, 0xff, 0xf2, 0xef, 0xff,
    0xff, 0xff, 0xff, 0xff, 0xff, 0xff, 0xff, 0xff,
    0xff, 0xff, 0xff, 0xf0, 0x8f, 0xff, 0xff, 0xff,
    0xff, 0xff, 0xff, 0xff, 0xff, 0xff, 0xff, 0xff,
    0xff, 0xa0, 0x8, 0xef, 0xff, 0xff, 0xff, 0xff,
    0xff, 0xff, 0xff, 0xff, 0xff, 0xff, 0xe9, 0x0,

    /* U+F051 "" */
    0x0, 0x21, 0x0, 0x0, 0x0, 0x0, 0x0, 0x0,
    0x12, 0x22, 0x0, 0x9f, 0xf5, 0x0, 0x0, 0x0,
    0x0, 0x0, 0x1f, 0xff, 0xf3, 0x1f, 0xff, 0xf6,
    0x0, 0x0, 0x0, 0x0, 0x1, 0xff, 0xff, 0x42,
    0xff, 0xff, 0xf7, 0x0, 0x0, 0x0, 0x0, 0x1f,
    0xff, 0xf4, 0x2f, 0xff, 0xff, 0xf8, 0x0, 0x0,
    0x0, 0x1, 0xff, 0xff, 0x42, 0xff, 0xff, 0xff,
    0xfa, 0x0, 0x0, 0x0, 0x1f, 0xff, 0xf4, 0x2f,
    0xff, 0xff, 0xff, 0xfb, 0x0, 0x0, 0x1, 0xff,
    0xff, 0x42, 0xff, 0xff, 0xff, 0xff, 0xfc, 0x10,
    0x0, 0x1f, 0xff, 0xf4, 0x2f, 0xff, 0xff, 0xff,
    0xff, 0xfd, 0x10, 0x1, 0xff, 0xff, 0x42, 0xff,
    0xff, 0xff, 0xff, 0xff, 0xfd, 0x20, 0x1f, 0xff,
    0xf4, 0x2f, 0xff, 0xff, 0xff, 0xff, 0xff, 0xfe,
    0x21, 0xff, 0xff, 0x42, 0xff, 0xff, 0xff, 0xff,
    0xff, 0xff, 0xff, 0x5f, 0xff, 0xf4, 0x2f, 0xff,
    0xff, 0xff, 0xff, 0xff, 0xff, 0xff, 0xff, 0xff,
    0x42, 0xff, 0xff, 0xff, 0xff, 0xff, 0xff, 0xff,
    0xff, 0xff, 0xf4, 0x2f, 0xff, 0xff, 0xff, 0xff,
    0xff, 0xff, 0xff, 0xff, 0xff, 0x42, 0xff, 0xff,
    0xff, 0xff, 0xff, 0xff, 0xff, 0xff, 0xff, 0xf4,
    0x2f, 0xff, 0xff, 0xff, 0xff, 0xff, 0xff, 0xfe,
    0xff, 0xff, 0x42, 0xff, 0xff, 0xff, 0xff, 0xff,
    0xff, 0xfc, 0x3f, 0xff, 0xf4, 0x2f, 0xff, 0xff,
    0xff, 0xff, 0xff, 0xfb, 0x1, 0xff, 0xff, 0x42,
    0xff, 0xff, 0xff, 0xff, 0xff, 0xfa, 0x0, 0x1f,
    0xff, 0xf4, 0x2f, 0xff, 0xff, 0xff, 0xff, 0xf9,
    0x0, 0x1, 0xff, 0xff, 0x42, 0xff, 0xff, 0xff,
    0xff, 0xf8, 0x0, 0x0, 0x1f, 0xff, 0xf4, 0x2f,
    0xff, 0xff, 0xff, 0xf7, 0x0, 0x0, 0x1, 0xff,
    0xff, 0x42, 0xff, 0xff, 0xff, 0xf6, 0x0, 0x0,
    0x0, 0x1f, 0xff, 0xf4, 0x2f, 0xff, 0xff, 0xf5,
    0x0, 0x0, 0x0, 0x1, 0xff, 0xff, 0x42, 0xff,
    0xff, 0xf4, 0x0, 0x0, 0x0, 0x0, 0x1f, 0xff,
    0xf4, 0xf, 0xff, 0xe3, 0x0, 0x0, 0x0, 0x0,
    0x1, 0xff, 0xff, 0x40, 0x6e, 0xd2, 0x0, 0x0,
    0x0, 0x0, 0x0, 0xe, 0xff, 0xe2, 0x0, 0x0,
    0x0, 0x0, 0x0, 0x0, 0x0, 0x0, 0x0, 0x0,
    0x0,

    /* U+F052 "" */
    0x0, 0x0, 0x0, 0x0, 0x0, 0x0, 0x0, 0x20,
    0x0, 0x0, 0x0, 0x0, 0x0, 0x0, 0x0, 0x0,
    0x0, 0x0, 0x0, 0x0, 0x4, 0xef, 0xf5, 0x0,
    0x0, 0x0, 0x0, 0x0, 0x0, 0x0, 0x0, 0x0,
    0x0, 0x0, 0x4, 0xff, 0xff, 0xf5, 0x0, 0x0,
    0x0, 0x0, 0x0, 0x0, 0x0, 0x0, 0x0, 0x0,
    0x3, 0xff, 0xff, 0xff, 0xf4, 0x0, 0x0, 0x0,
    0x0, 0x0, 0x0, 0x0, 0x0, 0x0, 0x2, 0xef,
    0xff, 0xff, 0xff, 0xf3, 0x0, 0x0, 0x0, 0x0,
    0x0, 0x0, 0x0, 0x0, 0x1, 0xdf, 0xff, 0xff,
    0xff, 0xff, 0xe2, 0x0, 0x0, 0x0, 0x0, 0x0,
    0x0, 0x0, 0x1, 0xdf, 0xff, 0xff, 0xff, 0xff,
    0xff, 0xe1, 0x0, 0x0, 0x0, 0x0, 0x0, 0x0,
    0x0, 0xcf, 0xff, 0xff, 0xff, 0xff, 0xff, 0xff,
    0xd1, 0x0, 0x0, 0x0, 0x0, 0x0, 0x0, 0xbf,
    0xff, 0xff, 0xff, 0xff, 0xff, 0xff, 0xff, 0xc0,
    0x0, 0x0, 0x0, 0x0, 0x0, 0xaf, 0xff, 0xff,
    0xff, 0xff, 0xff, 0xff, 0xff, 0xff, 0xb0, 0x0,
    0x0, 0x0, 0x0, 0x8f, 0xff, 0xff, 0xff, 0xff,
    0xff, 0xff, 0xff, 0xff, 0xff, 0xa0, 0x0, 0x0,
    0x0, 0x7f, 0xff, 0xff, 0xff, 0xff, 0xff, 0xff,
    0xff, 0xff, 0xff, 0xff, 0x90, 0x0, 0x0, 0x6f,
    0xff, 0xff, 0xff, 0xff, 0xff, 0xff, 0xff, 0xff,
    0xff, 0xff, 0xff, 0x80, 0x0, 0x4f, 0xff, 0xff,
    0xff, 0xff, 0xff, 0xff, 0xff, 0xff, 0xff, 0xff,
    0xff, 0xff, 0x60, 0xd, 0xff, 0xff, 0xff, 0xff,
    0xff, 0xff, 0xff, 0xff, 0xff, 0xff, 0xff, 0xff,
    0xff, 0x0, 0xff, 0xff, 0xff, 0xff, 0xff, 0xff,
    0xff, 0xff, 0xff, 0xff, 0xff, 0xff, 0xff, 0xf1,
    0xb, 0xff, 0xff, 0xff, 0xff, 0xff, 0xff, 0xff,
    0xff, 0xff, 0xff, 0xff, 0xff, 0xfd, 0x0, 0x2d,
    0xff, 0xff, 0xff, 0xff, 0xff, 0xff, 0xff, 0xff,
    0xff, 0xff, 0xff, 0xfe, 0x30, 0x0, 0x3, 0x44,
    0x44, 0x44, 0x44, 0x44, 0x44, 0x44, 0x44, 0x44,
    0x44, 0x43, 0x0, 0x0, 0x0, 0x0, 0x0, 0x0,
    0x0, 0x0, 0x0, 0x0, 0x0, 0x0, 0x0, 0x0,
    0x0, 0x0, 0x2, 0xbc, 0xcc, 0xcc, 0xcc, 0xcc,
    0xcc, 0xcc, 0xcc, 0xcc, 0xcc, 0xcc, 0xcc, 0xb3,
    0x0, 0xdf, 0xff, 0xff, 0xff, 0xff, 0xff, 0xff,
    0xff, 0xff, 0xff, 0xff, 0xff, 0xff, 0xe0, 0xf,
    0xff, 0xff, 0xff, 0xff, 0xff, 0xff, 0xff, 0xff,
    0xff, 0xff, 0xff, 0xff, 0xff, 0x10, 0xff, 0xff,
    0xff, 0xff, 0xff, 0xff, 0xff, 0xff, 0xff, 0xff,
    0xff, 0xff, 0xff, 0xf2, 0xf, 0xff, 0xff, 0xff,
    0xff, 0xff, 0xff, 0xff, 0xff, 0xff, 0xff, 0xff,
    0xff, 0xff, 0x20, 0xff, 0xff, 0xff, 0xff, 0xff,
    0xff, 0xff, 0xff, 0xff, 0xff, 0xff, 0xff, 0xff,
    0xf2, 0xe, 0xff, 0xff, 0xff, 0xff, 0xff, 0xff,
    0xff, 0xff, 0xff, 0xff, 0xff, 0xff, 0xff, 0x0,
    0x4d, 0xff, 0xff, 0xff, 0xff, 0xff, 0xff, 0xff,
    0xff, 0xff, 0xff, 0xff, 0xfe, 0x50,

    /* U+F053 "" */
    0x0, 0x0, 0x0, 0x0, 0x0, 0x0, 0x2c, 0xa0,
    0x0, 0x0, 0x0, 0x0, 0x0, 0x0, 0x2e, 0xff,
    0xc0, 0x0, 0x0, 0x0, 0x0, 0x0, 0x2e, 0xff,
    0xff, 0x90, 0x0, 0x0, 0x0, 0x0, 0x2e, 0xff,
    0xff, 0xf8, 0x0, 0x0, 0x0, 0x0, 0x2e, 0xff,
    0xff, 0xfb, 0x0, 0x0, 0x0, 0x0, 0x2e, 0xff,
    0xff, 0xfb, 0x0, 0x0, 0x0, 0x0, 0x2e, 0xff,
    0xff, 0xfb, 0x0, 0x0, 0x0, 0x0, 0x2e, 0xff,
    0xff, 0xfb, 0x0, 0x0, 0x0, 0x0, 0x2e, 0xff,
    0xff, 0xfb, 0x0, 0x0, 0x0, 0x0, 0x2e, 0xff,
    0xff, 0xfb, 0x0, 0x0, 0x0, 0x0, 0x2e, 0xff,
    0xff, 0xfb, 0x0, 0x0, 0x0, 0x0, 0x2e, 0xff,
    0xff, 0xfb, 0x0, 0x0, 0x0, 0x0, 0x1e, 0xff,
    0xff, 0xfb, 0x0, 0x0, 0x0, 0x0, 0x4, 0xff,
    0xff, 0xff, 0x30, 0x0, 0x0, 0x0, 0x0, 0xb,
    0xff, 0xff, 0xfe, 0x20, 0x0, 0x0, 0x0, 0x0,
    0xb, 0xff, 0xff, 0xfe, 0x20, 0x0, 0x0, 0x0,
    0x0, 0xb, 0xff, 0xff, 0xfe, 0x20, 0x0, 0x0,
    0x0, 0x0, 0xb, 0xff, 0xff, 0xfe, 0x20, 0x0,
    0x0, 0x0, 0x0, 0xb, 0xff, 0xff, 0xfe, 0x20,
    0x0, 0x0, 0x0, 0x0, 0xb, 0xff, 0xff, 0xfe,
    0x20, 0x0, 0x0, 0x0, 0x0, 0xb, 0xff, 0xff,
    0xfe, 0x20, 0x0, 0x0, 0x0, 0x0, 0xb, 0xff,
    0xff, 0xfe, 0x20, 0x0, 0x0, 0x0, 0x0, 0xb,
    0xff, 0xff, 0xfe, 0x20, 0x0, 0x0, 0x0, 0x0,
    0xb, 0xff, 0xff, 0xfa, 0x0, 0x0, 0x0, 0x0,
    0x0, 0xb, 0xff, 0xff, 0x60, 0x0, 0x0, 0x0,
    0x0, 0x0, 0xb, 0xff, 0x80, 0x0, 0x0, 0x0,
    0x0, 0x0, 0x0, 0x7, 0x50, 0x0,

    /* U+F054 "" */
    0x0, 0x6c, 0x60, 0x0, 0x0, 0x0, 0x0, 0x0,
    0x0, 0x7f, 0xff, 0x70, 0x0, 0x0, 0x0, 0x0,
    0x0, 0x3f, 0xff, 0xff, 0x70, 0x0, 0x0, 0x0,
    0x0, 0x2, 0xff, 0xff, 0xff, 0x70, 0x0, 0x0,
    0x0, 0x0, 0x6, 0xff, 0xff, 0xff, 0x70, 0x0,
    0x0, 0x0, 0x0, 0x6, 0xff, 0xff, 0xff, 0x70,
    0x0, 0x0, 0x0, 0x0, 0x6, 0xff, 0xff, 0xff,
    0x70, 0x0, 0x0, 0x0, 0x0, 0x6, 0xff, 0xff,
    0xff, 0x70, 0x0, 0x0, 0x0, 0x0, 0x6, 0xff,
    0xff, 0xff, 0x70, 0x0, 0x0, 0x0, 0x0, 0x6,
    0xff, 0xff, 0xff, 0x70, 0x0, 0x0, 0x0, 0x0,
    0x6, 0xff, 0xff, 0xff, 0x70, 0x0, 0x0, 0x0,
    0x0, 0x6, 0xff, 0xff, 0xff, 0x70, 0x0, 0x0,
    0x0, 0x0, 0x6, 0xff, 0xff, 0xff, 0x50, 0x0,
    0x0, 0x0, 0x0, 0xd, 0xff, 0xff, 0xfa, 0x0,
    0x0, 0x0, 0x0, 0xb, 0xff, 0xff, 0xfe, 0x20,
    0x0, 0x0, 0x0, 0xb, 0xff, 0xff, 0xfe, 0x30,
    0x0, 0x0, 0x0, 0xb, 0xff, 0xff, 0xfe, 0x30,
    0x0, 0x0, 0x0, 0xb, 0xff, 0xff, 0xfe, 0x30,
    0x0, 0x0, 0x0, 0xb, 0xff, 0xff, 0xfe, 0x30,
    0x0, 0x0, 0x0, 0xb, 0xff, 0xff, 0xfe, 0x30,
    0x0, 0x0, 0x0, 0xa, 0xff, 0xff, 0xfe, 0x30,
    0x0, 0x0, 0x0, 0xa, 0xff, 0xff, 0xfe, 0x30,
    0x0, 0x0, 0x0, 0xa, 0xff, 0xff, 0xfe, 0x30,
    0x0, 0x0, 0x0, 0x4, 0xff, 0xff, 0xfe, 0x30,
    0x0, 0x0, 0x0, 0x0, 0x1f, 0xff, 0xfe, 0x30,
    0x0, 0x0, 0x0, 0x0, 0x0, 0x3f, 0xfe, 0x30,
    0x0, 0x0, 0x0, 0x0, 0x0, 0x0, 0x28, 0x20,
    0x0, 0x0, 0x0, 0x0, 0x0, 0x0,

    /* U+F067 "" */
    0x0, 0x0, 0x0, 0x0, 0x0, 0x0, 0x23, 0x20,
    0x0, 0x0, 0x0, 0x0, 0x0, 0x0, 0x0, 0x0,
    0x0, 0x0, 0x0, 0xc, 0xff, 0xfd, 0x10, 0x0,
    0x0, 0x0, 0x0, 0x0, 0x0, 0x0, 0x0, 0x0,
    0x0, 0x4f, 0xff, 0xff, 0x60, 0x0, 0x0, 0x0,
    0x0, 0x0, 0x0, 0x0, 0x0, 0x0, 0x0, 0x5f,
    0xff, 0xff, 0x70, 0x0, 0x0, 0x0, 0x0, 0x0,
    0x0, 0x0, 0x0, 0x0, 0x0, 0x5f, 0xff, 0xff,
    0x70, 0x0, 0x0, 0x0, 0x0, 0x0, 0x0, 0x0,
    0x0, 0x0, 0x0, 0x5f, 0xff, 0xff, 0x70, 0x0,
    0x0, 0x0, 0x0, 0x0, 0x0, 0x0, 0x0, 0x0,
    0x0, 0x5f, 0xff, 0xff, 0x70, 0x0, 0x0, 0x0,
    0x0, 0x0, 0x0, 0x0, 0x0, 0x0, 0x0, 0x5f,
    0xff, 0xff, 0x70, 0x0, 0x0, 0x0, 0x0, 0x0,
    0x0, 0x0, 0x0, 0x0, 0x0, 0x5f, 0xff, 0xff,
    0x70, 0x0, 0x0, 0x0, 0x0, 0x0, 0x0, 0x0,
    0x0, 0x0, 0x0, 0x5f, 0xff, 0xff, 0x70, 0x0,
    0x0, 0x0, 0x0, 0x0, 0x0, 0x0, 0x0, 0x0,
    0x0, 0x5f, 0xff, 0xff, 0x70, 0x0, 0x0, 0x0,
    0x0, 0x0, 0x6, 0x88, 0x88, 0x88, 0x88, 0xbf,
    0xff, 0xff, 0xc8, 0x88, 0x88, 0x88, 0x87, 0x10,
    0xbf, 0xff, 0xff, 0xff, 0xff, 0xff, 0xff, 0xff,
    0xff, 0xff, 0xff, 0xff, 0xff, 0xd0, 0xff, 0xff,
    0xff, 0xff, 0xff, 0xff, 0xff, 0xff, 0xff, 0xff,
    0xff, 0xff, 0xff, 0xf1, 0xff, 0xff, 0xff, 0xff,
    0xff, 0xff, 0xff, 0xff, 0xff, 0xff, 0xff, 0xff,
    0xff, 0xf2, 0xff, 0xff, 0xff, 0xff, 0xff, 0xff,
    0xff, 0xff, 0xff, 0xff, 0xff, 0xff, 0xff, 0xf1,
    0x8f, 0xff, 0xff, 0xff, 0xff, 0xff, 0xff, 0xff,
    0xff, 0xff, 0xff, 0xff, 0xff, 0xa0, 0x2, 0x44,
    0x44, 0x44, 0x44, 0x8f, 0xff, 0xff, 0x94, 0x44,
    0x44, 0x44, 0x43, 0x0, 0x0, 0x0, 0x0, 0x0,
    0x0, 0x5f, 0xff, 0xff, 0x70, 0x0, 0x0, 0x0,
    0x0, 0x0, 0x0, 0x0, 0x0, 0x0, 0x0, 0x5f,
    0xff, 0xff, 0x70, 0x0, 0x0, 0x0, 0x0, 0x0,
    0x0, 0x0, 0x0, 0x0, 0x0, 0x5f, 0xff, 0xff,
    0x70, 0x0, 0x0, 0x0, 0x0, 0x0, 0x0, 0x0,
    0x0, 0x0, 0x0, 0x5f, 0xff, 0xff, 0x70, 0x0,
    0x0, 0x0, 0x0, 0x0, 0x0, 0x0, 0x0, 0x0,
    0x0, 0x5f, 0xff, 0xff, 0x70, 0x0, 0x0, 0x0,
    0x0, 0x0, 0x0, 0x0, 0x0, 0x0, 0x0, 0x5f,
    0xff, 0xff, 0x70, 0x0, 0x0, 0x0, 0x0, 0x0,
    0x0, 0x0, 0x0, 0x0, 0x0, 0x5f, 0xff, 0xff,
    0x70, 0x0, 0x0, 0x0, 0x0, 0x0, 0x0, 0x0,
    0x0, 0x0, 0x0, 0x5f, 0xff, 0xff, 0x70, 0x0,
    0x0, 0x0, 0x0, 0x0, 0x0, 0x0, 0x0, 0x0,
    0x0, 0x3f, 0xff, 0xff, 0x50, 0x0, 0x0, 0x0,
    0x0, 0x0, 0x0, 0x0, 0x0, 0x0, 0x0, 0x8,
    0xef, 0xe9, 0x0, 0x0, 0x0, 0x0, 0x0, 0x0,

    /* U+F068 "" */
    0x2a, 0xcc, 0xcc, 0xcc, 0xcc, 0xcc, 0xcc, 0xcc,
    0xcc, 0xcc, 0xcc, 0xcc, 0xca, 0x30, 0xdf, 0xff,
    0xff, 0xff, 0xff, 0xff, 0xff, 0xff, 0xff, 0xff,
    0xff, 0xff, 0xff, 0xe0, 0xff, 0xff, 0xff, 0xff,
    0xff, 0xff, 0xff, 0xff, 0xff, 0xff, 0xff, 0xff,
    0xff, 0xf1, 0xff, 0xff, 0xff, 0xff, 0xff, 0xff,
    0xff, 0xff, 0xff, 0xff, 0xff, 0xff, 0xff, 0xf2,
    0xef, 0xff, 0xff, 0xff, 0xff, 0xff, 0xff, 0xff,
    0xff, 0xff, 0xff, 0xff, 0xff, 0xf0, 0x5f, 0xff,
    0xff, 0xff, 0xff, 0xff, 0xff, 0xff, 0xff, 0xff,
    0xff, 0xff, 0xff, 0x70, 0x0, 0x11, 0x11, 0x11,
    0x11, 0x11, 0x11, 0x11, 0x11, 0x11, 0x11, 0x11,
    0x10, 0x0,

    /* U+F06E "" */
    0x0, 0x0, 0x0, 0x0, 0x0, 0x0, 0x0, 0x0,
    0x11, 0x10, 0x0, 0x0, 0x0, 0x0, 0x0, 0x0,
    0x0, 0x0, 0x0, 0x0, 0x0, 0x0, 0x0, 0x27,
    0xbe, 0xff, 0xff, 0xfe, 0xa7, 0x20, 0x0, 0x0,
    0x0, 0x0, 0x0, 0x0, 0x0, 0x0, 0x0, 0x6,
    0xcf, 0xff, 0xff, 0xff, 0xff, 0xff, 0xff, 0xc5,
    0x0, 0x0, 0x0, 0x0, 0x0, 0x0, 0x0, 0x0,
    0x4d, 0xff, 0xff, 0xff, 0xfd, 0xcd, 0xff, 0xff,
    0xff, 0xfc, 0x30, 0x0, 0x0, 0x0, 0x0, 0x0,
    0x0, 0xaf, 0xff, 0xff, 0xfb, 0x40, 0x0, 0x0,
    0x5c, 0xff, 0xff, 0xff, 0x80, 0x0, 0x0, 0x0,
    0x0, 0x2, 0xdf, 0xff, 0xff, 0xf4, 0x0, 0x0,
    0x0, 0x0, 0x6, 0xff, 0xff, 0xff, 0xc1, 0x0,
    0x0, 0x0, 0x2, 0xef, 0xff, 0xff, 0xe2, 0x0,
    0x0, 0x57, 0x51, 0x0, 0x4, 0xff, 0xff, 0xff,
    0xd1, 0x0, 0x0, 0x1, 0xef, 0xff, 0xff, 0xf4,
    0x0, 0x0, 0xc, 0xff, 0xf9, 0x0, 0x6, 0xff,
    0xff, 0xff, 0xd0, 0x0, 0x0, 0xcf, 0xff, 0xff,
    0xfa, 0x0, 0x0, 0x0, 0x9f, 0xff, 0xfb, 0x0,
    0xc, 0xff, 0xff, 0xff, 0xb0, 0x0, 0x9f, 0xff,
    0xff, 0xff, 0x30, 0x0, 0x0, 0xc, 0xff, 0xff,
    0xf7, 0x0, 0x5f, 0xff, 0xff, 0xff, 0x70, 0x3f,
    0xff, 0xff, 0xff, 0xe0, 0x0, 0x0, 0x7, 0xff,
    0xff, 0xff, 0xe0, 0x1, 0xff, 0xff, 0xff, 0xff,
    0x1c, 0xff, 0xff, 0xff, 0xfc, 0x0, 0x3d, 0xac,
    0xff, 0xff, 0xff, 0xff, 0x20, 0xe, 0xff, 0xff,
    0xff, 0xf9, 0xff, 0xff, 0xff, 0xff, 0xb0, 0x5,
    0xff, 0xff, 0xff, 0xff, 0xff, 0xf3, 0x0, 0xdf,
    0xff, 0xff, 0xff, 0xda, 0xff, 0xff, 0xff, 0xfd,
    0x0, 0x4f, 0xff, 0xff, 0xff, 0xff, 0xff, 0x10,
    0xf, 0xff, 0xff, 0xff, 0xf8, 0x1f, 0xff, 0xff,
    0xff, 0xf0, 0x0, 0xef, 0xff, 0xff, 0xff, 0xff,
    0xc0, 0x1, 0xff, 0xff, 0xff, 0xfe, 0x10, 0x6f,
    0xff, 0xff, 0xff, 0x40, 0x6, 0xff, 0xff, 0xff,
    0xff, 0xf4, 0x0, 0x6f, 0xff, 0xff, 0xff, 0x50,
    0x0, 0xbf, 0xff, 0xff, 0xfc, 0x0, 0x8, 0xff,
    0xff, 0xff, 0xf6, 0x0, 0xd, 0xff, 0xff, 0xff,
    0x90, 0x0, 0x0, 0xcf, 0xff, 0xff, 0xf6, 0x0,
    0x4, 0xcf, 0xff, 0xb3, 0x0, 0x8, 0xff, 0xff,
    0xff, 0xb0, 0x0, 0x0, 0x1, 0xdf, 0xff, 0xff,
    0xf4, 0x0, 0x0, 0x1, 0x0, 0x0, 0x6, 0xff,
    0xff, 0xff, 0xb0, 0x0, 0x0, 0x0, 0x1, 0xcf,
    0xff, 0xff, 0xf6, 0x0, 0x0, 0x0, 0x0, 0x8,
    0xff, 0xff, 0xff, 0xa0, 0x0, 0x0, 0x0, 0x0,
    0x0, 0x8f, 0xff, 0xff, 0xfd, 0x62, 0x0, 0x2,
    0x7e, 0xff, 0xff, 0xff, 0x60, 0x0, 0x0, 0x0,
    0x0, 0x0, 0x0, 0x2b, 0xff, 0xff, 0xff, 0xff,
    0xef, 0xff, 0xff, 0xff, 0xfa, 0x20, 0x0, 0x0,
    0x0, 0x0, 0x0, 0x0, 0x0, 0x3, 0xaf, 0xff,
    0xff, 0xff, 0xff, 0xff, 0xff, 0x93, 0x0, 0x0,
    0x0, 0x0, 0x0, 0x0, 0x0, 0x0, 0x0, 0x0,
    0x5, 0x9c, 0xef, 0xfe, 0xdb, 0x84, 0x0, 0x0,
    0x0, 0x0, 0x0, 0x0,

    /* U+F070 "" */
    0x0, 0x0, 0x0, 0x0, 0x0, 0x0, 0x0, 0x0,
    0x0, 0x0, 0x0, 0x0, 0x0, 0x0, 0x0, 0x0,
    0x0, 0x0, 0x0, 0x0, 0xae, 0x30, 0x0, 0x0,
    0x0, 0x0, 0x0, 0x0, 0x0, 0x0, 0x0, 0x0,
    0x0, 0x0, 0x0, 0x0, 0x0, 0x0, 0x0, 0x8f,
    0xff, 0x70, 0x0, 0x0, 0x0, 0x0, 0x0, 0x0,
    0x0, 0x0, 0x0, 0x0, 0x0, 0x0, 0x0, 0x0,
    0x0, 0x0, 0xe, 0xff, 0xff, 0xa0, 0x0, 0x0,
    0x0, 0x0, 0x0, 0x0, 0x0, 0x0, 0x0, 0x0,
    0x0, 0x0, 0x0, 0x0, 0x0, 0x0, 0x5f, 0xff,
    0xff, 0xd2, 0x0, 0x0, 0x0, 0x0, 0x0, 0x11,
    0x10, 0x0, 0x0, 0x0, 0x0, 0x0, 0x0, 0x0,
    0x0, 0x0, 0x2d, 0xff, 0xff, 0xf5, 0x0, 0x0,
    0x15, 0x9d, 0xff, 0xff, 0xfd, 0xa6, 0x10, 0x0,
    0x0, 0x0, 0x0, 0x0, 0x0, 0x0, 0xa, 0xff,
    0xff, 0xf9, 0x5, 0xcf, 0xff, 0xff, 0xff, 0xff,
    0xff, 0xff, 0xb4, 0x0, 0x0, 0x0, 0x0, 0x0,
    0x0, 0x0, 0x6, 0xff, 0xff, 0xff, 0xff, 0xff,
    0xff, 0xfd, 0xcd, 0xff, 0xff, 0xff, 0xfc, 0x30,
    0x0, 0x0, 0x0, 0x0, 0x0, 0x0, 0x3, 0xef,
    0xff, 0xff, 0xff, 0xfb, 0x50, 0x0, 0x0, 0x5c,
    0xff, 0xff, 0xff, 0x70, 0x0, 0x0, 0x0, 0x0,
    0x0, 0x0, 0x1, 0xbf, 0xff, 0xff, 0xf4, 0x0,
    0x0, 0x0, 0x0, 0x6, 0xff, 0xff, 0xff, 0xb0,
    0x0, 0x0, 0x0, 0x0, 0x0, 0x0, 0x0, 0x8f,
    0xff, 0xff, 0xc1, 0x0, 0x46, 0x51, 0x0, 0x4,
    0xff, 0xff, 0xff, 0xc1, 0x0, 0x0, 0x0, 0x0,
    0x0, 0x0, 0x0, 0x4e, 0xff, 0xff, 0xe4, 0xc,
    0xff, 0xf8, 0x0, 0x7, 0xff, 0xff, 0xff, 0xc0,
    0x0, 0x0, 0x0, 0x0, 0x91, 0x0, 0x0, 0x1c,
    0xff, 0xff, 0xf7, 0xaf, 0xff, 0xfa, 0x0, 0xd,
    0xff, 0xff, 0xff, 0xa0, 0x0, 0x0, 0x0, 0xaf,
    0xe3, 0x0, 0x0, 0x9, 0xff, 0xff, 0xff, 0xff,
    0xff, 0xf6, 0x0, 0x6f, 0xff, 0xff, 0xff, 0x60,
    0x0, 0x0, 0x4f, 0xff, 0xf6, 0x0, 0x0, 0x5,
    0xff, 0xff, 0xff, 0xff, 0xff, 0xd0, 0x2, 0xff,
    0xff, 0xff, 0xfe, 0x10, 0x0, 0xd, 0xff, 0xff,
    0xfa, 0x0, 0x0, 0x2, 0xdf, 0xff, 0xff, 0xff,
    0xff, 0x10, 0xf, 0xff, 0xff, 0xff, 0xf9, 0x0,
    0x0, 0xff, 0xff, 0xff, 0xfd, 0x20, 0x0, 0x0,
    0xaf, 0xff, 0xff, 0xff, 0xf2, 0x0, 0xef, 0xff,
    0xff, 0xff, 0xc0, 0x0, 0xb, 0xff, 0xff, 0xff,
    0xfc, 0x0, 0x0, 0x0, 0x6f, 0xff, 0xff, 0xff,
    0x0, 0xf, 0xff, 0xff, 0xff, 0xf7, 0x0, 0x0,
    0x2f, 0xff, 0xff, 0xff, 0xf0, 0x0, 0x0, 0x0,
    0x3e, 0xff, 0xff, 0xf5, 0x3, 0xff, 0xff, 0xff,
    0xfd, 0x0, 0x0, 0x0, 0x8f, 0xff, 0xff, 0xff,
    0x40, 0x0, 0x0, 0x0, 0x1b, 0xff, 0xff, 0xf9,
    0x9f, 0xff, 0xff, 0xff, 0x30, 0x0, 0x0, 0x0,
    0xbf, 0xff, 0xff, 0xfc, 0x0, 0x0, 0x0, 0x0,
    0x8, 0xff, 0xff, 0xff, 0xff, 0xff, 0xff, 0x60,
    0x0, 0x0, 0x0, 0x1, 0xdf, 0xff, 0xff, 0xf6,
    0x0, 0x0, 0x0, 0x0, 0x4, 0xef, 0xff, 0xff,
    0xff, 0xff, 0x90, 0x0, 0x0, 0x0, 0x0, 0x1,
    0xdf, 0xff, 0xff, 0xf4, 0x0, 0x0, 0x0, 0x0,
    0x1, 0xcf, 0xff, 0xff, 0xff, 0xa0, 0x0, 0x0,
    0x0, 0x0, 0x0, 0x1, 0xcf, 0xff, 0xff, 0xf7,
    0x0, 0x0, 0x0, 0x0, 0x0, 0x9f, 0xff, 0xff,
    0xe1, 0x0, 0x0, 0x0, 0x0, 0x0, 0x0, 0x0,
    0x8f, 0xff, 0xff, 0xfd, 0x61, 0x0, 0x0, 0x0,
    0x0, 0x5f, 0xff, 0xff, 0xd2, 0x0, 0x0, 0x0,
    0x0, 0x0, 0x0, 0x0, 0x3b, 0xff, 0xff, 0xff,
    0xff, 0xef, 0xa0, 0x0, 0x0, 0x2d, 0xff, 0xff,
    0xf5, 0x0, 0x0, 0x0, 0x0, 0x0, 0x0, 0x0,
    0x4, 0xaf, 0xff, 0xff, 0xff, 0xff, 0xd2, 0x0,
    0x0, 0xa, 0xff, 0xff, 0xf9, 0x0, 0x0, 0x0,
    0x0, 0x0, 0x0, 0x0, 0x0, 0x15, 0x9c, 0xef,
    0xfe, 0xdb, 0x70, 0x0, 0x0, 0x6, 0xff, 0xff,
    0xfc, 0x20, 0x0, 0x0, 0x0, 0x0, 0x0, 0x0,
    0x0, 0x0, 0x0, 0x0, 0x0, 0x0, 0x0, 0x0,
    0x0, 0x3, 0xef, 0xff, 0xfe, 0x40, 0x0, 0x0,
    0x0, 0x0, 0x0, 0x0, 0x0, 0x0, 0x0, 0x0,
    0x0, 0x0, 0x0, 0x0, 0x0, 0x1, 0xbf, 0xff,
    0xfa, 0x0, 0x0, 0x0, 0x0, 0x0, 0x0, 0x0,
    0x0, 0x0, 0x0, 0x0, 0x0, 0x0, 0x0, 0x0,
    0x0, 0x0, 0x8f, 0xff, 0x30, 0x0, 0x0, 0x0,
    0x0, 0x0, 0x0, 0x0, 0x0, 0x0, 0x0, 0x0,
    0x0, 0x0, 0x0, 0x0, 0x0, 0x0, 0x4c, 0x50,

    /* U+F071 "" */
    0x0, 0x0, 0x0, 0x0, 0x0, 0x0, 0x0, 0x0,
    0x0, 0x0, 0x0, 0x0, 0x0, 0x0, 0x0, 0x0,
    0x0, 0x0, 0x0, 0x0, 0x0, 0x0, 0x0, 0x0,
    0x0, 0x0, 0x5, 0xef, 0xd3, 0x0, 0x0, 0x0,
    0x0, 0x0, 0x0, 0x0, 0x0, 0x0, 0x0, 0x0,
    0x0, 0x0, 0x0, 0x0, 0x2, 0xff, 0xff, 0xe1,
    0x0, 0x0, 0x0, 0x0, 0x0, 0x0, 0x0, 0x0,
    0x0, 0x0, 0x0, 0x0, 0x0, 0x0, 0x0, 0xbf,
    0xff, 0xff, 0x90, 0x0, 0x0, 0x0, 0x0, 0x0,
    0x0, 0x0, 0x0, 0x0, 0x0, 0x0, 0x0, 0x0,
    0x0, 0x5f, 0xff, 0xff, 0xff, 0x30, 0x0, 0x0,
    0x0, 0x0, 0x0, 0x0, 0x0, 0x0, 0x0, 0x0,
    0x0, 0x0, 0x0, 0xd, 0xff, 0xff, 0xff, 0xfc,
    0x0, 0x0, 0x0, 0x0, 0x0, 0x0, 0x0, 0x0,
    0x0, 0x0, 0x0, 0x0, 0x0, 0x7, 0xff, 0xff,
    0xff, 0xff, 0xf5, 0x0, 0x0, 0x0, 0x0, 0x0,
    0x0, 0x0, 0x0, 0x0, 0x0, 0x0, 0x0, 0x1,
    0xff, 0xff, 0xff, 0xff, 0xff, 0xe0, 0x0, 0x0,
    0x0, 0x0, 0x0, 0x0, 0x0, 0x0, 0x0, 0x0,
    0x0, 0x0, 0xaf, 0xff, 0xff, 0xff, 0xff, 0xff,
    0x70, 0x0, 0x0, 0x0, 0x0, 0x0, 0x0, 0x0,
    0x0, 0x0, 0x0, 0x0, 0x3f, 0xff, 0xff, 0xff,
    0xff, 0xff, 0xff, 0x10, 0x0, 0x0, 0x0, 0x0,
    0x0, 0x0, 0x0, 0x0, 0x0, 0x0, 0xc, 0xff,
    0xff, 0xff, 0xff, 0xff, 0xff, 0xfa, 0x0, 0x0,
    0x0, 0x0, 0x0, 0x0, 0x0, 0x0, 0x0, 0x0,
    0x5, 0xff, 0xff, 0xfa, 0x99, 0x9b, 0xff, 0xff,
    0xf3, 0x0, 0x0, 0x0, 0x0, 0x0, 0x0, 0x0,
    0x0, 0x0, 0x0, 0xef, 0xff, 0xfd, 0x0, 0x0,
    0xe, 0xff, 0xff, 0xc0, 0x0, 0x0, 0x0, 0x0,
    0x0, 0x0, 0x0, 0x0, 0x0, 0x8f, 0xff, 0xff,
    0xd0, 0x0, 0x0, 0xff, 0xff, 0xff, 0x60, 0x0,
    0x0, 0x0, 0x0, 0x0, 0x0, 0x0, 0x0, 0x1f,
    0xff, 0xff, 0xfe, 0x0, 0x0, 0xf, 0xff, 0xff,
    0xfe, 0x0, 0x0, 0x0, 0x0, 0x0, 0x0, 0x0,
    0x0, 0xa, 0xff, 0xff, 0xff, 0xf0, 0x0, 0x1,
    0xff, 0xff, 0xff, 0xf8, 0x0, 0x0, 0x0, 0x0,
    0x0, 0x0, 0x0, 0x3, 0xff, 0xff, 0xff, 0xff,
    0x0, 0x0, 0x2f, 0xff, 0xff, 0xff, 0xf2, 0x0,
    0x0, 0x0, 0x0, 0x0, 0x0, 0x0, 0xcf, 0xff,
    0xff, 0xff, 0xf1, 0x0, 0x3, 0xff, 0xff, 0xff,
    0xff, 0xb0, 0x0, 0x0, 0x0, 0x0, 0x0, 0x0,
    0x6f, 0xff, 0xff, 0xff, 0xff, 0x20, 0x0, 0x4f,
    0xff, 0xff, 0xff, 0xff, 0x40, 0x0, 0x0, 0x0,
    0x0, 0x0, 0xe, 0xff, 0xff, 0xff, 0xff, 0xf3,
    0x0, 0x5, 0xff, 0xff, 0xff, 0xff, 0xfd, 0x0,
    0x0, 0x0, 0x0, 0x0, 0x8, 0xff, 0xff, 0xff,
    0xff, 0xff, 0x50, 0x0, 0x7f, 0xff, 0xff, 0xff,
    0xff, 0xf6, 0x0, 0x0, 0x0, 0x0, 0x2, 0xff,
    0xff, 0xff, 0xff, 0xff, 0xff, 0xff, 0xff, 0xff,
    0xff, 0xff, 0xff, 0xff, 0xe1, 0x0, 0x0, 0x0,
    0x0, 0xbf, 0xff, 0xff, 0xff, 0xff, 0xff, 0xe5,
    0x36, 0xff, 0xff, 0xff, 0xff, 0xff, 0xff, 0x90,
    0x0, 0x0, 0x0, 0x4f, 0xff, 0xff, 0xff, 0xff,
    0xff, 0xf2, 0x0, 0x4, 0xff, 0xff, 0xff, 0xff,
    0xff, 0xff, 0x20, 0x0, 0x0, 0xd, 0xff, 0xff,
    0xff, 0xff, 0xff, 0xfc, 0x0, 0x0, 0xe, 0xff,
    0xff, 0xff, 0xff, 0xff, 0xfb, 0x0, 0x0, 0x6,
    0xff, 0xff, 0xff, 0xff, 0xff, 0xff, 0xb0, 0x0,
    0x0, 0xdf, 0xff, 0xff, 0xff, 0xff, 0xff, 0xf4,
    0x0, 0x1, 0xef, 0xff, 0xff, 0xff, 0xff, 0xff,
    0xff, 0x10, 0x0, 0x3f, 0xff, 0xff, 0xff, 0xff,
    0xff, 0xff, 0xd0, 0x0, 0x9f, 0xff, 0xff, 0xff,
    0xff, 0xff, 0xff, 0xfd, 0x41, 0x5e, 0xff, 0xff,
    0xff, 0xff, 0xff, 0xff, 0xff, 0x70, 0xf, 0xff,
    0xff, 0xff, 0xff, 0xff, 0xff, 0xff, 0xff, 0xff,
    0xff, 0xff, 0xff, 0xff, 0xff, 0xff, 0xff, 0xfd,
    0x0, 0xff, 0xff, 0xff, 0xff, 0xff, 0xff, 0xff,
    0xff, 0xff, 0xff, 0xff, 0xff, 0xff, 0xff, 0xff,
    0xff, 0xff, 0xd0, 0x9, 0xff, 0xff, 0xff, 0xff,
    0xff, 0xff, 0xff, 0xff, 0xff, 0xff, 0xff, 0xff,
    0xff, 0xff, 0xff, 0xff, 0xf7, 0x0, 0x9, 0xef,
    0xff, 0xff, 0xff, 0xff, 0xff, 0xff, 0xff, 0xff,
    0xff, 0xff, 0xff, 0xff, 0xff, 0xff, 0xe8, 0x0,

    /* U+F074 "" */
    0x0, 0x0, 0x0, 0x0, 0x0, 0x0, 0x0, 0x0,
    0x0, 0x0, 0x0, 0x0, 0x0, 0x0, 0x0, 0x0,
    0x0, 0x0, 0x0, 0x0, 0x0, 0x0, 0x0, 0x0,
    0x0, 0x0, 0x0, 0x4e, 0xb0, 0x0, 0x0, 0x0,
    0x0, 0x0, 0x0, 0x0, 0x0, 0x0, 0x0, 0x0,
    0x0, 0x0, 0xb, 0xff, 0xb0, 0x0, 0x0, 0x0,
    0x0, 0x0, 0x0, 0x0, 0x0, 0x0, 0x0, 0x0,
    0x0, 0x0, 0xcf, 0xff, 0xb0, 0x0, 0x1, 0x11,
    0x11, 0x10, 0x0, 0x0, 0x0, 0x0, 0x0, 0x0,
    0x11, 0x1c, 0xff, 0xff, 0xb0, 0xe, 0xff, 0xff,
    0xff, 0xf5, 0x0, 0x0, 0x0, 0x0, 0x3, 0xff,
    0xff, 0xff, 0xff, 0xff, 0xb0, 0xff, 0xff, 0xff,
    0xff, 0xf4, 0x0, 0x0, 0x0, 0x3, 0xff, 0xff,
    0xff, 0xff, 0xff, 0xff, 0xaf, 0xff, 0xff, 0xff,
    0xff, 0xf3, 0x0, 0x0, 0x2, 0xef, 0xff, 0xff,
    0xff, 0xff, 0xff, 0xff, 0xff, 0xff, 0xff, 0xff,
    0xff, 0xf3, 0x0, 0x2, 0xef, 0xff, 0xff, 0xff,
    0xff, 0xff, 0xff, 0x69, 0xcc, 0xcc, 0xcf, 0xff,
    0xff, 0xe0, 0x1, 0xef, 0xff, 0xff, 0xcc, 0xff,
    0xff, 0xff, 0x70, 0x0, 0x0, 0x0, 0x7f, 0xff,
    0xf7, 0x1, 0xdf, 0xff, 0xff, 0x90, 0xc, 0xff,
    0xff, 0x70, 0x0, 0x0, 0x0, 0x0, 0x8f, 0xf8,
    0x1, 0xdf, 0xff, 0xff, 0xa0, 0x0, 0xcf, 0xff,
    0x70, 0x0, 0x0, 0x0, 0x0, 0x0, 0x99, 0x0,
    0xcf, 0xff, 0xff, 0xb0, 0x0, 0xa, 0xff, 0x70,
    0x0, 0x0, 0x0, 0x0, 0x0, 0x0, 0x0, 0xbf,
    0xff, 0xff, 0xb0, 0x0, 0x0, 0x19, 0x50, 0x0,
    0x0, 0x0, 0x0, 0x0, 0x0, 0x0, 0xbf, 0xff,
    0xff, 0xc0, 0x0, 0x0, 0x0, 0x0, 0x0, 0x0,
    0x0, 0x0, 0x0, 0x0, 0x0, 0xaf, 0xff, 0xff,
    0xc0, 0x0, 0x0, 0x0, 0x19, 0x60, 0x0, 0x0,
    0x0, 0x0, 0x0, 0x0, 0x9f, 0xff, 0xff, 0xd1,
    0x8, 0xb0, 0x0, 0xa, 0xff, 0x70, 0x0, 0x0,
    0x0, 0x0, 0x0, 0x9f, 0xff, 0xff, 0xd1, 0x7,
    0xff, 0xa0, 0x0, 0xcf, 0xff, 0x70, 0x0, 0x0,
    0x0, 0x0, 0x8f, 0xff, 0xff, 0xe2, 0x6, 0xff,
    0xff, 0xa0, 0xc, 0xff, 0xff, 0x70, 0xa, 0xcc,
    0xcc, 0xdf, 0xff, 0xff, 0xe2, 0x0, 0xcf, 0xff,
    0xff, 0xdc, 0xff, 0xff, 0xff, 0x70, 0xff, 0xff,
    0xff, 0xff, 0xff, 0xe3, 0x0, 0x1, 0xdf, 0xff,
    0xff, 0xff, 0xff, 0xff, 0xff, 0x7f, 0xff, 0xff,
    0xff, 0xff, 0xf3, 0x0, 0x0, 0x2, 0xef, 0xff,
    0xff, 0xff, 0xff, 0xff, 0xff, 0xff, 0xff, 0xff,
    0xff, 0xf4, 0x0, 0x0, 0x0, 0x2, 0xef, 0xff,
    0xff, 0xff, 0xff, 0xff, 0xae, 0xff, 0xff, 0xff,
    0xf4, 0x0, 0x0, 0x0, 0x0, 0x3, 0xef, 0xff,
    0xff, 0xff, 0xff, 0xb0, 0x0, 0x0, 0x0, 0x0,
    0x0, 0x0, 0x0, 0x0, 0x0, 0x0, 0x0, 0xc,
    0xff, 0xff, 0xb0, 0x0, 0x0, 0x0, 0x0, 0x0,
    0x0, 0x0, 0x0, 0x0, 0x0, 0x0, 0x0, 0xcf,
    0xff, 0xb0, 0x0, 0x0, 0x0, 0x0, 0x0, 0x0,
    0x0, 0x0, 0x0, 0x0, 0x0, 0x0, 0xb, 0xff,
    0xb0, 0x0, 0x0, 0x0, 0x0, 0x0, 0x0, 0x0,
    0x0, 0x0, 0x0, 0x0, 0x0, 0x0, 0x4d, 0xa0,
    0x0, 0x0, 0x0, 0x0, 0x0, 0x0, 0x0, 0x0,
    0x0, 0x0, 0x0, 0x0, 0x0, 0x0, 0x0, 0x0,
    0x0, 0x0,

    /* U+F077 "" */
    0x0, 0x0, 0x0, 0x0, 0x0, 0x0, 0x39, 0x40,
    0x0, 0x0, 0x0, 0x0, 0x0, 0x0, 0x0, 0x0,
    0x0, 0x0, 0x0, 0x3f, 0xff, 0x40, 0x0, 0x0,
    0x0, 0x0, 0x0, 0x0, 0x0, 0x0, 0x0, 0x0,
    0x3f, 0xff, 0xff, 0x40, 0x0, 0x0, 0x0, 0x0,
    0x0, 0x0, 0x0, 0x0, 0x0, 0x3f, 0xff, 0xff,
    0xff, 0x40, 0x0, 0x0, 0x0, 0x0, 0x0, 0x0,
    0x0, 0x0, 0x3f, 0xff, 0xff, 0xff, 0xff, 0x40,
    0x0, 0x0, 0x0, 0x0, 0x0, 0x0, 0x0, 0x3f,
    0xff, 0xff, 0xff, 0xff, 0xff, 0x40, 0x0, 0x0,
    0x0, 0x0, 0x0, 0x0, 0x3f, 0xff, 0xff, 0xfd,
    0xff, 0xff, 0xff, 0x40, 0x0, 0x0, 0x0, 0x0,
    0x0, 0x3f, 0xff, 0xff, 0xfa, 0x8, 0xff, 0xff,
    0xff, 0x40, 0x0, 0x0, 0x0, 0x0, 0x3f, 0xff,
    0xff, 0xfa, 0x0, 0x8, 0xff, 0xff, 0xff, 0x40,
    0x0, 0x0, 0x0, 0x3f, 0xff, 0xff, 0xfa, 0x0,
    0x0, 0x8, 0xff, 0xff, 0xff, 0x50, 0x0, 0x0,
    0x3f, 0xff, 0xff, 0xfa, 0x0, 0x0, 0x0, 0x8,
    0xff, 0xff, 0xff, 0x50, 0x0, 0x3f, 0xff, 0xff,
    0xfa, 0x0, 0x0, 0x0, 0x0, 0x8, 0xff, 0xff,
    0xff, 0x50, 0x3f, 0xff, 0xff, 0xfa, 0x0, 0x0,
    0x0, 0x0, 0x0, 0x8, 0xff, 0xff, 0xff, 0x49,
    0xff, 0xff, 0xfa, 0x0, 0x0, 0x0, 0x0, 0x0,
    0x0, 0x8, 0xff, 0xff, 0xfb, 0x4f, 0xff, 0xfa,
    0x0, 0x0, 0x0, 0x0, 0x0, 0x0, 0x0, 0x8,
    0xff, 0xff, 0x60, 0x5f, 0xfa, 0x0, 0x0, 0x0,
    0x0, 0x0, 0x0, 0x0, 0x0, 0x8, 0xff, 0x70,
    0x0, 0x24, 0x0, 0x0, 0x0, 0x0, 0x0, 0x0,
    0x0, 0x0, 0x0, 0x4, 0x30, 0x0,

    /* U+F078 "" */
    0x0, 0x68, 0x10, 0x0, 0x0, 0x0, 0x0, 0x0,
    0x0, 0x0, 0x0, 0x8, 0x70, 0x0, 0x9f, 0xfd,
    0x10, 0x0, 0x0, 0x0, 0x0, 0x0, 0x0, 0x0,
    0xc, 0xff, 0xa0, 0x6f, 0xff, 0xfd, 0x10, 0x0,
    0x0, 0x0, 0x0, 0x0, 0x0, 0xc, 0xff, 0xff,
    0x88, 0xff, 0xff, 0xfd, 0x10, 0x0, 0x0, 0x0,
    0x0, 0x0, 0xc, 0xff, 0xff, 0xfa, 0x1d, 0xff,
    0xff, 0xfd, 0x10, 0x0, 0x0, 0x0, 0x0, 0xc,
    0xff, 0xff, 0xfe, 0x20, 0x1d, 0xff, 0xff, 0xfd,
    0x10, 0x0, 0x0, 0x0, 0xc, 0xff, 0xff, 0xfe,
    0x20, 0x0, 0x1d, 0xff, 0xff, 0xfd, 0x10, 0x0,
    0x0, 0xc, 0xff, 0xff, 0xfe, 0x20, 0x0, 0x0,
    0x1d, 0xff, 0xff, 0xfd, 0x10, 0x0, 0xc, 0xff,
    0xff, 0xfe, 0x20, 0x0, 0x0, 0x0, 0x1d, 0xff,
    0xff, 0xfd, 0x10, 0xc, 0xff, 0xff, 0xfe, 0x20,
    0x0, 0x0, 0x0, 0x0, 0x1d, 0xff, 0xff, 0xfd,
    0x2c, 0xff, 0xff, 0xfe, 0x20, 0x0, 0x0, 0x0,
    0x0, 0x0, 0x1d, 0xff, 0xff, 0xff, 0xff, 0xff,
    0xfe, 0x20, 0x0, 0x0, 0x0, 0x0, 0x0, 0x0,
    0x1d, 0xff, 0xff, 0xff, 0xff, 0xfe, 0x20, 0x0,
    0x0, 0x0, 0x0, 0x0, 0x0, 0x0, 0x1d, 0xff,
    0xff, 0xff, 0xfe, 0x20, 0x0, 0x0, 0x0, 0x0,
    0x0, 0x0, 0x0, 0x0, 0x1d, 0xff, 0xff, 0xfe,
    0x20, 0x0, 0x0, 0x0, 0x0, 0x0, 0x0, 0x0,
    0x0, 0x0, 0x1d, 0xff, 0xfe, 0x20, 0x0, 0x0,
    0x0, 0x0, 0x0, 0x0, 0x0, 0x0, 0x0, 0x0,
    0x1d, 0xfe, 0x20, 0x0, 0x0, 0x0, 0x0, 0x0,
    0x0, 0x0, 0x0, 0x0, 0x0, 0x0, 0x5, 0x10,
    0x0, 0x0, 0x0, 0x0, 0x0, 0x0,

    /* U+F079 "" */
    0x0, 0x0, 0x0, 0x2, 0x10, 0x0, 0x0, 0x0,
    0x0, 0x0, 0x0, 0x0, 0x0, 0x0, 0x0, 0x0,
    0x0, 0x0, 0x0, 0x0, 0x0, 0x0, 0x7, 0xff,
    0x30, 0x0, 0x0, 0x0, 0x0, 0x0, 0x0, 0x0,
    0x0, 0x0, 0x0, 0x0, 0x0, 0x0, 0x0, 0x0,
    0x0, 0x7, 0xff, 0xff, 0x40, 0x0, 0x0, 0x1,
    0x11, 0x11, 0x11, 0x11, 0x11, 0x11, 0x11, 0x0,
    0x0, 0x0, 0x0, 0x0, 0x8, 0xff, 0xff, 0xff,
    0x40, 0x0, 0x4f, 0xff, 0xff, 0xff, 0xff, 0xff,
    0xff, 0xff, 0xfb, 0x0, 0x0, 0x0, 0x0, 0x8,
    0xff, 0xff, 0xff, 0xff, 0x40, 0x9, 0xff, 0xff,
    0xff, 0xff, 0xff, 0xff, 0xff, 0xff, 0xf0, 0x0,
    0x0, 0x0, 0x8, 0xff, 0xff, 0xff, 0xff, 0xff,
    0x40, 0x2e, 0xff, 0xff, 0xff, 0xff, 0xff, 0xff,
    0xff, 0xff, 0x0, 0x0, 0x0, 0x8, 0xff, 0xff,
    0xff, 0xff, 0xff, 0xff, 0x40, 0x2b, 0xcc, 0xcc,
    0xcc, 0xcc, 0xcc, 0xcf, 0xff, 0xf0, 0x0, 0x0,
    0x7, 0xff, 0xff, 0xdf, 0xff, 0xee, 0xff, 0xff,
    0x20, 0x0, 0x0, 0x0, 0x0, 0x0, 0x0, 0xdf,
    0xff, 0x0, 0x0, 0x0, 0xaf, 0xff, 0xc2, 0xff,
    0xfc, 0x3f, 0xff, 0xf5, 0x0, 0x0, 0x0, 0x0,
    0x0, 0x0, 0xd, 0xff, 0xf0, 0x0, 0x0, 0x2,
    0xef, 0xd1, 0x1f, 0xff, 0xc0, 0x3f, 0xfb, 0x0,
    0x0, 0x0, 0x0, 0x0, 0x0, 0x0, 0xdf, 0xff,
    0x0, 0x0, 0x0, 0x1, 0x40, 0x1, 0xff, 0xfc,
    0x0, 0x14, 0x0, 0x0, 0x0, 0x0, 0x0, 0x0,
    0x0, 0xd, 0xff, 0xf0, 0x0, 0x0, 0x0, 0x0,
    0x0, 0x1f, 0xff, 0xc0, 0x0, 0x0, 0x0, 0x0,
    0x0, 0x0, 0x0, 0x0, 0x0, 0xdf, 0xff, 0x0,
    0x0, 0x0, 0x0, 0x0, 0x1, 0xff, 0xfc, 0x0,
    0x0, 0x0, 0x0, 0x0, 0x0, 0x0, 0x0, 0x0,
    0xd, 0xff, 0xf0, 0x0, 0x0, 0x0, 0x0, 0x0,
    0x1f, 0xff, 0xc0, 0x0, 0x0, 0x0, 0x0, 0x0,
    0x0, 0x0, 0x0, 0x0, 0xdf, 0xff, 0x0, 0x0,
    0x0, 0x0, 0x0, 0x1, 0xff, 0xfc, 0x0, 0x0,
    0x0, 0x0, 0x0, 0x0, 0x0, 0x5, 0x20, 0xd,
    0xff, 0xf0, 0x1, 0x51, 0x0, 0x0, 0x0, 0x1f,
    0xff, 0xc0, 0x0, 0x0, 0x0, 0x0, 0x0, 0x0,
    0xc, 0xff, 0x30, 0xdf, 0xff, 0x1, 0xdf, 0xe2,
    0x0, 0x0, 0x1, 0xff, 0xfc, 0x0, 0x0, 0x0,
    0x0, 0x0, 0x0, 0x6, 0xff, 0xff, 0x3d, 0xff,
    0xf2, 0xdf, 0xff, 0x90, 0x0, 0x0, 0x1f, 0xff,
    0xc0, 0x0, 0x0, 0x0, 0x0, 0x0, 0x0, 0x3f,
    0xff, 0xfe, 0xef, 0xff, 0xdf, 0xff, 0xf6, 0x0,
    0x0, 0x1, 0xff, 0xff, 0xdd, 0xdd, 0xdd, 0xdd,
    0xdd, 0xdb, 0x20, 0x4f, 0xff, 0xff, 0xff, 0xff,
    0xff, 0xf7, 0x0, 0x0, 0x0, 0x1f, 0xff, 0xff,
    0xff, 0xff, 0xff, 0xff, 0xff, 0xfe, 0x20, 0x4f,
    0xff, 0xff, 0xff, 0xff, 0xf7, 0x0, 0x0, 0x0,
    0x1, 0xff, 0xff, 0xff, 0xff, 0xff, 0xff, 0xff,
    0xff, 0xf9, 0x0, 0x4f, 0xff, 0xff, 0xff, 0xf6,
    0x0, 0x0, 0x0, 0x0, 0xa, 0xff, 0xff, 0xff,
    0xff, 0xff, 0xff, 0xff, 0xfe, 0x30, 0x0, 0x3f,
    0xff, 0xff, 0xf6, 0x0, 0x0, 0x0, 0x0, 0x0,
    0x0, 0x0, 0x0, 0x0, 0x0, 0x0, 0x0, 0x0,
    0x0, 0x0, 0x0, 0x3f, 0xff, 0xf6, 0x0, 0x0,
    0x0, 0x0, 0x0, 0x0, 0x0, 0x0, 0x0, 0x0,
    0x0, 0x0, 0x0, 0x0, 0x0, 0x0, 0x0, 0x3e,
    0xf6, 0x0, 0x0, 0x0, 0x0, 0x0, 0x0, 0x0,
    0x0, 0x0, 0x0, 0x0, 0x0, 0x0, 0x0, 0x0,
    0x0, 0x0, 0x0, 0x1, 0x0, 0x0, 0x0, 0x0,

    /* U+F07B "" */
    0x0, 0x24, 0x44, 0x44, 0x44, 0x44, 0x20, 0x0,
    0x0, 0x0, 0x0, 0x0, 0x0, 0x0, 0x0, 0x2,
    0xdf, 0xff, 0xff, 0xff, 0xff, 0xff, 0x50, 0x0,
    0x0, 0x0, 0x0, 0x0, 0x0, 0x0, 0x0, 0xbf,
    0xff, 0xff, 0xff, 0xff, 0xff, 0xff, 0x50, 0x0,
    0x0, 0x0, 0x0, 0x0, 0x0, 0x0, 0xf, 0xff,
    0xff, 0xff, 0xff, 0xff, 0xff, 0xff, 0x50, 0x0,
    0x0, 0x0, 0x0, 0x0, 0x0, 0x0, 0xff, 0xff,
    0xff, 0xff, 0xff, 0xff, 0xff, 0xff, 0x76, 0x66,
    0x66, 0x66, 0x66, 0x66, 0x40, 0xf, 0xff, 0xff,
    0xff, 0xff, 0xff, 0xff, 0xff, 0xff, 0xff, 0xff,
    0xff, 0xff, 0xff, 0xff, 0xe2, 0xff, 0xff, 0xff,
    0xff, 0xff, 0xff, 0xff, 0xff, 0xff, 0xff, 0xff,
    0xff, 0xff, 0xff, 0xff, 0xcf, 0xff, 0xff, 0xff,
    0xff, 0xff, 0xff, 0xff, 0xff, 0xff, 0xff, 0xff,
    0xff, 0xff, 0xff, 0xff, 0xff, 0xff, 0xff, 0xff,
    0xff, 0xff, 0xff, 0xff, 0xff, 0xff, 0xff, 0xff,
    0xff, 0xff, 0xff, 0xff, 0xff, 0xff, 0xff, 0xff,
    0xff, 0xff, 0xff, 0xff, 0xff, 0xff, 0xff, 0xff,
    0xff, 0xff, 0xff, 0xff, 0xff, 0xff, 0xff, 0xff,
    0xff, 0xff, 0xff, 0xff, 0xff, 0xff, 0xff, 0xff,
    0xff, 0xff, 0xff, 0xff, 0xff, 0xff, 0xff, 0xff,
    0xff, 0xff, 0xff, 0xff, 0xff, 0xff, 0xff, 0xff,
    0xff, 0xff, 0xff, 0xff, 0xff, 0xff, 0xff, 0xff,
    0xff, 0xff, 0xff, 0xff, 0xff, 0xff, 0xff, 0xff,
    0xff, 0xff, 0xff, 0xff, 0xff, 0xff, 0xff, 0xff,
    0xff, 0xff, 0xff, 0xff, 0xff, 0xff, 0xff, 0xff,
    0xff, 0xff, 0xff, 0xff, 0xff, 0xff, 0xff, 0xff,
    0xff, 0xff, 0xff, 0xff, 0xff, 0xff, 0xff, 0xff,
    0xff, 0xff, 0xff, 0xff, 0xff, 0xff, 0xff, 0xff,
    0xff, 0xff, 0xff, 0xff, 0xff, 0xff, 0xff, 0xff,
    0xff, 0xff, 0xff, 0xff, 0xff, 0xff, 0xff, 0xff,
    0xff, 0xff, 0xff, 0xff, 0xff, 0xff, 0xff, 0xff,
    0xff, 0xff, 0xff, 0xff, 0xff, 0xff, 0xff, 0xff,
    0xff, 0xff, 0xff, 0xff, 0xff, 0xff, 0xff, 0xff,
    0xff, 0xff, 0xff, 0xff, 0xff, 0xff, 0xff, 0xff,
    0xff, 0xff, 0xff, 0xff, 0xff, 0xff, 0xff, 0xff,
    0xff, 0xff, 0xff, 0xff, 0xff, 0xff, 0xff, 0xff,
    0xff, 0xff, 0xff, 0xff, 0xff, 0xff, 0xff, 0xff,
    0xff, 0xff, 0xff, 0xff, 0xff, 0xff, 0xff, 0xff,
    0xff, 0xff, 0xff, 0xff, 0xff, 0xfe, 0xff, 0xff,
    0xff, 0xff, 0xff, 0xff, 0xff, 0xff, 0xff, 0xff,
    0xff, 0xff, 0xff, 0xff, 0xfe, 0x9f, 0xff, 0xff,
    0xff, 0xff, 0xff, 0xff, 0xff, 0xff, 0xff, 0xff,
    0xff, 0xff, 0xff, 0xff, 0x90, 0x9e, 0xff, 0xff,
    0xff, 0xff, 0xff, 0xff, 0xff, 0xff, 0xff, 0xff,
    0xff, 0xff, 0xfe, 0x90,

    /* U+F093 "" */
    0x0, 0x0, 0x0, 0x0, 0x0, 0x0, 0x0, 0x3,
    0x0, 0x0, 0x0, 0x0, 0x0, 0x0, 0x0, 0x0,
    0x0, 0x0, 0x0, 0x0, 0x0, 0x0, 0x8, 0xfd,
    0x10, 0x0, 0x0, 0x0, 0x0, 0x0, 0x0, 0x0,
    0x0, 0x0, 0x0, 0x0, 0x0, 0x8, 0xff, 0xfd,
    0x10, 0x0, 0x0, 0x0, 0x0, 0x0, 0x0, 0x0,
    0x0, 0x0, 0x0, 0x0, 0x8, 0xff, 0xff, 0xfd,
    0x10, 0x0, 0x0, 0x0, 0x0, 0x0, 0x0, 0x0,
    0x0, 0x0, 0x0, 0x8, 0xff, 0xff, 0xff, 0xfd,
    0x10, 0x0, 0x0, 0x0, 0x0, 0x0, 0x0, 0x0,
    0x0, 0x0, 0x8, 0xff, 0xff, 0xff, 0xff, 0xfd,
    0x10, 0x0, 0x0, 0x0, 0x0, 0x0, 0x0, 0x0,
    0x0, 0x8, 0xff, 0xff, 0xff, 0xff, 0xff, 0xfd,
    0x10, 0x0, 0x0, 0x0, 0x0, 0x0, 0x0, 0x0,
    0x8, 0xff, 0xff, 0xff, 0xff, 0xff, 0xff, 0xfd,
    0x10, 0x0, 0x0, 0x0, 0x0, 0x0, 0x0, 0x8,
    0xff, 0xff, 0xff, 0xff, 0xff, 0xff, 0xff, 0xfd,
    0x10, 0x0, 0x0, 0x0, 0x0, 0x0, 0x8, 0xff,
    0xff, 0xff, 0xff, 0xff, 0xff, 0xff, 0xff, 0xfd,
    0x10, 0x0, 0x0, 0x0, 0x0, 0x6, 0xff, 0xff,
    0xff, 0xff, 0xff, 0xff, 0xff, 0xff, 0xff, 0xfd,
    0x0, 0x0, 0x0, 0x0, 0x0, 0x8f, 0xff, 0xff,
    0xff, 0xff, 0xff, 0xff, 0xff, 0xff, 0xff, 0xf0,
    0x0, 0x0, 0x0, 0x0, 0x0, 0x55, 0x55, 0x57,
    0xff, 0xff, 0xff, 0xfb, 0x55, 0x55, 0x52, 0x0,
    0x0, 0x0, 0x0, 0x0, 0x0, 0x0, 0x0, 0x2f,
    0xff, 0xff, 0xff, 0x90, 0x0, 0x0, 0x0, 0x0,
    0x0, 0x0, 0x0, 0x0, 0x0, 0x0, 0x2, 0xff,
    0xff, 0xff, 0xf9, 0x0, 0x0, 0x0, 0x0, 0x0,
    0x0, 0x0, 0x0, 0x0, 0x0, 0x0, 0x2f, 0xff,
    0xff, 0xff, 0x90, 0x0, 0x0, 0x0, 0x0, 0x0,
    0x0, 0x0, 0x0, 0x0, 0x0, 0x2, 0xff, 0xff,
    0xff, 0xf9, 0x0, 0x0, 0x0, 0x0, 0x0, 0x0,
    0x0, 0x0, 0x0, 0x0, 0x0, 0x2f, 0xff, 0xff,
    0xff, 0x90, 0x0, 0x0, 0x0, 0x0, 0x0, 0x0,
    0x0, 0x0, 0x0, 0x0, 0x2, 0xff, 0xff, 0xff,
    0xf9, 0x0, 0x0, 0x0, 0x0, 0x0, 0x0, 0x0,
    0x0, 0x0, 0x0, 0x0, 0x2f, 0xff, 0xff, 0xff,
    0x90, 0x0, 0x0, 0x0, 0x0, 0x0, 0x0, 0x0,
    0x0, 0x0, 0x0, 0x2, 0xff, 0xff, 0xff, 0xf9,
    0x0, 0x0, 0x0, 0x0, 0x0, 0x0, 0x0, 0x0,
    0x0, 0x0, 0x0, 0x2f, 0xff, 0xff, 0xff, 0x90,
    0x0, 0x0, 0x0, 0x0, 0x0, 0x8e, 0xff, 0xff,
    0xff, 0xfa, 0x2, 0xff, 0xff, 0xff, 0xf9, 0xa,
    0xff, 0xff, 0xff, 0xfe, 0x8f, 0xff, 0xff, 0xff,
    0xff, 0xd0, 0xc, 0xff, 0xff, 0xff, 0x40, 0xdf,
    0xff, 0xff, 0xff, 0xff, 0xff, 0xff, 0xff, 0xff,
    0xff, 0x40, 0x1, 0x11, 0x11, 0x0, 0x4f, 0xff,
    0xff, 0xff, 0xff, 0xff, 0xff, 0xff, 0xff, 0xff,
    0xfe, 0x40, 0x0, 0x0, 0x0, 0x4e, 0xff, 0xff,
    0xff, 0xff, 0xff, 0xff, 0xff, 0xff, 0xff, 0xff,
    0xff, 0xed, 0xdd, 0xdd, 0xef, 0xff, 0xff, 0xff,
    0xff, 0xff, 0xff, 0xff, 0xff, 0xff, 0xff, 0xff,
    0xff, 0xff, 0xff, 0xff, 0xff, 0xeb, 0xff, 0xdb,
    0xff, 0xff, 0xff, 0xff, 0xff, 0xff, 0xff, 0xff,
    0xff, 0xff, 0xff, 0xff, 0xf3, 0xa, 0xf1, 0xc,
    0xff, 0xff, 0xff, 0xff, 0xff, 0xff, 0xff, 0xff,
    0xff, 0xff, 0xff, 0xff, 0x40, 0xaf, 0x20, 0xcf,
    0xff, 0xff, 0xff, 0xff, 0xff, 0xff, 0xff, 0xff,
    0xff, 0xff, 0xff, 0xff, 0xdf, 0xfe, 0xdf, 0xff,
    0xf8, 0xef, 0xff, 0xff, 0xff, 0xff, 0xff, 0xff,
    0xff, 0xff, 0xff, 0xff, 0xff, 0xff, 0xff, 0xe8,

    /* U+F095 "" */
    0x0, 0x0, 0x0, 0x0, 0x0, 0x0, 0x0, 0x0,
    0x0, 0x0, 0x0, 0x0, 0x0, 0x0, 0x0, 0x0,
    0x0, 0x0, 0x0, 0x0, 0x0, 0x0, 0x0, 0x0,
    0x0, 0x0, 0x0, 0xd, 0xfd, 0x96, 0x20, 0x0,
    0x0, 0x0, 0x0, 0x0, 0x0, 0x0, 0x0, 0x0,
    0x0, 0x0, 0x0, 0x6f, 0xff, 0xff, 0xfe, 0xa4,
    0x0, 0x0, 0x0, 0x0, 0x0, 0x0, 0x0, 0x0,
    0x0, 0x0, 0x0, 0xdf, 0xff, 0xff, 0xff, 0xff,
    0x0, 0x0, 0x0, 0x0, 0x0, 0x0, 0x0, 0x0,
    0x0, 0x0, 0x4, 0xff, 0xff, 0xff, 0xff, 0xff,
    0x0, 0x0, 0x0, 0x0, 0x0, 0x0, 0x0, 0x0,
    0x0, 0x0, 0xb, 0xff, 0xff, 0xff, 0xff, 0xfe,
    0x0, 0x0, 0x0, 0x0, 0x0, 0x0, 0x0, 0x0,
    0x0, 0x0, 0x2f, 0xff, 0xff, 0xff, 0xff, 0xfd,
    0x0, 0x0, 0x0, 0x0, 0x0, 0x0, 0x0, 0x0,
    0x0, 0x0, 0x8f, 0xff, 0xff, 0xff, 0xff, 0xfb,
    0x0, 0x0, 0x0, 0x0, 0x0, 0x0, 0x0, 0x0,
    0x0, 0x0, 0xff, 0xff, 0xff, 0xff, 0xff, 0xf9,
    0x0, 0x0, 0x0, 0x0, 0x0, 0x0, 0x0, 0x0,
    0x0, 0x0, 0xff, 0xff, 0xff, 0xff, 0xff, 0xf7,
    0x0, 0x0, 0x0, 0x0, 0x0, 0x0, 0x0, 0x0,
    0x0, 0x0, 0x4e, 0xff, 0xff, 0xff, 0xff, 0xf3,
    0x0, 0x0, 0x0, 0x0, 0x0, 0x0, 0x0, 0x0,
    0x0, 0x0, 0x2, 0xdf, 0xff, 0xff, 0xff, 0xf0,
    0x0, 0x0, 0x0, 0x0, 0x0, 0x0, 0x0, 0x0,
    0x0, 0x0, 0x0, 0x1b, 0xff, 0xff, 0xff, 0xa0,
    0x0, 0x0, 0x0, 0x0, 0x0, 0x0, 0x0, 0x0,
    0x0, 0x0, 0x0, 0x2, 0xff, 0xff, 0xff, 0x50,
    0x0, 0x0, 0x0, 0x0, 0x0, 0x0, 0x0, 0x0,
    0x0, 0x0, 0x0, 0x9, 0xff, 0xff, 0xfe, 0x0,
    0x0, 0x0, 0x0, 0x0, 0x0, 0x0, 0x0, 0x0,
    0x0, 0x0, 0x0, 0x3f, 0xff, 0xff, 0xf7, 0x0,
    0x0, 0x0, 0x0, 0x0, 0x0, 0x0, 0x0, 0x0,
    0x0, 0x0, 0x0, 0xcf, 0xff, 0xff, 0xf1, 0x0,
    0x0, 0x0, 0x0, 0x0, 0x0, 0x0, 0x0, 0x0,
    0x0, 0x0, 0x9, 0xff, 0xff, 0xff, 0x70, 0x0,
    0x0, 0x0, 0x0, 0x0, 0x0, 0x0, 0x0, 0x0,
    0x0, 0x0, 0x6f, 0xff, 0xff, 0xfd, 0x0, 0x0,
    0x0, 0x0, 0x0, 0x0, 0x2, 0x0, 0x0, 0x0,
    0x0, 0x5, 0xff, 0xff, 0xff, 0xf3, 0x0, 0x0,
    0x0, 0x0, 0x0, 0x29, 0xff, 0x80, 0x0, 0x0,
    0x0, 0x6f, 0xff, 0xff, 0xff, 0x70, 0x0, 0x0,
    0x0, 0x0, 0x5b, 0xff, 0xff, 0xf5, 0x0, 0x0,
    0x9, 0xff, 0xff, 0xff, 0xfb, 0x0, 0x0, 0x0,
    0x0, 0x7d, 0xff, 0xff, 0xff, 0xff, 0x30, 0x3,
    0xdf, 0xff, 0xff, 0xff, 0xc0, 0x0, 0x0, 0x0,
    0xd, 0xff, 0xff, 0xff, 0xff, 0xff, 0xe3, 0xaf,
    0xff, 0xff, 0xff, 0xfd, 0x10, 0x0, 0x0, 0x0,
    0xe, 0xff, 0xff, 0xff, 0xff, 0xff, 0xff, 0xff,
    0xff, 0xff, 0xff, 0xc1, 0x0, 0x0, 0x0, 0x0,
    0xb, 0xff, 0xff, 0xff, 0xff, 0xff, 0xff, 0xff,
    0xff, 0xff, 0xfa, 0x0, 0x0, 0x0, 0x0, 0x0,
    0x7, 0xff, 0xff, 0xff, 0xff, 0xff, 0xff, 0xff,
    0xff, 0xff, 0x70, 0x0, 0x0, 0x0, 0x0, 0x0,
    0x3, 0xff, 0xff, 0xff, 0xff, 0xff, 0xff, 0xff,
    0xff, 0xc3, 0x0, 0x0, 0x0, 0x0, 0x0, 0x0,
    0x0, 0xff, 0xff, 0xff, 0xff, 0xff, 0xff, 0xff,
    0xe6, 0x0, 0x0, 0x0, 0x0, 0x0, 0x0, 0x0,
    0x0, 0xcf, 0xff, 0xff, 0xff, 0xff, 0xff, 0xd6,
    0x0, 0x0, 0x0, 0x0, 0x0, 0x0, 0x0, 0x0,
    0x0, 0x8f, 0xff, 0xff, 0xff, 0xfe, 0x93, 0x0,
    0x0, 0x0, 0x0, 0x0, 0x0, 0x0, 0x0, 0x0,
    0x0, 0x2c, 0xdc, 0xca, 0x85, 0x10, 0x0, 0x0,
    0x0, 0x0, 0x0, 0x0, 0x0, 0x0, 0x0, 0x0,

    /* U+F0C4 "" */
    0x0, 0x0, 0x1, 0x10, 0x0, 0x0, 0x0, 0x0,
    0x0, 0x0, 0x0, 0x0, 0x0, 0x0, 0x0, 0x2a,
    0xff, 0xfe, 0x80, 0x0, 0x0, 0x0, 0x0, 0x0,
    0x0, 0x12, 0x0, 0x0, 0x4, 0xff, 0xff, 0xff,
    0xfc, 0x10, 0x0, 0x0, 0x0, 0x0, 0x4d, 0xff,
    0xfa, 0x10, 0x2f, 0xff, 0xff, 0xff, 0xff, 0xb0,
    0x0, 0x0, 0x0, 0x7, 0xff, 0xff, 0xff, 0xe1,
    0x9f, 0xff, 0xfc, 0xef, 0xff, 0xf4, 0x0, 0x0,
    0x0, 0x8f, 0xff, 0xff, 0xff, 0xb0, 0xef, 0xff,
    0x50, 0xa, 0xff, 0xf8, 0x0, 0x0, 0x8, 0xff,
    0xff, 0xff, 0xfb, 0x0, 0xff, 0xfe, 0x0, 0x4,
    0xff, 0xf9, 0x0, 0x0, 0x9f, 0xff, 0xff, 0xff,
    0xb0, 0x0, 0xef, 0xff, 0x40, 0x9, 0xff, 0xf8,
    0x0, 0x9, 0xff, 0xff, 0xff, 0xfb, 0x0, 0x0,
    0xaf, 0xff, 0xfb, 0xdf, 0xff, 0xf5, 0x0, 0xaf,
    0xff, 0xff, 0xff, 0xb0, 0x0, 0x0, 0x2f, 0xff,
    0xff, 0xff, 0xff, 0xff, 0x4a, 0xff, 0xff, 0xff,
    0xfb, 0x0, 0x0, 0x0, 0x5, 0xff, 0xff, 0xff,
    0xff, 0xff, 0xff, 0xff, 0xff, 0xff, 0xb0, 0x0,
    0x0, 0x0, 0x0, 0x3b, 0xff, 0xff, 0xff, 0xff,
    0xff, 0xff, 0xff, 0xfb, 0x0, 0x0, 0x0, 0x0,
    0x0, 0x0, 0x13, 0x4e, 0xff, 0xff, 0xff, 0xff,
    0xff, 0xb0, 0x0, 0x0, 0x0, 0x0, 0x0, 0x0,
    0x0, 0x2, 0xef, 0xff, 0xff, 0xff, 0xfb, 0x0,
    0x0, 0x0, 0x0, 0x0, 0x0, 0x0, 0x0, 0x0,
    0xbf, 0xff, 0xff, 0xff, 0xf2, 0x0, 0x0, 0x0,
    0x0, 0x0, 0x0, 0x0, 0x0, 0x9, 0xff, 0xff,
    0xff, 0xff, 0xfd, 0x10, 0x0, 0x0, 0x0, 0x0,
    0x0, 0x3, 0x9b, 0xcf, 0xff, 0xff, 0xff, 0xff,
    0xff, 0xd1, 0x0, 0x0, 0x0, 0x0, 0x0, 0xaf,
    0xff, 0xff, 0xff, 0xff, 0xff, 0xff, 0xff, 0xfd,
    0x10, 0x0, 0x0, 0x0, 0xb, 0xff, 0xff, 0xff,
    0xff, 0xff, 0xbf, 0xff, 0xff, 0xff, 0xd1, 0x0,
    0x0, 0x0, 0x6f, 0xff, 0xff, 0xff, 0xff, 0xfa,
    0x3, 0xff, 0xff, 0xff, 0xfd, 0x10, 0x0, 0x0,
    0xcf, 0xff, 0xb3, 0x5e, 0xff, 0xf6, 0x0, 0x3f,
    0xff, 0xff, 0xff, 0xd1, 0x0, 0x0, 0xff, 0xff,
    0x0, 0x6, 0xff, 0xf9, 0x0, 0x3, 0xff, 0xff,
    0xff, 0xfd, 0x10, 0x0, 0xff, 0xff, 0x0, 0x5,
    0xff, 0xf9, 0x0, 0x0, 0x3f, 0xff, 0xff, 0xff,
    0xd1, 0x0, 0xdf, 0xff, 0x80, 0x1d, 0xff, 0xf7,
    0x0, 0x0, 0x3, 0xff, 0xff, 0xff, 0xfd, 0x10,
    0x7f, 0xff, 0xff, 0xff, 0xff, 0xf2, 0x0, 0x0,
    0x0, 0x3f, 0xff, 0xff, 0xff, 0xd0, 0xd, 0xff,
    0xff, 0xff, 0xff, 0x80, 0x0, 0x0, 0x0, 0x3,
    0xef, 0xff, 0xff, 0xc0, 0x2, 0xdf, 0xff, 0xff,
    0xf9, 0x0, 0x0, 0x0, 0x0, 0x0, 0x29, 0xef,
    0xd7, 0x0, 0x0, 0x7, 0xce, 0xea, 0x40, 0x0,
    0x0, 0x0, 0x0, 0x0, 0x0, 0x0, 0x0, 0x0,

    /* U+F0C5 "" */
    0x0, 0x0, 0x0, 0x0, 0x0, 0x0, 0x0, 0x0,
    0x0, 0x0, 0x0, 0x0, 0x0, 0x0, 0x0, 0x0,
    0x0, 0x0, 0xaf, 0xff, 0xff, 0xff, 0xff, 0xf8,
    0xb, 0xb0, 0x0, 0x0, 0x0, 0x0, 0x0, 0x1,
    0xff, 0xff, 0xff, 0xff, 0xff, 0xf8, 0xb, 0xfb,
    0x0, 0x0, 0x0, 0x0, 0x0, 0x1, 0xff, 0xff,
    0xff, 0xff, 0xff, 0xf8, 0xb, 0xff, 0xb0, 0x0,
    0x0, 0x0, 0x0, 0x1, 0xff, 0xff, 0xff, 0xff,
    0xff, 0xf8, 0xb, 0xff, 0xfb, 0x0, 0x0, 0x0,
    0x0, 0x1, 0xff, 0xff, 0xff, 0xff, 0xff, 0xf8,
    0xb, 0xff, 0xff, 0xb0, 0x3, 0x33, 0x33, 0x1,
    0xff, 0xff, 0xff, 0xff, 0xff, 0xf8, 0x8, 0xcc,
    0xcc, 0xc0, 0xbf, 0xff, 0xfd, 0x1, 0xff, 0xff,
    0xff, 0xff, 0xff, 0xf9, 0x0, 0x0, 0x0, 0x0,
    0xff, 0xff, 0xfd, 0x1, 0xff, 0xff, 0xff, 0xff,
    0xff, 0xff, 0x76, 0x66, 0x66, 0x60, 0xff, 0xff,
    0xfd, 0x1, 0xff, 0xff, 0xff, 0xff, 0xff, 0xff,
    0xff, 0xff, 0xff, 0xf1, 0xff, 0xff, 0xfd, 0x1,
    0xff, 0xff, 0xff, 0xff, 0xff, 0xff, 0xff, 0xff,
    0xff, 0xf1, 0xff, 0xff, 0xfd, 0x1, 0xff, 0xff,
    0xff, 0xff, 0xff, 0xff, 0xff, 0xff, 0xff, 0xf1,
    0xff, 0xff, 0xfd, 0x1, 0xff, 0xff, 0xff, 0xff,
    0xff, 0xff, 0xff, 0xff, 0xff, 0xf1, 0xff, 0xff,
    0xfd, 0x1, 0xff, 0xff, 0xff, 0xff, 0xff, 0xff,
    0xff, 0xff, 0xff, 0xf1, 0xff, 0xff, 0xfd, 0x1,
    0xff, 0xff, 0xff, 0xff, 0xff, 0xff, 0xff, 0xff,
    0xff, 0xf1, 0xff, 0xff, 0xfd, 0x1, 0xff, 0xff,
    0xff, 0xff, 0xff, 0xff, 0xff, 0xff, 0xff, 0xf1,
    0xff, 0xff, 0xfd, 0x1, 0xff, 0xff, 0xff, 0xff,
    0xff, 0xff, 0xff, 0xff, 0xff, 0xf1, 0xff, 0xff,
    0xfd, 0x1, 0xff, 0xff, 0xff, 0xff, 0xff, 0xff,
    0xff, 0xff, 0xff, 0xf1, 0xff, 0xff, 0xfd, 0x1,
    0xff, 0xff, 0xff, 0xff, 0xff, 0xff, 0xff, 0xff,
    0xff, 0xf1, 0xff, 0xff, 0xfd, 0x1, 0xff, 0xff,
    0xff, 0xff, 0xff, 0xff, 0xff, 0xff, 0xff, 0xf1,
    0xff, 0xff, 0xfd, 0x1, 0xff, 0xff, 0xff, 0xff,
    0xff, 0xff, 0xff, 0xff, 0xff, 0xf1, 0xff, 0xff,
    0xfd, 0x1, 0xff, 0xff, 0xff, 0xff, 0xff, 0xff,
    0xff, 0xff, 0xff, 0xf1, 0xff, 0xff, 0xfd, 0x1,
    0xff, 0xff, 0xff, 0xff, 0xff, 0xff, 0xff, 0xff,
    0xff, 0xf1, 0xff, 0xff, 0xfd, 0x1, 0xff, 0xff,
    0xff, 0xff, 0xff, 0xff, 0xff, 0xff, 0xff, 0xf1,
    0xff, 0xff, 0xfd, 0x1, 0xff, 0xff, 0xff, 0xff,
    0xff, 0xff, 0xff, 0xff, 0xff, 0xf1, 0xff, 0xff,
    0xfe, 0x0, 0xbf, 0xff, 0xff, 0xff, 0xff, 0xff,
    0xff, 0xff, 0xff, 0xb0, 0xff, 0xff, 0xff, 0x60,
    0x0, 0x11, 0x11, 0x11, 0x11, 0x11, 0x11, 0x11,
    0x10, 0x0, 0xff, 0xff, 0xff, 0xf8, 0x20, 0x0,
    0x0, 0x0, 0x0, 0x0, 0x0, 0x0, 0x0, 0x0,
    0xff, 0xff, 0xff, 0xff, 0xff, 0xff, 0xff, 0xff,
    0xff, 0xf8, 0x0, 0x0, 0x0, 0x0, 0xff, 0xff,
    0xff, 0xff, 0xff, 0xff, 0xff, 0xff, 0xff, 0xf8,
    0x0, 0x0, 0x0, 0x0, 0xff, 0xff, 0xff, 0xff,
    0xff, 0xff, 0xff, 0xff, 0xff, 0xf8, 0x0, 0x0,
    0x0, 0x0, 0x7d, 0xee, 0xee, 0xee, 0xee, 0xee,
    0xee, 0xee, 0xee, 0xc2, 0x0, 0x0, 0x0, 0x0,

    /* U+F0C7 "" */
    0x0, 0x0, 0x0, 0x0, 0x0, 0x0, 0x0, 0x0,
    0x0, 0x0, 0x0, 0x0, 0x0, 0x0, 0xa, 0xff,
    0xff, 0xff, 0xff, 0xff, 0xff, 0xff, 0xff, 0xff,
    0xa0, 0x0, 0x0, 0x0, 0x9f, 0xff, 0xff, 0xff,
    0xff, 0xff, 0xff, 0xff, 0xff, 0xff, 0xfc, 0x10,
    0x0, 0x0, 0xef, 0xff, 0xff, 0xff, 0xff, 0xff,
    0xff, 0xff, 0xff, 0xff, 0xff, 0xc1, 0x0, 0x0,
    0xff, 0xff, 0xed, 0xdd, 0xdd, 0xdd, 0xdd, 0xdd,
    0xdd, 0xef, 0xff, 0xfc, 0x10, 0x0, 0xff, 0xfe,
    0x0, 0x0, 0x0, 0x0, 0x0, 0x0, 0x0, 0xc,
    0xff, 0xff, 0xc1, 0x0, 0xff, 0xfe, 0x0, 0x0,
    0x0, 0x0, 0x0, 0x0, 0x0, 0xa, 0xff, 0xff,
    0xfc, 0x10, 0xff, 0xfe, 0x0, 0x0, 0x0, 0x0,
    0x0, 0x0, 0x0, 0xa, 0xff, 0xff, 0xff, 0xa0,
    0xff, 0xfe, 0x0, 0x0, 0x0, 0x0, 0x0, 0x0,
    0x0, 0xa, 0xff, 0xff, 0xff, 0xf0, 0xff, 0xfe,
    0x0, 0x0, 0x0, 0x0, 0x0, 0x0, 0x0, 0xa,
    0xff, 0xff, 0xff, 0xf1, 0xff, 0xfe, 0x0, 0x0,
    0x0, 0x0, 0x0, 0x0, 0x0, 0xa, 0xff, 0xff,
    0xff, 0xf1, 0xff, 0xfe, 0x0, 0x0, 0x0, 0x0,
    0x0, 0x0, 0x0, 0xb, 0xff, 0xff, 0xff, 0xf1,
    0xff, 0xff, 0xdc, 0xcc, 0xcc, 0xcc, 0xcc, 0xcc,
    0xcc, 0xcf, 0xff, 0xff, 0xff, 0xf1, 0xff, 0xff,
    0xff, 0xff, 0xff, 0xff, 0xff, 0xff, 0xff, 0xff,
    0xff, 0xff, 0xff, 0xf1, 0xff, 0xff, 0xff, 0xff,
    0xff, 0xff, 0xff, 0xff, 0xff, 0xff, 0xff, 0xff,
    0xff, 0xf1, 0xff, 0xff, 0xff, 0xff, 0xff, 0xff,
    0xff, 0xff, 0xff, 0xff, 0xff, 0xff, 0xff, 0xf1,
    0xff, 0xff, 0xff, 0xff, 0xff, 0xfb, 0x31, 0x3a,
    0xff, 0xff, 0xff, 0xff, 0xff, 0xf1, 0xff, 0xff,
    0xff, 0xff, 0xff, 0x90, 0x0, 0x0, 0x8f, 0xff,
    0xff, 0xff, 0xff, 0xf1, 0xff, 0xff, 0xff, 0xff,
    0xff, 0x0, 0x0, 0x0, 0xe, 0xff, 0xff, 0xff,
    0xff, 0xf1, 0xff, 0xff, 0xff, 0xff, 0xfb, 0x0,
    0x0, 0x0, 0xa, 0xff, 0xff, 0xff, 0xff, 0xf1,
    0xff, 0xff, 0xff, 0xff, 0xfb, 0x0, 0x0, 0x0,
    0xa, 0xff, 0xff, 0xff, 0xff, 0xf1, 0xff, 0xff,
    0xff, 0xff, 0xfe, 0x0, 0x0, 0x0, 0xd, 0xff,
    0xff, 0xff, 0xff, 0xf1, 0xff, 0xff, 0xff, 0xff,
    0xff, 0x70, 0x0, 0x0, 0x6f, 0xff, 0xff, 0xff,
    0xff, 0xf1, 0xff, 0xff, 0xff, 0xff, 0xff, 0xf8,
    0x10, 0x17, 0xff, 0xff, 0xff, 0xff, 0xff, 0xf1,
    0xff, 0xff, 0xff, 0xff, 0xff, 0xff, 0xff, 0xff,
    0xff, 0xff, 0xff, 0xff, 0xff, 0xf1, 0xef, 0xff,
    0xff, 0xff, 0xff, 0xff, 0xff, 0xff, 0xff, 0xff,
    0xff, 0xff, 0xff, 0xf0, 0x8f, 0xff, 0xff, 0xff,
    0xff, 0xff, 0xff, 0xff, 0xff, 0xff, 0xff, 0xff,
    0xff, 0xa0, 0x8, 0xef, 0xff, 0xff, 0xff, 0xff,
    0xff, 0xff, 0xff, 0xff, 0xff, 0xff, 0xe9, 0x0,

    /* U+F0C9 "" */
    0x36, 0x66, 0x66, 0x66, 0x66, 0x66, 0x66, 0x66,
    0x66, 0x66, 0x66, 0x66, 0x66, 0x40, 0xff, 0xff,
    0xff, 0xff, 0xff, 0xff, 0xff, 0xff, 0xff, 0xff,
    0xff, 0xff, 0xff, 0xf1, 0xff, 0xff, 0xff, 0xff,
    0xff, 0xff, 0xff, 0xff, 0xff, 0xff, 0xff, 0xff,
    0xff, 0xf2, 0xff, 0xff, 0xff, 0xff, 0xff, 0xff,
    0xff, 0xff, 0xff, 0xff, 0xff, 0xff, 0xff, 0xf1,
    0xcf, 0xff, 0xff, 0xff, 0xff, 0xff, 0xff, 0xff,
    0xff, 0xff, 0xff, 0xff, 0xff, 0xd0, 0x0, 0x0,
    0x0, 0x0, 0x0, 0x0, 0x0, 0x0, 0x0, 0x0,
    0x0, 0x0, 0x0, 0x0, 0x0, 0x0, 0x0, 0x0,
    0x0, 0x0, 0x0, 0x0, 0x0, 0x0, 0x0, 0x0,
    0x0, 0x0, 0x0, 0x0, 0x0, 0x0, 0x0, 0x0,
    0x0, 0x0, 0x0, 0x0, 0x0, 0x0, 0x0, 0x0,
    0x0, 0x0, 0x0, 0x0, 0x0, 0x0, 0x0, 0x0,
    0x0, 0x0, 0x0, 0x0, 0x0, 0x0, 0x0, 0x0,
    0x0, 0x0, 0x0, 0x0, 0x0, 0x0, 0x0, 0x0,
    0x0, 0x0, 0x0, 0x0, 0xbf, 0xff, 0xff, 0xff,
    0xff, 0xff, 0xff, 0xff, 0xff, 0xff, 0xff, 0xff,
    0xff, 0xd0, 0xff, 0xff, 0xff, 0xff, 0xff, 0xff,
    0xff, 0xff, 0xff, 0xff, 0xff, 0xff, 0xff, 0xf1,
    0xff, 0xff, 0xff, 0xff, 0xff, 0xff, 0xff, 0xff,
    0xff, 0xff, 0xff, 0xff, 0xff, 0xf2, 0xff, 0xff,
    0xff, 0xff, 0xff, 0xff, 0xff, 0xff, 0xff, 0xff,
    0xff, 0xff, 0xff, 0xf1, 0x36, 0x66, 0x66, 0x66,
    0x66, 0x66, 0x66, 0x66, 0x66, 0x66, 0x66, 0x66,
    0x66, 0x40, 0x0, 0x0, 0x0, 0x0, 0x0, 0x0,
    0x0, 0x0, 0x0, 0x0, 0x0, 0x0, 0x0, 0x0,
    0x0, 0x0, 0x0, 0x0, 0x0, 0x0, 0x0, 0x0,
    0x0, 0x0, 0x0, 0x0, 0x0, 0x0, 0x0, 0x0,
    0x0, 0x0, 0x0, 0x0, 0x0, 0x0, 0x0, 0x0,
    0x0, 0x0, 0x0, 0x0, 0x0, 0x0, 0x0, 0x0,
    0x0, 0x0, 0x0, 0x0, 0x0, 0x0, 0x0, 0x0,
    0x0, 0x0, 0x2, 0x22, 0x22, 0x22, 0x22, 0x22,
    0x22, 0x22, 0x22, 0x22, 0x22, 0x22, 0x22, 0x0,
    0xef, 0xff, 0xff, 0xff, 0xff, 0xff, 0xff, 0xff,
    0xff, 0xff, 0xff, 0xff, 0xff, 0xf0, 0xff, 0xff,
    0xff, 0xff, 0xff, 0xff, 0xff, 0xff, 0xff, 0xff,
    0xff, 0xff, 0xff, 0xf2, 0xff, 0xff, 0xff, 0xff,
    0xff, 0xff, 0xff, 0xff, 0xff, 0xff, 0xff, 0xff,
    0xff, 0xf2, 0xef, 0xff, 0xff, 0xff, 0xff, 0xff,
    0xff, 0xff, 0xff, 0xff, 0xff, 0xff, 0xff, 0xf1,
    0x14, 0x44, 0x44, 0x44, 0x44, 0x44, 0x44, 0x44,
    0x44, 0x44, 0x44, 0x44, 0x44, 0x20,

    /* U+F0E0 "" */
    0x1, 0x67, 0x77, 0x77, 0x77, 0x77, 0x77, 0x77,
    0x77, 0x77, 0x77, 0x77, 0x77, 0x77, 0x61, 0x3,
    0xff, 0xff, 0xff, 0xff, 0xff, 0xff, 0xff, 0xff,
    0xff, 0xff, 0xff, 0xff, 0xff, 0xff, 0xf3, 0xcf,
    0xff, 0xff, 0xff, 0xff, 0xff, 0xff, 0xff, 0xff,
    0xff, 0xff, 0xff, 0xff, 0xff, 0xff, 0xcf, 0xff,
    0xff, 0xff, 0xff, 0xff, 0xff, 0xff, 0xff, 0xff,
    0xff, 0xff, 0xff, 0xff, 0xff, 0xff, 0xff, 0xff,
    0xff, 0xff, 0xff, 0xff, 0xff, 0xff, 0xff, 0xff,
    0xff, 0xff, 0xff, 0xff, 0xff, 0xfa, 0xff, 0xff,
    0xff, 0xff, 0xff, 0xff, 0xff, 0xff, 0xff, 0xff,
    0xff, 0xff, 0xff, 0xff, 0xf9, 0x7, 0xff, 0xff,
    0xff, 0xff, 0xff, 0xff, 0xff, 0xff, 0xff, 0xff,
    0xff, 0xff, 0xff, 0xf7, 0x0, 0x3, 0xef, 0xff,
    0xff, 0xff, 0xff, 0xff, 0xff, 0xff, 0xff, 0xff,
    0xff, 0xff, 0xe3, 0x0, 0xa2, 0x1, 0xbf, 0xff,
    0xff, 0xff, 0xff, 0xff, 0xff, 0xff, 0xff, 0xff,
    0xff, 0xb1, 0x0, 0x8f, 0xf5, 0x0, 0x7f, 0xff,
    0xff, 0xff, 0xff, 0xff, 0xff, 0xff, 0xff, 0xff,
    0x70, 0x2, 0xdf, 0xff, 0xf9, 0x0, 0x3e, 0xff,
    0xff, 0xff, 0xff, 0xff, 0xff, 0xff, 0xfe, 0x30,
    0x6, 0xff, 0xff, 0xff, 0xfc, 0x20, 0x1a, 0xff,
    0xff, 0xff, 0xff, 0xff, 0xff, 0xfa, 0x10, 0xa,
    0xff, 0xff, 0xff, 0xff, 0xff, 0x50, 0x6, 0xff,
    0xff, 0xff, 0xff, 0xff, 0xf6, 0x0, 0x3d, 0xff,
    0xff, 0xff, 0xff, 0xff, 0xff, 0x90, 0x2, 0xdf,
    0xff, 0xff, 0xff, 0xd2, 0x0, 0x7f, 0xff, 0xff,
    0xff, 0xff, 0xff, 0xff, 0xff, 0xd2, 0x0, 0x9f,
    0xff, 0xff, 0x90, 0x1, 0xbf, 0xff, 0xff, 0xff,
    0xff, 0xff, 0xff, 0xff, 0xff, 0xf4, 0x0, 0x4c,
    0xfc, 0x40, 0x4, 0xef, 0xff, 0xff, 0xff, 0xff,
    0xff, 0xff, 0xff, 0xff, 0xff, 0xf8, 0x0, 0x0,
    0x0, 0x8, 0xff, 0xff, 0xff, 0xff, 0xff, 0xff,
    0xff, 0xff, 0xff, 0xff, 0xff, 0xfd, 0x50, 0x0,
    0x4d, 0xff, 0xff, 0xff, 0xff, 0xff, 0xff, 0xff,
    0xff, 0xff, 0xff, 0xff, 0xff, 0xff, 0xfd, 0xff,
    0xff, 0xff, 0xff, 0xff, 0xff, 0xff, 0xff, 0xff,
    0xff, 0xff, 0xff, 0xff, 0xff, 0xff, 0xff, 0xff,
    0xff, 0xff, 0xff, 0xff, 0xff, 0xff, 0xff, 0xff,
    0xff, 0xff, 0xff, 0xff, 0xff, 0xff, 0xff, 0xff,
    0xff, 0xff, 0xff, 0xff, 0xff, 0xfe, 0xff, 0xff,
    0xff, 0xff, 0xff, 0xff, 0xff, 0xff, 0xff, 0xff,
    0xff, 0xff, 0xff, 0xff, 0xfe, 0x9f, 0xff, 0xff,
    0xff, 0xff, 0xff, 0xff, 0xff, 0xff, 0xff, 0xff,
    0xff, 0xff, 0xff, 0xff, 0x90, 0x9e, 0xff, 0xff,
    0xff, 0xff, 0xff, 0xff, 0xff, 0xff, 0xff, 0xff,
    0xff, 0xff, 0xfe, 0x90,

    /* U+F0E7 "" */
    0x0, 0x0, 0x12, 0x22, 0x22, 0x22, 0x20, 0x0,
    0x0, 0x0, 0x0, 0x0, 0xbf, 0xff, 0xff, 0xff,
    0xff, 0xf3, 0x0, 0x0, 0x0, 0x0, 0x1f, 0xff,
    0xff, 0xff, 0xff, 0xff, 0x70, 0x0, 0x0, 0x0,
    0x3, 0xff, 0xff, 0xff, 0xff, 0xff, 0xf3, 0x0,
    0x0, 0x0, 0x0, 0x6f, 0xff, 0xff, 0xff, 0xff,
    0xfe, 0x0, 0x0, 0x0, 0x0, 0x8, 0xff, 0xff,
    0xff, 0xff, 0xff, 0x90, 0x0, 0x0, 0x0, 0x0,
    0xaf, 0xff, 0xff, 0xff, 0xff, 0xf4, 0x0, 0x0,
    0x0, 0x0, 0xc, 0xff, 0xff, 0xff, 0xff, 0xfe,
    0x0, 0x0, 0x0, 0x0, 0x0, 0xef, 0xff, 0xff,
    0xff, 0xff, 0x90, 0x0, 0x0, 0x0, 0x0, 0xf,
    0xff, 0xff, 0xff, 0xff, 0xf4, 0x0, 0x0, 0x0,
    0x0, 0x2, 0xff, 0xff, 0xff, 0xff, 0xff, 0x77,
    0x77, 0x77, 0x64, 0x0, 0x5f, 0xff, 0xff, 0xff,
    0xff, 0xff, 0xff, 0xff, 0xff, 0xf3, 0x7, 0xff,
    0xff, 0xff, 0xff, 0xff, 0xff, 0xff, 0xff, 0xff,
    0x30, 0x9f, 0xff, 0xff, 0xff, 0xff, 0xff, 0xff,
    0xff, 0xff, 0xb0, 0xb, 0xff, 0xff, 0xff, 0xff,
    0xff, 0xff, 0xff, 0xff, 0xf2, 0x0, 0xdf, 0xff,
    0xff, 0xff, 0xff, 0xff, 0xff, 0xff, 0xf9, 0x0,
    0xf, 0xff, 0xff, 0xff, 0xff, 0xff, 0xff, 0xff,
    0xfe, 0x10, 0x0, 0xcf, 0xff, 0xff, 0xff, 0xff,
    0xff, 0xff, 0xff, 0x60, 0x0, 0x0, 0x45, 0x55,
    0x55, 0x59, 0xff, 0xff, 0xff, 0xd0, 0x0, 0x0,
    0x0, 0x0, 0x0, 0x0, 0xaf, 0xff, 0xff, 0xf4,
    0x0, 0x0, 0x0, 0x0, 0x0, 0x0, 0xd, 0xff,
    0xff, 0xfb, 0x0, 0x0, 0x0, 0x0, 0x0, 0x0,
    0x1, 0xff, 0xff, 0xff, 0x20, 0x0, 0x0, 0x0,
    0x0, 0x0, 0x0, 0x5f, 0xff, 0xff, 0x80, 0x0,
    0x0, 0x0, 0x0, 0x0, 0x0, 0x9, 0xff, 0xff,
    0xe0, 0x0, 0x0, 0x0, 0x0, 0x0, 0x0, 0x0,
    0xcf, 0xff, 0xf6, 0x0, 0x0, 0x0, 0x0, 0x0,
    0x0, 0x0, 0xf, 0xff, 0xfc, 0x0, 0x0, 0x0,
    0x0, 0x0, 0x0, 0x0, 0x4, 0xff, 0xff, 0x30,
    0x0, 0x0, 0x0, 0x0, 0x0, 0x0, 0x0, 0x8f,
    0xff, 0xa0, 0x0, 0x0, 0x0, 0x0, 0x0, 0x0,
    0x0, 0xc, 0xff, 0xf1, 0x0, 0x0, 0x0, 0x0,
    0x0, 0x0, 0x0, 0x0, 0xff, 0xf7, 0x0, 0x0,
    0x0, 0x0, 0x0, 0x0, 0x0, 0x0, 0x2f, 0xfe,
    0x0, 0x0, 0x0, 0x0, 0x0, 0x0, 0x0, 0x0,
    0x0, 0x9c, 0x30, 0x0, 0x0, 0x0, 0x0, 0x0,

    /* U+F0EA "" */
    0x0, 0x0, 0x0, 0x0, 0x1, 0x0, 0x0, 0x0,
    0x0, 0x0, 0x0, 0x0, 0x0, 0x0, 0x0, 0x0,
    0x0, 0x6, 0xef, 0xfc, 0x20, 0x0, 0x0, 0x0,
    0x0, 0x0, 0x0, 0x0, 0x2, 0x33, 0x33, 0x7f,
    0xff, 0xff, 0xe3, 0x33, 0x33, 0x10, 0x0, 0x0,
    0x0, 0x0, 0xbf, 0xff, 0xff, 0xff, 0xd5, 0x7f,
    0xff, 0xff, 0xff, 0xf5, 0x0, 0x0, 0x0, 0x0,
    0xff, 0xff, 0xff, 0xff, 0x40, 0xb, 0xff, 0xff,
    0xff, 0xf9, 0x0, 0x0, 0x0, 0x0, 0xff, 0xff,
    0xff, 0xff, 0x90, 0x2e, 0xff, 0xff, 0xff, 0xf9,
    0x0, 0x0, 0x0, 0x0, 0xff, 0xff, 0xff, 0xff,
    0xff, 0xff, 0xff, 0xff, 0xff, 0xf9, 0x0, 0x0,
    0x0, 0x0, 0xff, 0xff, 0xff, 0xff, 0xff, 0xff,
    0xff, 0xff, 0xff, 0xf9, 0x0, 0x0, 0x0, 0x0,
    0xff, 0xff, 0xff, 0xff, 0xfe, 0x97, 0x77, 0x77,
    0x77, 0x74, 0x0, 0x0, 0x0, 0x0, 0xff, 0xff,
    0xff, 0xff, 0xb0, 0x0, 0x0, 0x0, 0x0, 0x0,
    0x0, 0x0, 0x0, 0x0, 0xff, 0xff, 0xff, 0xff,
    0x10, 0x4a, 0xaa, 0xaa, 0xaa, 0xa6, 0x7, 0x50,
    0x0, 0x0, 0xff, 0xff, 0xff, 0xfc, 0x0, 0xff,
    0xff, 0xff, 0xff, 0xf9, 0xb, 0xf6, 0x0, 0x0,
    0xff, 0xff, 0xff, 0xfc, 0x1, 0xff, 0xff, 0xff,
    0xff, 0xf9, 0xb, 0xff, 0x60, 0x0, 0xff, 0xff,
    0xff, 0xfc, 0x1, 0xff, 0xff, 0xff, 0xff, 0xf9,
    0xb, 0xff, 0xf6, 0x0, 0xff, 0xff, 0xff, 0xfc,
    0x1, 0xff, 0xff, 0xff, 0xff, 0xf9, 0xb, 0xff,
    0xff, 0x60, 0xff, 0xff, 0xff, 0xfc, 0x1, 0xff,
    0xff, 0xff, 0xff, 0xf9, 0xb, 0xff, 0xff, 0xf0,
    0xff, 0xff, 0xff, 0xfc, 0x1, 0xff, 0xff, 0xff,
    0xff, 0xf9, 0x1, 0x22, 0x22, 0x20, 0xff, 0xff,
    0xff, 0xfc, 0x1, 0xff, 0xff, 0xff, 0xff, 0xfc,
    0x0, 0x0, 0x0, 0x0, 0xff, 0xff, 0xff, 0xfc,
    0x1, 0xff, 0xff, 0xff, 0xff, 0xff, 0xc9, 0x99,
    0x99, 0x90, 0xff, 0xff, 0xff, 0xfc, 0x1, 0xff,
    0xff, 0xff, 0xff, 0xff, 0xff, 0xff, 0xff, 0xf1,
    0xff, 0xff, 0xff, 0xfc, 0x1, 0xff, 0xff, 0xff,
    0xff, 0xff, 0xff, 0xff, 0xff, 0xf1, 0xff, 0xff,
    0xff, 0xfc, 0x1, 0xff, 0xff, 0xff, 0xff, 0xff,
    0xff, 0xff, 0xff, 0xf1, 0xff, 0xff, 0xff, 0xfc,
    0x1, 0xff, 0xff, 0xff, 0xff, 0xff, 0xff, 0xff,
    0xff, 0xf1, 0xff, 0xff, 0xff, 0xfc, 0x1, 0xff,
    0xff, 0xff, 0xff, 0xff, 0xff, 0xff, 0xff, 0xf1,
    0xff, 0xff, 0xff, 0xfc, 0x1, 0xff, 0xff, 0xff,
    0xff, 0xff, 0xff, 0xff, 0xff, 0xf1, 0xaf, 0xff,
    0xff, 0xfc, 0x1, 0xff, 0xff, 0xff, 0xff, 0xff,
    0xff, 0xff, 0xff, 0xf1, 0x1, 0x22, 0x22, 0x21,
    0x1, 0xff, 0xff, 0xff, 0xff, 0xff, 0xff, 0xff,
    0xff, 0xf1, 0x0, 0x0, 0x0, 0x0, 0x1, 0xff,
    0xff, 0xff, 0xff, 0xff, 0xff, 0xff, 0xff, 0xf1,
    0x0, 0x0, 0x0, 0x0, 0x1, 0xff, 0xff, 0xff,
    0xff, 0xff, 0xff, 0xff, 0xff, 0xf1, 0x0, 0x0,
    0x0, 0x0, 0x1, 0xff, 0xff, 0xff, 0xff, 0xff,
    0xff, 0xff, 0xff, 0xf1, 0x0, 0x0, 0x0, 0x0,
    0x1, 0xff, 0xff, 0xff, 0xff, 0xff, 0xff, 0xff,
    0xff, 0xf0, 0x0, 0x0, 0x0, 0x0, 0x0, 0x9f,
    0xff, 0xff, 0xff, 0xff, 0xff, 0xff, 0xff, 0x90,

    /* U+F0F3 "" */
    0x0, 0x0, 0x0, 0x0, 0x0, 0x0, 0x1, 0x0,
    0x0, 0x0, 0x0, 0x0, 0x0, 0x0, 0x0, 0x0,
    0x0, 0x0, 0x0, 0x0, 0xbf, 0xc1, 0x0, 0x0,
    0x0, 0x0, 0x0, 0x0, 0x0, 0x0, 0x0, 0x0,
    0x0, 0x4, 0xff, 0xf6, 0x0, 0x0, 0x0, 0x0,
    0x0, 0x0, 0x0, 0x0, 0x0, 0x0, 0x0, 0x6,
    0xff, 0xf8, 0x0, 0x0, 0x0, 0x0, 0x0, 0x0,
    0x0, 0x0, 0x0, 0x0, 0x3, 0x9e, 0xff, 0xfe,
    0x94, 0x0, 0x0, 0x0, 0x0, 0x0, 0x0, 0x0,
    0x0, 0x1, 0xbf, 0xff, 0xff, 0xff, 0xff, 0xb2,
    0x0, 0x0, 0x0, 0x0, 0x0, 0x0, 0x0, 0x2e,
    0xff, 0xff, 0xff, 0xff, 0xff, 0xff, 0x30, 0x0,
    0x0, 0x0, 0x0, 0x0, 0x1, 0xef, 0xff, 0xff,
    0xff, 0xff, 0xff, 0xff, 0xf2, 0x0, 0x0, 0x0,
    0x0, 0x0, 0xb, 0xff, 0xff, 0xff, 0xff, 0xff,
    0xff, 0xff, 0xfc, 0x0, 0x0, 0x0, 0x0, 0x0,
    0x4f, 0xff, 0xff, 0xff, 0xff, 0xff, 0xff, 0xff,
    0xff, 0x50, 0x0, 0x0, 0x0, 0x0, 0xaf, 0xff,
    0xff, 0xff, 0xff, 0xff, 0xff, 0xff, 0xff, 0xb0,
    0x0, 0x0, 0x0, 0x0, 0xef, 0xff, 0xff, 0xff,
    0xff, 0xff, 0xff, 0xff, 0xff, 0xf0, 0x0, 0x0,
    0x0, 0x0, 0xff, 0xff, 0xff, 0xff, 0xff, 0xff,
    0xff, 0xff, 0xff, 0xf2, 0x0, 0x0, 0x0, 0x2,
    0xff, 0xff, 0xff, 0xff, 0xff, 0xff, 0xff, 0xff,
    0xff, 0xf3, 0x0, 0x0, 0x0, 0x3, 0xff, 0xff,
    0xff, 0xff, 0xff, 0xff, 0xff, 0xff, 0xff, 0xf4,
    0x0, 0x0, 0x0, 0x3, 0xff, 0xff, 0xff, 0xff,
    0xff, 0xff, 0xff, 0xff, 0xff, 0xf5, 0x0, 0x0,
    0x0, 0x6, 0xff, 0xff, 0xff, 0xff, 0xff, 0xff,
    0xff, 0xff, 0xff, 0xf8, 0x0, 0x0, 0x0, 0x9,
    0xff, 0xff, 0xff, 0xff, 0xff, 0xff, 0xff, 0xff,
    0xff, 0xfb, 0x0, 0x0, 0x0, 0xd, 0xff, 0xff,
    0xff, 0xff, 0xff, 0xff, 0xff, 0xff, 0xff, 0xff,
    0x0, 0x0, 0x0, 0x2f, 0xff, 0xff, 0xff, 0xff,
    0xff, 0xff, 0xff, 0xff, 0xff, 0xff, 0x40, 0x0,
    0x0, 0x9f, 0xff, 0xff, 0xff, 0xff, 0xff, 0xff,
    0xff, 0xff, 0xff, 0xff, 0xb0, 0x0, 0x5, 0xff,
    0xff, 0xff, 0xff, 0xff, 0xff, 0xff, 0xff, 0xff,
    0xff, 0xff, 0xf7, 0x0, 0x3f, 0xff, 0xff, 0xff,
    0xff, 0xff, 0xff, 0xff, 0xff, 0xff, 0xff, 0xff,
    0xff, 0x50, 0xdf, 0xff, 0xff, 0xff, 0xff, 0xff,
    0xff, 0xff, 0xff, 0xff, 0xff, 0xff, 0xff, 0xe0,
    0xef, 0xff, 0xff, 0xff, 0xff, 0xff, 0xff, 0xff,
    0xff, 0xff, 0xff, 0xff, 0xff, 0xf0, 0x5f, 0xff,
    0xff, 0xff, 0xff, 0xff, 0xff, 0xff, 0xff, 0xff,
    0xff, 0xff, 0xff, 0x70, 0x0, 0x11, 0x11, 0x11,
    0x11, 0x11, 0x11, 0x11, 0x11, 0x11, 0x11, 0x11,
    0x10, 0x0, 0x0, 0x0, 0x0, 0x0, 0x0, 0x0,
    0x0, 0x0, 0x0, 0x0, 0x0, 0x0, 0x0, 0x0,
    0x0, 0x0, 0x0, 0x0, 0x4, 0xff, 0xff, 0xff,
    0xf6, 0x0, 0x0, 0x0, 0x0, 0x0, 0x0, 0x0,
    0x0, 0x0, 0x0, 0xff, 0xff, 0xff, 0xf2, 0x0,
    0x0, 0x0, 0x0, 0x0, 0x0, 0x0, 0x0, 0x0,
    0x0, 0x6f, 0xff, 0xff, 0x70, 0x0, 0x0, 0x0,
    0x0, 0x0, 0x0, 0x0, 0x0, 0x0, 0x0, 0x4,
    0xbd, 0xb5, 0x0, 0x0, 0x0, 0x0, 0x0, 0x0,

    /* U+F11C "" */
    0x0, 0x0, 0x0, 0x0, 0x0, 0x0, 0x0, 0x0,
    0x0, 0x0, 0x0, 0x0, 0x0, 0x0, 0x0, 0x0,
    0x0, 0x0, 0xaf, 0xff, 0xff, 0xff, 0xff, 0xff,
    0xff, 0xff, 0xff, 0xff, 0xff, 0xff, 0xff, 0xff,
    0xff, 0xff, 0x80, 0x9f, 0xff, 0xff, 0xff, 0xff,
    0xff, 0xff, 0xff, 0xff, 0xff, 0xff, 0xff, 0xff,
    0xff, 0xff, 0xff, 0xff, 0x7e, 0xff, 0xff, 0xff,
    0xff, 0xff, 0xff, 0xff, 0xff, 0xff, 0xff, 0xff,
    0xff, 0xff, 0xff, 0xff, 0xff, 0xfc, 0xff, 0xff,
    0xed, 0xde, 0xff, 0xed, 0xdf, 0xff, 0xdd, 0xdf,
    0xfe, 0xdd, 0xef, 0xfe, 0xdd, 0xef, 0xff, 0xef,
    0xff, 0xe0, 0x0, 0x1f, 0xe0, 0x0, 0x4f, 0xc0,
    0x0, 0xef, 0x20, 0x0, 0xef, 0x10, 0x0, 0xff,
    0xfe, 0xff, 0xfe, 0x0, 0x1, 0xfd, 0x0, 0x3,
    0xfb, 0x0, 0xd, 0xf1, 0x0, 0xd, 0xf1, 0x0,
    0xf, 0xff, 0xef, 0xff, 0xe0, 0x0, 0x1f, 0xe0,
    0x0, 0x3f, 0xb0, 0x0, 0xdf, 0x10, 0x0, 0xef,
    0x10, 0x0, 0xff, 0xfe, 0xff, 0xff, 0xcb, 0xbd,
    0xff, 0xcb, 0xbd, 0xff, 0xbb, 0xcf, 0xfd, 0xbb,
    0xcf, 0xfd, 0xbb, 0xdf, 0xff, 0xef, 0xff, 0xff,
    0xff, 0xff, 0xff, 0xff, 0xff, 0xff, 0xff, 0xff,
    0xff, 0xff, 0xff, 0xff, 0xff, 0xff, 0xfe, 0xff,
    0xff, 0xff, 0xe4, 0x33, 0x7f, 0xe4, 0x33, 0xaf,
    0x93, 0x34, 0xff, 0x63, 0x34, 0xff, 0xff, 0xff,
    0xef, 0xff, 0xff, 0xfc, 0x0, 0x2, 0xfc, 0x0,
    0x6, 0xf4, 0x0, 0xd, 0xf1, 0x0, 0xe, 0xff,
    0xff, 0xfe, 0xff, 0xff, 0xff, 0xc0, 0x0, 0x2f,
    0xc0, 0x0, 0x6f, 0x40, 0x0, 0xdf, 0x10, 0x0,
    0xef, 0xff, 0xff, 0xef, 0xff, 0xff, 0xfd, 0x0,
    0x3, 0xfd, 0x0, 0x7, 0xf5, 0x0, 0xe, 0xf2,
    0x0, 0xf, 0xff, 0xff, 0xfe, 0xff, 0xff, 0xff,
    0xfe, 0xee, 0xff, 0xfe, 0xee, 0xff, 0xfe, 0xee,
    0xff, 0xfe, 0xef, 0xff, 0xff, 0xff, 0xef, 0xff,
    0xff, 0xff, 0xff, 0xff, 0xff, 0xff, 0xff, 0xff,
    0xff, 0xff, 0xff, 0xff, 0xff, 0xff, 0xff, 0xfe,
    0xff, 0xff, 0x10, 0x4, 0xff, 0x10, 0x0, 0x0,
    0x0, 0x0, 0x0, 0x0, 0x1f, 0xf4, 0x0, 0x2f,
    0xff, 0xef, 0xff, 0xe0, 0x0, 0x1f, 0xd0, 0x0,
    0x0, 0x0, 0x0, 0x0, 0x0, 0x0, 0xdf, 0x10,
    0x0, 0xff, 0xfe, 0xff, 0xfe, 0x0, 0x1, 0xfd,
    0x0, 0x0, 0x0, 0x0, 0x0, 0x0, 0x0, 0xd,
    0xf1, 0x0, 0xf, 0xff, 0xef, 0xff, 0xe0, 0x0,
    0x2f, 0xe0, 0x0, 0x0, 0x0, 0x0, 0x0, 0x0,
    0x0, 0xef, 0x20, 0x1, 0xff, 0xfe, 0xff, 0xff,
    0xee, 0xef, 0xff, 0xee, 0xee, 0xee, 0xee, 0xee,
    0xee, 0xee, 0xef, 0xff, 0xee, 0xff, 0xff, 0xee,
    0xff, 0xff, 0xff, 0xff, 0xff, 0xff, 0xff, 0xff,
    0xff, 0xff, 0xff, 0xff, 0xff, 0xff, 0xff, 0xff,
    0xfc, 0x9f, 0xff, 0xff, 0xff, 0xff, 0xff, 0xff,
    0xff, 0xff, 0xff, 0xff, 0xff, 0xff, 0xff, 0xff,
    0xff, 0xff, 0x70, 0x9e, 0xff, 0xff, 0xff, 0xff,
    0xff, 0xff, 0xff, 0xff, 0xff, 0xff, 0xff, 0xff,
    0xff, 0xff, 0xfe, 0x80,

    /* U+F124 "" */
    0x0, 0x0, 0x0, 0x0, 0x0, 0x0, 0x0, 0x0,
    0x0, 0x0, 0x0, 0x0, 0x0, 0x0, 0x0, 0x0,
    0x0, 0x0, 0x0, 0x0, 0x0, 0x0, 0x0, 0x0,
    0x0, 0x0, 0x0, 0x0, 0x0, 0x3, 0xbf, 0xf9,
    0x0, 0x0, 0x0, 0x0, 0x0, 0x0, 0x0, 0x0,
    0x0, 0x0, 0x0, 0x0, 0x0, 0x4c, 0xff, 0xff,
    0xf9, 0x0, 0x0, 0x0, 0x0, 0x0, 0x0, 0x0,
    0x0, 0x0, 0x0, 0x0, 0x6, 0xdf, 0xff, 0xff,
    0xff, 0xf0, 0x0, 0x0, 0x0, 0x0, 0x0, 0x0,
    0x0, 0x0, 0x0, 0x1, 0x7e, 0xff, 0xff, 0xff,
    0xff, 0xfe, 0x0, 0x0, 0x0, 0x0, 0x0, 0x0,
    0x0, 0x0, 0x0, 0x18, 0xff, 0xff, 0xff, 0xff,
    0xff, 0xff, 0x80, 0x0, 0x0, 0x0, 0x0, 0x0,
    0x0, 0x0, 0x2, 0xaf, 0xff, 0xff, 0xff, 0xff,
    0xff, 0xff, 0xf1, 0x0, 0x0, 0x0, 0x0, 0x0,
    0x0, 0x0, 0x4b, 0xff, 0xff, 0xff, 0xff, 0xff,
    0xff, 0xff, 0xf9, 0x0, 0x0, 0x0, 0x0, 0x0,
    0x0, 0x5, 0xcf, 0xff, 0xff, 0xff, 0xff, 0xff,
    0xff, 0xff, 0xff, 0x20, 0x0, 0x0, 0x0, 0x0,
    0x0, 0x6d, 0xff, 0xff, 0xff, 0xff, 0xff, 0xff,
    0xff, 0xff, 0xff, 0xa0, 0x0, 0x0, 0x0, 0x0,
    0x17, 0xef, 0xff, 0xff, 0xff, 0xff, 0xff, 0xff,
    0xff, 0xff, 0xff, 0xf3, 0x0, 0x0, 0x0, 0x2,
    0x9f, 0xff, 0xff, 0xff, 0xff, 0xff, 0xff, 0xff,
    0xff, 0xff, 0xff, 0xfb, 0x0, 0x0, 0x0, 0x2a,
    0xff, 0xff, 0xff, 0xff, 0xff, 0xff, 0xff, 0xff,
    0xff, 0xff, 0xff, 0xff, 0x40, 0x0, 0x0, 0x5f,
    0xff, 0xff, 0xff, 0xff, 0xff, 0xff, 0xff, 0xff,
    0xff, 0xff, 0xff, 0xff, 0xd0, 0x0, 0x0, 0xd,
    0xff, 0xff, 0xff, 0xff, 0xff, 0xff, 0xff, 0xff,
    0xff, 0xff, 0xff, 0xff, 0xf5, 0x0, 0x0, 0x0,
    0xff, 0xff, 0xff, 0xff, 0xff, 0xff, 0xff, 0xff,
    0xff, 0xff, 0xff, 0xff, 0xfe, 0x0, 0x0, 0x0,
    0xc, 0xff, 0xff, 0xff, 0xff, 0xff, 0xff, 0xff,
    0xff, 0xff, 0xff, 0xff, 0xff, 0x70, 0x0, 0x0,
    0x0, 0x3e, 0xff, 0xff, 0xff, 0xff, 0xff, 0xff,
    0xff, 0xff, 0xff, 0xff, 0xff, 0xe0, 0x0, 0x0,
    0x0, 0x0, 0x4, 0x55, 0x55, 0x55, 0x55, 0x55,
    0x9f, 0xff, 0xff, 0xff, 0xff, 0xf8, 0x0, 0x0,
    0x0, 0x0, 0x0, 0x0, 0x0, 0x0, 0x0, 0x0,
    0x7, 0xff, 0xff, 0xff, 0xff, 0xff, 0x10, 0x0,
    0x0, 0x0, 0x0, 0x0, 0x0, 0x0, 0x0, 0x0,
    0x0, 0x7f, 0xff, 0xff, 0xff, 0xff, 0x90, 0x0,
    0x0, 0x0, 0x0, 0x0, 0x0, 0x0, 0x0, 0x0,
    0x0, 0x7, 0xff, 0xff, 0xff, 0xff, 0xf2, 0x0,
    0x0, 0x0, 0x0, 0x0, 0x0, 0x0, 0x0, 0x0,
    0x0, 0x0, 0x7f, 0xff, 0xff, 0xff, 0xfb, 0x0,
    0x0, 0x0, 0x0, 0x0, 0x0, 0x0, 0x0, 0x0,
    0x0, 0x0, 0x7, 0xff, 0xff, 0xff, 0xff, 0x30,
    0x0, 0x0, 0x0, 0x0, 0x0, 0x0, 0x0, 0x0,
    0x0, 0x0, 0x0, 0x7f, 0xff, 0xff, 0xff, 0xc0,
    0x0, 0x0, 0x0, 0x0, 0x0, 0x0, 0x0, 0x0,
    0x0, 0x0, 0x0, 0x7, 0xff, 0xff, 0xff, 0xf5,
    0x0, 0x0, 0x0, 0x0, 0x0, 0x0, 0x0, 0x0,
    0x0, 0x0, 0x0, 0x0, 0x7f, 0xff, 0xff, 0xfd,
    0x0, 0x0, 0x0, 0x0, 0x0, 0x0, 0x0, 0x0,
    0x0, 0x0, 0x0, 0x0, 0x7, 0xff, 0xff, 0xff,
    0x60, 0x0, 0x0, 0x0, 0x0, 0x0, 0x0, 0x0,
    0x0, 0x0, 0x0, 0x0, 0x0, 0x6f, 0xff, 0xff,
    0xe0, 0x0, 0x0, 0x0, 0x0, 0x0, 0x0, 0x0,
    0x0, 0x0, 0x0, 0x0, 0x0, 0x5, 0xff, 0xff,
    0xf7, 0x0, 0x0, 0x0, 0x0, 0x0, 0x0, 0x0,
    0x0, 0x0, 0x0, 0x0, 0x0, 0x0, 0xe, 0xff,
    0xfd, 0x0, 0x0, 0x0, 0x0, 0x0, 0x0, 0x0,
    0x0, 0x0, 0x0, 0x0, 0x0, 0x0, 0x0, 0x2a,
    0xda, 0x10, 0x0, 0x0, 0x0, 0x0, 0x0, 0x0,

    /* U+F15B "" */
    0x0, 0x0, 0x0, 0x0, 0x0, 0x0, 0x0, 0x0,
    0x0, 0x0, 0x0, 0x0, 0x9f, 0xff, 0xff, 0xff,
    0xff, 0xff, 0xf9, 0xa, 0xb0, 0x0, 0x0, 0x0,
    0xff, 0xff, 0xff, 0xff, 0xff, 0xff, 0xf9, 0xa,
    0xfc, 0x0, 0x0, 0x0, 0xff, 0xff, 0xff, 0xff,
    0xff, 0xff, 0xf9, 0xa, 0xff, 0xc0, 0x0, 0x0,
    0xff, 0xff, 0xff, 0xff, 0xff, 0xff, 0xf9, 0xa,
    0xff, 0xfc, 0x0, 0x0, 0xff, 0xff, 0xff, 0xff,
    0xff, 0xff, 0xf9, 0xa, 0xff, 0xff, 0xc0, 0x0,
    0xff, 0xff, 0xff, 0xff, 0xff, 0xff, 0xf9, 0xa,
    0xff, 0xff, 0xfc, 0x0, 0xff, 0xff, 0xff, 0xff,
    0xff, 0xff, 0xf9, 0xa, 0xff, 0xff, 0xff, 0xc0,
    0xff, 0xff, 0xff, 0xff, 0xff, 0xff, 0xf9, 0x7,
    0xbb, 0xbb, 0xbb, 0xb0, 0xff, 0xff, 0xff, 0xff,
    0xff, 0xff, 0xfa, 0x0, 0x0, 0x0, 0x0, 0x0,
    0xff, 0xff, 0xff, 0xff, 0xff, 0xff, 0xff, 0x75,
    0x55, 0x55, 0x55, 0x50, 0xff, 0xff, 0xff, 0xff,
    0xff, 0xff, 0xff, 0xff, 0xff, 0xff, 0xff, 0xf1,
    0xff, 0xff, 0xff, 0xff, 0xff, 0xff, 0xff, 0xff,
    0xff, 0xff, 0xff, 0xf1, 0xff, 0xff, 0xff, 0xff,
    0xff, 0xff, 0xff, 0xff, 0xff, 0xff, 0xff, 0xf1,
    0xff, 0xff, 0xff, 0xff, 0xff, 0xff, 0xff, 0xff,
    0xff, 0xff, 0xff, 0xf1, 0xff, 0xff, 0xff, 0xff,
    0xff, 0xff, 0xff, 0xff, 0xff, 0xff, 0xff, 0xf1,
    0xff, 0xff, 0xff, 0xff, 0xff, 0xff, 0xff, 0xff,
    0xff, 0xff, 0xff, 0xf1, 0xff, 0xff, 0xff, 0xff,
    0xff, 0xff, 0xff, 0xff, 0xff, 0xff, 0xff, 0xf1,
    0xff, 0xff, 0xff, 0xff, 0xff, 0xff, 0xff, 0xff,
    0xff, 0xff, 0xff, 0xf1, 0xff, 0xff, 0xff, 0xff,
    0xff, 0xff, 0xff, 0xff, 0xff, 0xff, 0xff, 0xf1,
    0xff, 0xff, 0xff, 0xff, 0xff, 0xff, 0xff, 0xff,
    0xff, 0xff, 0xff, 0xf1, 0xff, 0xff, 0xff, 0xff,
    0xff, 0xff, 0xff, 0xff, 0xff, 0xff, 0xff, 0xf1,
    0xff, 0xff, 0xff, 0xff, 0xff, 0xff, 0xff, 0xff,
    0xff, 0xff, 0xff, 0xf1, 0xff, 0xff, 0xff, 0xff,
    0xff, 0xff, 0xff, 0xff, 0xff, 0xff, 0xff, 0xf1,
    0xff, 0xff, 0xff, 0xff, 0xff, 0xff, 0xff, 0xff,
    0xff, 0xff, 0xff, 0xf1, 0xff, 0xff, 0xff, 0xff,
    0xff, 0xff, 0xff, 0xff, 0xff, 0xff, 0xff, 0xf1,
    0xff, 0xff, 0xff, 0xff, 0xff, 0xff, 0xff, 0xff,
    0xff, 0xff, 0xff, 0xf1, 0xff, 0xff, 0xff, 0xff,
    0xff, 0xff, 0xff, 0xff, 0xff, 0xff, 0xff, 0xf1,
    0xff, 0xff, 0xff, 0xff, 0xff, 0xff, 0xff, 0xff,
    0xff, 0xff, 0xff, 0xf1, 0xff, 0xff, 0xff, 0xff,
    0xff, 0xff, 0xff, 0xff, 0xff, 0xff, 0xff, 0xf1,
    0xff, 0xff, 0xff, 0xff, 0xff, 0xff, 0xff, 0xff,
    0xff, 0xff, 0xff, 0xf0, 0x8e, 0xff, 0xff, 0xff,
    0xff, 0xff, 0xff, 0xff, 0xff, 0xff, 0xff, 0x90,

    /* U+F1EB "" */
    0x0, 0x0, 0x0, 0x0, 0x0, 0x0, 0x0, 0x0,
    0x0, 0x0, 0x0, 0x0, 0x0, 0x0, 0x0, 0x0,
    0x0, 0x0, 0x0, 0x0, 0x0, 0x0, 0x0, 0x0,
    0x0, 0x0, 0x0, 0x23, 0x45, 0x65, 0x43, 0x10,
    0x0, 0x0, 0x0, 0x0, 0x0, 0x0, 0x0, 0x0,
    0x0, 0x0, 0x0, 0x0, 0x4, 0x8c, 0xff, 0xff,
    0xff, 0xff, 0xff, 0xeb, 0x72, 0x0, 0x0, 0x0,
    0x0, 0x0, 0x0, 0x0, 0x0, 0x0, 0x3, 0x9e,
    0xff, 0xff, 0xff, 0xff, 0xff, 0xff, 0xff, 0xff,
    0xfd, 0x81, 0x0, 0x0, 0x0, 0x0, 0x0, 0x0,
    0x0, 0x4c, 0xff, 0xff, 0xff, 0xff, 0xff, 0xff,
    0xff, 0xff, 0xff, 0xff, 0xff, 0xfa, 0x20, 0x0,
    0x0, 0x0, 0x0, 0x2, 0xbf, 0xff, 0xff, 0xff,
    0xff, 0xff, 0xff, 0xff, 0xff, 0xff, 0xff, 0xff,
    0xff, 0xff, 0x90, 0x0, 0x0, 0x0, 0x7, 0xff,
    0xff, 0xff, 0xff, 0xff, 0xfc, 0xa8, 0x77, 0x88,
    0xac, 0xff, 0xff, 0xff, 0xff, 0xff, 0xe5, 0x0,
    0x0, 0x1b, 0xff, 0xff, 0xff, 0xff, 0xc7, 0x20,
    0x0, 0x0, 0x0, 0x0, 0x0, 0x38, 0xdf, 0xff,
    0xff, 0xff, 0xf8, 0x0, 0x2d, 0xff, 0xff, 0xff,
    0xf9, 0x20, 0x0, 0x0, 0x0, 0x0, 0x0, 0x0,
    0x0, 0x0, 0x4b, 0xff, 0xff, 0xff, 0xfb, 0xe,
    0xff, 0xff, 0xff, 0xa2, 0x0, 0x0, 0x0, 0x0,
    0x0, 0x0, 0x0, 0x0, 0x0, 0x0, 0x4, 0xcf,
    0xff, 0xff, 0xfa, 0x9f, 0xff, 0xfe, 0x50, 0x0,
    0x0, 0x0, 0x0, 0x0, 0x0, 0x0, 0x0, 0x0,
    0x0, 0x0, 0x0, 0x7f, 0xff, 0xff, 0x50, 0xaf,
    0xfc, 0x10, 0x0, 0x0, 0x0, 0x1, 0x47, 0x9a,
    0xba, 0x97, 0x40, 0x0, 0x0, 0x0, 0x0, 0x3e,
    0xff, 0x60, 0x0, 0x99, 0x0, 0x0, 0x0, 0x0,
    0x6c, 0xff, 0xff, 0xff, 0xff, 0xff, 0xfb, 0x50,
    0x0, 0x0, 0x0, 0x1b, 0x60, 0x0, 0x0, 0x0,
    0x0, 0x0, 0x7, 0xff, 0xff, 0xff, 0xff, 0xff,
    0xff, 0xff, 0xff, 0xd5, 0x0, 0x0, 0x0, 0x0,
    0x0, 0x0, 0x0, 0x0, 0x0, 0x3d, 0xff, 0xff,
    0xff, 0xff, 0xff, 0xff, 0xff, 0xff, 0xff, 0xfb,
    0x10, 0x0, 0x0, 0x0, 0x0, 0x0, 0x0, 0x0,
    0x7f, 0xff, 0xff, 0xff, 0xff, 0xff, 0xff, 0xff,
    0xff, 0xff, 0xff, 0xfe, 0x40, 0x0, 0x0, 0x0,
    0x0, 0x0, 0x0, 0x2f, 0xff, 0xff, 0xff, 0xfb,
    0x74, 0x32, 0x35, 0x8c, 0xff, 0xff, 0xff, 0xfe,
    0x0, 0x0, 0x0, 0x0, 0x0, 0x0, 0x0, 0xbf,
    0xff, 0xfe, 0x71, 0x0, 0x0, 0x0, 0x0, 0x2,
    0x9f, 0xff, 0xff, 0x70, 0x0, 0x0, 0x0, 0x0,
    0x0, 0x0, 0x0, 0xbf, 0xfa, 0x10, 0x0, 0x0,
    0x0, 0x0, 0x0, 0x0, 0x2d, 0xff, 0x80, 0x0,
    0x0, 0x0, 0x0, 0x0, 0x0, 0x0, 0x0, 0x96,
    0x0, 0x0, 0x0, 0x0, 0x0, 0x0, 0x0, 0x0,
    0x8, 0x70, 0x0, 0x0, 0x0, 0x0, 0x0, 0x0,
    0x0, 0x0, 0x0, 0x0, 0x0, 0x0, 0x0, 0x0,
    0x0, 0x0, 0x0, 0x0, 0x0, 0x0, 0x0, 0x0,
    0x0, 0x0, 0x0, 0x0, 0x0, 0x0, 0x0, 0x0,
    0x0, 0x0, 0x5b, 0xca, 0x30, 0x0, 0x0, 0x0,
    0x0, 0x0, 0x0, 0x0, 0x0, 0x0, 0x0, 0x0,
    0x0, 0x0, 0x0, 0x0, 0x0, 0x8f, 0xff, 0xff,
    0x40, 0x0, 0x0, 0x0, 0x0, 0x0, 0x0, 0x0,
    0x0, 0x0, 0x0, 0x0, 0x0, 0x0, 0x0, 0x0,
    0x2f, 0xff, 0xff, 0xfe, 0x0, 0x0, 0x0, 0x0,
    0x0, 0x0, 0x0, 0x0, 0x0, 0x0, 0x0, 0x0,
    0x0, 0x0, 0x0, 0x7, 0xff, 0xff, 0xff, 0xf3,
    0x0, 0x0, 0x0, 0x0, 0x0, 0x0, 0x0, 0x0,
    0x0, 0x0, 0x0, 0x0, 0x0, 0x0, 0x0, 0x7f,
    0xff, 0xff, 0xff, 0x30, 0x0, 0x0, 0x0, 0x0,
    0x0, 0x0, 0x0, 0x0, 0x0, 0x0, 0x0, 0x0,
    0x0, 0x0, 0x3, 0xff, 0xff, 0xff, 0xe0, 0x0,
    0x0, 0x0, 0x0, 0x0, 0x0, 0x0, 0x0, 0x0,
    0x0, 0x0, 0x0, 0x0, 0x0, 0x0, 0xa, 0xff,
    0xff, 0xf6, 0x0, 0x0, 0x0, 0x0, 0x0, 0x0,
    0x0, 0x0, 0x0, 0x0, 0x0, 0x0, 0x0, 0x0,
    0x0, 0x0, 0x7, 0xde, 0xc4, 0x0, 0x0, 0x0,
    0x0, 0x0, 0x0, 0x0, 0x0, 0x0,

    /* U+F240 "" */
    0x0, 0x1, 0x11, 0x11, 0x11, 0x11, 0x11, 0x11,
    0x11, 0x11, 0x11, 0x11, 0x11, 0x11, 0x11, 0x11,
    0x11, 0x0, 0x0, 0x1, 0xaf, 0xff, 0xff, 0xff,
    0xff, 0xff, 0xff, 0xff, 0xff, 0xff, 0xff, 0xff,
    0xff, 0xff, 0xff, 0xff, 0xff, 0x90, 0x0, 0xaf,
    0xff, 0xff, 0xff, 0xff, 0xff, 0xff, 0xff, 0xff,
    0xff, 0xff, 0xff, 0xff, 0xff, 0xff, 0xff, 0xff,
    0xff, 0x70, 0xf, 0xff, 0xff, 0xff, 0xff, 0xff,
    0xff, 0xff, 0xff, 0xff, 0xff, 0xff, 0xff, 0xff,
    0xff, 0xff, 0xff, 0xff, 0xfc, 0x0, 0xff, 0xff,
    0xcc, 0xcc, 0xcc, 0xcc, 0xcc, 0xcc, 0xcc, 0xcc,
    0xcc, 0xcc, 0xcc, 0xcc, 0xcc, 0xcc, 0xcf, 0xff,
    0xe2, 0xf, 0xff, 0xe0, 0x0, 0x0, 0x0, 0x0,
    0x0, 0x0, 0x0, 0x0, 0x0, 0x0, 0x0, 0x0,
    0x0, 0x0, 0xff, 0xff, 0xf8, 0xff, 0xfe, 0x2,
    0xbb, 0xbb, 0xbb, 0xbb, 0xbb, 0xbb, 0xbb, 0xbb,
    0xbb, 0xbb, 0xbb, 0xbb, 0xb0, 0xf, 0xff, 0xff,
    0xcf, 0xff, 0xe0, 0x3f, 0xff, 0xff, 0xff, 0xff,
    0xff, 0xff, 0xff, 0xff, 0xff, 0xff, 0xff, 0xff,
    0x0, 0xff, 0xff, 0xfc, 0xff, 0xfe, 0x3, 0xff,
    0xff, 0xff, 0xff, 0xff, 0xff, 0xff, 0xff, 0xff,
    0xff, 0xff, 0xff, 0xf0, 0xa, 0xaf, 0xff, 0xcf,
    0xff, 0xe0, 0x3f, 0xff, 0xff, 0xff, 0xff, 0xff,
    0xff, 0xff, 0xff, 0xff, 0xff, 0xff, 0xff, 0x0,
    0x1, 0xff, 0xfc, 0xff, 0xfe, 0x3, 0xff, 0xff,
    0xff, 0xff, 0xff, 0xff, 0xff, 0xff, 0xff, 0xff,
    0xff, 0xff, 0xf0, 0x0, 0x1f, 0xff, 0xcf, 0xff,
    0xe0, 0x3f, 0xff, 0xff, 0xff, 0xff, 0xff, 0xff,
    0xff, 0xff, 0xff, 0xff, 0xff, 0xff, 0x0, 0x1,
    0xff, 0xfc, 0xff, 0xfe, 0x3, 0xff, 0xff, 0xff,
    0xff, 0xff, 0xff, 0xff, 0xff, 0xff, 0xff, 0xff,
    0xff, 0xf0, 0xb, 0xbf, 0xff, 0xcf, 0xff, 0xe0,
    0x3f, 0xff, 0xff, 0xff, 0xff, 0xff, 0xff, 0xff,
    0xff, 0xff, 0xff, 0xff, 0xff, 0x0, 0xff, 0xff,
    0xfc, 0xff, 0xfe, 0x0, 0x0, 0x0, 0x0, 0x0,
    0x0, 0x0, 0x0, 0x0, 0x0, 0x0, 0x0, 0x0,
    0x0, 0xf, 0xff, 0xff, 0xcf, 0xff, 0xe0, 0x0,
    0x0, 0x0, 0x0, 0x0, 0x0, 0x0, 0x0, 0x0,
    0x0, 0x0, 0x0, 0x0, 0x0, 0xff, 0xff, 0xf8,
    0xff, 0xff, 0xdd, 0xdd, 0xdd, 0xdd, 0xdd, 0xdd,
    0xdd, 0xdd, 0xdd, 0xdd, 0xdd, 0xdd, 0xdd, 0xdd,
    0xdf, 0xff, 0xe2, 0xe, 0xff, 0xff, 0xff, 0xff,
    0xff, 0xff, 0xff, 0xff, 0xff, 0xff, 0xff, 0xff,
    0xff, 0xff, 0xff, 0xff, 0xff, 0xfc, 0x0, 0x9f,
    0xff, 0xff, 0xff, 0xff, 0xff, 0xff, 0xff, 0xff,
    0xff, 0xff, 0xff, 0xff, 0xff, 0xff, 0xff, 0xff,
    0xff, 0x70, 0x0, 0xaf, 0xff, 0xff, 0xff, 0xff,
    0xff, 0xff, 0xff, 0xff, 0xff, 0xff, 0xff, 0xff,
    0xff, 0xff, 0xff, 0xff, 0x80, 0x0, 0x0, 0x0,
    0x0, 0x0, 0x0, 0x0, 0x0, 0x0, 0x0, 0x0,
    0x0, 0x0, 0x0, 0x0, 0x0, 0x0, 0x0, 0x0,
    0x0, 0x0,

    /* U+F241 "" */
    0x0, 0x1, 0x11, 0x11, 0x11, 0x11, 0x11, 0x11,
    0x11, 0x11, 0x11, 0x11, 0x11, 0x11, 0x11, 0x11,
    0x11, 0x0, 0x0, 0x1, 0xaf, 0xff, 0xff, 0xff,
    0xff, 0xff, 0xff, 0xff, 0xff, 0xff, 0xff, 0xff,
    0xff, 0xff, 0xff, 0xff, 0xff, 0x90, 0x0, 0xaf,
    0xff, 0xff, 0xff, 0xff, 0xff, 0xff, 0xff, 0xff,
    0xff, 0xff, 0xff, 0xff, 0xff, 0xff, 0xff, 0xff,
    0xff, 0x70, 0xf, 0xff, 0xff, 0xff, 0xff, 0xff,
    0xff, 0xff, 0xff, 0xff, 0xff, 0xff, 0xff, 0xff,
    0xff, 0xff, 0xff, 0xff, 0xfc, 0x0, 0xff, 0xff,
    0xcc, 0xcc, 0xcc, 0xcc, 0xcc, 0xcc, 0xcc, 0xcc,
    0xcc, 0xcc, 0xcc, 0xcc, 0xcc, 0xcc, 0xcf, 0xff,
    0xe2, 0xf, 0xff, 0xe0, 0x0, 0x0, 0x0, 0x0,
    0x0, 0x0, 0x0, 0x0, 0x0, 0x0, 0x0, 0x0,
    0x0, 0x0, 0xff, 0xff, 0xf8, 0xff, 0xfe, 0x2,
    0xbb, 0xbb, 0xbb, 0xbb, 0xbb, 0xbb, 0xbb, 0xbb,
    0xbb, 0xb2, 0x0, 0x0, 0x0, 0xf, 0xff, 0xff,
    0xcf, 0xff, 0xe0, 0x3f, 0xff, 0xff, 0xff, 0xff,
    0xff, 0xff, 0xff, 0xff, 0xff, 0x30, 0x0, 0x0,
    0x0, 0xff, 0xff, 0xfc, 0xff, 0xfe, 0x3, 0xff,
    0xff, 0xff, 0xff, 0xff, 0xff, 0xff, 0xff, 0xff,
    0xf3, 0x0, 0x0, 0x0, 0xa, 0xaf, 0xff, 0xcf,
    0xff, 0xe0, 0x3f, 0xff, 0xff, 0xff, 0xff, 0xff,
    0xff, 0xff, 0xff, 0xff, 0x30, 0x0, 0x0, 0x0,
    0x1, 0xff, 0xfc, 0xff, 0xfe, 0x3, 0xff, 0xff,
    0xff, 0xff, 0xff, 0xff, 0xff, 0xff, 0xff, 0xf3,
    0x0, 0x0, 0x0, 0x0, 0x1f, 0xff, 0xcf, 0xff,
    0xe0, 0x3f, 0xff, 0xff, 0xff, 0xff, 0xff, 0xff,
    0xff, 0xff, 0xff, 0x30, 0x0, 0x0, 0x0, 0x1,
    0xff, 0xfc, 0xff, 0xfe, 0x3, 0xff, 0xff, 0xff,
    0xff, 0xff, 0xff, 0xff, 0xff, 0xff, 0xf3, 0x0,
    0x0, 0x0, 0xb, 0xbf, 0xff, 0xcf, 0xff, 0xe0,
    0x3f, 0xff, 0xff, 0xff, 0xff, 0xff, 0xff, 0xff,
    0xff, 0xff, 0x30, 0x0, 0x0, 0x0, 0xff, 0xff,
    0xfc, 0xff, 0xfe, 0x0, 0x0, 0x0, 0x0, 0x0,
    0x0, 0x0, 0x0, 0x0, 0x0, 0x0, 0x0, 0x0,
    0x0, 0xf, 0xff, 0xff, 0xcf, 0xff, 0xe0, 0x0,
    0x0, 0x0, 0x0, 0x0, 0x0, 0x0, 0x0, 0x0,
    0x0, 0x0, 0x0, 0x0, 0x0, 0xff, 0xff, 0xf8,
    0xff, 0xff, 0xdd, 0xdd, 0xdd, 0xdd, 0xdd, 0xdd,
    0xdd, 0xdd, 0xdd, 0xdd, 0xdd, 0xdd, 0xdd, 0xdd,
    0xdf, 0xff, 0xe2, 0xe, 0xff, 0xff, 0xff, 0xff,
    0xff, 0xff, 0xff, 0xff, 0xff, 0xff, 0xff, 0xff,
    0xff, 0xff, 0xff, 0xff, 0xff, 0xfc, 0x0, 0x9f,
    0xff, 0xff, 0xff, 0xff, 0xff, 0xff, 0xff, 0xff,
    0xff, 0xff, 0xff, 0xff, 0xff, 0xff, 0xff, 0xff,
    0xff, 0x70, 0x0, 0xaf, 0xff, 0xff, 0xff, 0xff,
    0xff, 0xff, 0xff, 0xff, 0xff, 0xff, 0xff, 0xff,
    0xff, 0xff, 0xff, 0xff, 0x80, 0x0, 0x0, 0x0,
    0x0, 0x0, 0x0, 0x0, 0x0, 0x0, 0x0, 0x0,
    0x0, 0x0, 0x0, 0x0, 0x0, 0x0, 0x0, 0x0,
    0x0, 0x0,

    /* U+F242 "" */
    0x0, 0x1, 0x11, 0x11, 0x11, 0x11, 0x11, 0x11,
    0x11, 0x11, 0x11, 0x11, 0x11, 0x11, 0x11, 0x11,
    0x11, 0x0, 0x0, 0x1, 0xaf, 0xff, 0xff, 0xff,
    0xff, 0xff, 0xff, 0xff, 0xff, 0xff, 0xff, 0xff,
    0xff, 0xff, 0xff, 0xff, 0xff, 0x90, 0x0, 0xaf,
    0xff, 0xff, 0xff, 0xff, 0xff, 0xff, 0xff, 0xff,
    0xff, 0xff, 0xff, 0xff, 0xff, 0xff, 0xff, 0xff,
    0xff, 0x70, 0xf, 0xff, 0xff, 0xff, 0xff, 0xff,
    0xff, 0xff, 0xff, 0xff, 0xff, 0xff, 0xff, 0xff,
    0xff, 0xff, 0xff, 0xff, 0xfc, 0x0, 0xff, 0xff,
    0xcc, 0xcc, 0xcc, 0xcc, 0xcc, 0xcc, 0xcc, 0xcc,
    0xcc, 0xcc, 0xcc, 0xcc, 0xcc, 0xcc, 0xcf, 0xff,
    0xe2, 0xf, 0xff, 0xe0, 0x0, 0x0, 0x0, 0x0,
    0x0, 0x0, 0x0, 0x0, 0x0, 0x0, 0x0, 0x0,
    0x0, 0x0, 0xff, 0xff, 0xf8, 0xff, 0xfe, 0x0,
    0xbb, 0xbb, 0xbb, 0xbb, 0xbb, 0xbb, 0xb5, 0x0,
    0x0, 0x0, 0x0, 0x0, 0x0, 0xf, 0xff, 0xff,
    0xcf, 0xff, 0xe0, 0x1f, 0xff, 0xff, 0xff, 0xff,
    0xff, 0xff, 0x70, 0x0, 0x0, 0x0, 0x0, 0x0,
    0x0, 0xff, 0xff, 0xfc, 0xff, 0xfe, 0x1, 0xff,
    0xff, 0xff, 0xff, 0xff, 0xff, 0xf7, 0x0, 0x0,
    0x0, 0x0, 0x0, 0x0, 0xa, 0xaf, 0xff, 0xcf,
    0xff, 0xe0, 0x1f, 0xff, 0xff, 0xff, 0xff, 0xff,
    0xff, 0x70, 0x0, 0x0, 0x0, 0x0, 0x0, 0x0,
    0x1, 0xff, 0xfc, 0xff, 0xfe, 0x1, 0xff, 0xff,
    0xff, 0xff, 0xff, 0xff, 0xf7, 0x0, 0x0, 0x0,
    0x0, 0x0, 0x0, 0x0, 0x1f, 0xff, 0xcf, 0xff,
    0xe0, 0x1f, 0xff, 0xff, 0xff, 0xff, 0xff, 0xff,
    0x70, 0x0, 0x0, 0x0, 0x0, 0x0, 0x0, 0x1,
    0xff, 0xfc, 0xff, 0xfe, 0x1, 0xff, 0xff, 0xff,
    0xff, 0xff, 0xff, 0xf7, 0x0, 0x0, 0x0, 0x0,
    0x0, 0x0, 0xb, 0xbf, 0xff, 0xcf, 0xff, 0xe0,
    0x1f, 0xff, 0xff, 0xff, 0xff, 0xff, 0xff, 0x70,
    0x0, 0x0, 0x0, 0x0, 0x0, 0x0, 0xff, 0xff,
    0xfc, 0xff, 0xfe, 0x0, 0x0, 0x0, 0x0, 0x0,
    0x0, 0x0, 0x0, 0x0, 0x0, 0x0, 0x0, 0x0,
    0x0, 0xf, 0xff, 0xff, 0xcf, 0xff, 0xe0, 0x0,
    0x0, 0x0, 0x0, 0x0, 0x0, 0x0, 0x0, 0x0,
    0x0, 0x0, 0x0, 0x0, 0x0, 0xff, 0xff, 0xf8,
    0xff, 0xff, 0xdd, 0xdd, 0xdd, 0xdd, 0xdd, 0xdd,
    0xdd, 0xdd, 0xdd, 0xdd, 0xdd, 0xdd, 0xdd, 0xdd,
    0xdf, 0xff, 0xe2, 0xe, 0xff, 0xff, 0xff, 0xff,
    0xff, 0xff, 0xff, 0xff, 0xff, 0xff, 0xff, 0xff,
    0xff, 0xff, 0xff, 0xff, 0xff, 0xfc, 0x0, 0x9f,
    0xff, 0xff, 0xff, 0xff, 0xff, 0xff, 0xff, 0xff,
    0xff, 0xff, 0xff, 0xff, 0xff, 0xff, 0xff, 0xff,
    0xff, 0x70, 0x0, 0xaf, 0xff, 0xff, 0xff, 0xff,
    0xff, 0xff, 0xff, 0xff, 0xff, 0xff, 0xff, 0xff,
    0xff, 0xff, 0xff, 0xff, 0x80, 0x0, 0x0, 0x0,
    0x0, 0x0, 0x0, 0x0, 0x0, 0x0, 0x0, 0x0,
    0x0, 0x0, 0x0, 0x0, 0x0, 0x0, 0x0, 0x0,
    0x0, 0x0,

    /* U+F243 "" */
    0x0, 0x1, 0x11, 0x11, 0x11, 0x11, 0x11, 0x11,
    0x11, 0x11, 0x11, 0x11, 0x11, 0x11, 0x11, 0x11,
    0x11, 0x0, 0x0, 0x1, 0xaf, 0xff, 0xff, 0xff,
    0xff, 0xff, 0xff, 0xff, 0xff, 0xff, 0xff, 0xff,
    0xff, 0xff, 0xff, 0xff, 0xff, 0x90, 0x0, 0xaf,
    0xff, 0xff, 0xff, 0xff, 0xff, 0xff, 0xff, 0xff,
    0xff, 0xff, 0xff, 0xff, 0xff, 0xff, 0xff, 0xff,
    0xff, 0x70, 0xf, 0xff, 0xff, 0xff, 0xff, 0xff,
    0xff, 0xff, 0xff, 0xff, 0xff, 0xff, 0xff, 0xff,
    0xff, 0xff, 0xff, 0xff, 0xfc, 0x0, 0xff, 0xff,
    0xcc, 0xcc, 0xcc, 0xcc, 0xcc, 0xcc, 0xcc, 0xcc,
    0xcc, 0xcc, 0xcc, 0xcc, 0xcc, 0xcc, 0xcf, 0xff,
    0xe2, 0xf, 0xff, 0xe0, 0x0, 0x0, 0x0, 0x0,
    0x0, 0x0, 0x0, 0x0, 0x0, 0x0, 0x0, 0x0,
    0x0, 0x0, 0xff, 0xff, 0xf8, 0xff, 0xfe, 0x0,
    0xbb, 0xbb, 0xbb, 0xb7, 0x0, 0x0, 0x0, 0x0,
    0x0, 0x0, 0x0, 0x0, 0x0, 0xf, 0xff, 0xff,
    0xcf, 0xff, 0xe0, 0x1f, 0xff, 0xff, 0xff, 0xa0,
    0x0, 0x0, 0x0, 0x0, 0x0, 0x0, 0x0, 0x0,
    0x0, 0xff, 0xff, 0xfc, 0xff, 0xfe, 0x1, 0xff,
    0xff, 0xff, 0xfa, 0x0, 0x0, 0x0, 0x0, 0x0,
    0x0, 0x0, 0x0, 0x0, 0xa, 0xaf, 0xff, 0xcf,
    0xff, 0xe0, 0x1f, 0xff, 0xff, 0xff, 0xa0, 0x0,
    0x0, 0x0, 0x0, 0x0, 0x0, 0x0, 0x0, 0x0,
    0x1, 0xff, 0xfc, 0xff, 0xfe, 0x1, 0xff, 0xff,
    0xff, 0xfa, 0x0, 0x0, 0x0, 0x0, 0x0, 0x0,
    0x0, 0x0, 0x0, 0x0, 0x1f, 0xff, 0xcf, 0xff,
    0xe0, 0x1f, 0xff, 0xff, 0xff, 0xa0, 0x0, 0x0,
    0x0, 0x0, 0x0, 0x0, 0x0, 0x0, 0x0, 0x1,
    0xff, 0xfc, 0xff, 0xfe, 0x1, 0xff, 0xff, 0xff,
    0xfa, 0x0, 0x0, 0x0, 0x0, 0x0, 0x0, 0x0,
    0x0, 0x0, 0xb, 0xbf, 0xff, 0xcf, 0xff, 0xe0,
    0x1f, 0xff, 0xff, 0xff, 0xa0, 0x0, 0x0, 0x0,
    0x0, 0x0, 0x0, 0x0, 0x0, 0x0, 0xff, 0xff,
    0xfc, 0xff, 0xfe, 0x0, 0x0, 0x0, 0x0, 0x0,
    0x0, 0x0, 0x0, 0x0, 0x0, 0x0, 0x0, 0x0,
    0x0, 0xf, 0xff, 0xff, 0xcf, 0xff, 0xe0, 0x0,
    0x0, 0x0, 0x0, 0x0, 0x0, 0x0, 0x0, 0x0,
    0x0, 0x0, 0x0, 0x0, 0x0, 0xff, 0xff, 0xf8,
    0xff, 0xff, 0xdd, 0xdd, 0xdd, 0xdd, 0xdd, 0xdd,
    0xdd, 0xdd, 0xdd, 0xdd, 0xdd, 0xdd, 0xdd, 0xdd,
    0xdf, 0xff, 0xe2, 0xe, 0xff, 0xff, 0xff, 0xff,
    0xff, 0xff, 0xff, 0xff, 0xff, 0xff, 0xff, 0xff,
    0xff, 0xff, 0xff, 0xff, 0xff, 0xfc, 0x0, 0x9f,
    0xff, 0xff, 0xff, 0xff, 0xff, 0xff, 0xff, 0xff,
    0xff, 0xff, 0xff, 0xff, 0xff, 0xff, 0xff, 0xff,
    0xff, 0x70, 0x0, 0xaf, 0xff, 0xff, 0xff, 0xff,
    0xff, 0xff, 0xff, 0xff, 0xff, 0xff, 0xff, 0xff,
    0xff, 0xff, 0xff, 0xff, 0x80, 0x0, 0x0, 0x0,
    0x0, 0x0, 0x0, 0x0, 0x0, 0x0, 0x0, 0x0,
    0x0, 0x0, 0x0, 0x0, 0x0, 0x0, 0x0, 0x0,
    0x0, 0x0,

    /* U+F244 "" */
    0x0, 0x1, 0x11, 0x11, 0x11, 0x11, 0x11, 0x11,
    0x11, 0x11, 0x11, 0x11, 0x11, 0x11, 0x11, 0x11,
    0x11, 0x0, 0x0, 0x1, 0xaf, 0xff, 0xff, 0xff,
    0xff, 0xff, 0xff, 0xff, 0xff, 0xff, 0xff, 0xff,
    0xff, 0xff, 0xff, 0xff, 0xff, 0x90, 0x0, 0xaf,
    0xff, 0xff, 0xff, 0xff, 0xff, 0xff, 0xff, 0xff,
    0xff, 0xff, 0xff, 0xff, 0xff, 0xff, 0xff, 0xff,
    0xff, 0x70, 0xf, 0xff, 0xff, 0xff, 0xff, 0xff,
    0xff, 0xff, 0xff, 0xff, 0xff, 0xff, 0xff, 0xff,
    0xff, 0xff, 0xff, 0xff, 0xfc, 0x0, 0xff, 0xff,
    0xcc, 0xcc, 0xcc, 0xcc, 0xcc, 0xcc, 0xcc, 0xcc,
    0xcc, 0xcc, 0xcc, 0xcc, 0xcc, 0xcc, 0xcf, 0xff,
    0xe2, 0xf, 0xff, 0xe0, 0x0, 0x0, 0x0, 0x0,
    0x0, 0x0, 0x0, 0x0, 0x0, 0x0, 0x0, 0x0,
    0x0, 0x0, 0xff, 0xff, 0xf8, 0xff, 0xfe, 0x0,
    0x0, 0x0, 0x0, 0x0, 0x0, 0x0, 0x0, 0x0,
    0x0, 0x0, 0x0, 0x0, 0x0, 0xf, 0xff, 0xff,
    0xcf, 0xff, 0xe0, 0x0, 0x0, 0x0, 0x0, 0x0,
    0x0, 0x0, 0x0, 0x0, 0x0, 0x0, 0x0, 0x0,
    0x0, 0xff, 0xff, 0xfc, 0xff, 0xfe, 0x0, 0x0,
    0x0, 0x0, 0x0, 0x0, 0x0, 0x0, 0x0, 0x0,
    0x0, 0x0, 0x0, 0x0, 0xa, 0xaf, 0xff, 0xcf,
    0xff, 0xe0, 0x0, 0x0, 0x0, 0x0, 0x0, 0x0,
    0x0, 0x0, 0x0, 0x0, 0x0, 0x0, 0x0, 0x0,
    0x1, 0xff, 0xfc, 0xff, 0xfe, 0x0, 0x0, 0x0,
    0x0, 0x0, 0x0, 0x0, 0x0, 0x0, 0x0, 0x0,
    0x0, 0x0, 0x0, 0x0, 0x1f, 0xff, 0xcf, 0xff,
    0xe0, 0x0, 0x0, 0x0, 0x0, 0x0, 0x0, 0x0,
    0x0, 0x0, 0x0, 0x0, 0x0, 0x0, 0x0, 0x1,
    0xff, 0xfc, 0xff, 0xfe, 0x0, 0x0, 0x0, 0x0,
    0x0, 0x0, 0x0, 0x0, 0x0, 0x0, 0x0, 0x0,
    0x0, 0x0, 0xb, 0xbf, 0xff, 0xcf, 0xff, 0xe0,
    0x0, 0x0, 0x0, 0x0, 0x0, 0x0, 0x0, 0x0,
    0x0, 0x0, 0x0, 0x0, 0x0, 0x0, 0xff, 0xff,
    0xfc, 0xff, 0xfe, 0x0, 0x0, 0x0, 0x0, 0x0,
    0x0, 0x0, 0x0, 0x0, 0x0, 0x0, 0x0, 0x0,
    0x0, 0xf, 0xff, 0xff, 0xcf, 0xff, 0xe0, 0x0,
    0x0, 0x0, 0x0, 0x0, 0x0, 0x0, 0x0, 0x0,
    0x0, 0x0, 0x0, 0x0, 0x0, 0xff, 0xff, 0xf8,
    0xff, 0xff, 0xdd, 0xdd, 0xdd, 0xdd, 0xdd, 0xdd,
    0xdd, 0xdd, 0xdd, 0xdd, 0xdd, 0xdd, 0xdd, 0xdd,
    0xdf, 0xff, 0xe2, 0xe, 0xff, 0xff, 0xff, 0xff,
    0xff, 0xff, 0xff, 0xff, 0xff, 0xff, 0xff, 0xff,
    0xff, 0xff, 0xff, 0xff, 0xff, 0xfc, 0x0, 0x9f,
    0xff, 0xff, 0xff, 0xff, 0xff, 0xff, 0xff, 0xff,
    0xff, 0xff, 0xff, 0xff, 0xff, 0xff, 0xff, 0xff,
    0xff, 0x70, 0x0, 0xaf, 0xff, 0xff, 0xff, 0xff,
    0xff, 0xff, 0xff, 0xff, 0xff, 0xff, 0xff, 0xff,
    0xff, 0xff, 0xff, 0xff, 0x80, 0x0, 0x0, 0x0,
    0x0, 0x0, 0x0, 0x0, 0x0, 0x0, 0x0, 0x0,
    0x0, 0x0, 0x0, 0x0, 0x0, 0x0, 0x0, 0x0,
    0x0, 0x0,

    /* U+F287 "" */
    0x0, 0x0, 0x0, 0x0, 0x0, 0x0, 0x0, 0x0,
    0x0, 0x0, 0x3, 0x75, 0x0, 0x0, 0x0, 0x0,
    0x0, 0x0, 0x0, 0x0, 0x0, 0x0, 0x0, 0x0,
    0x0, 0x0, 0x0, 0x0, 0x0, 0x9, 0xff, 0xfc,
    0x0, 0x0, 0x0, 0x0, 0x0, 0x0, 0x0, 0x0,
    0x0, 0x0, 0x0, 0x0, 0x0, 0x0, 0x0, 0x14,
    0x57, 0xff, 0xff, 0xf9, 0x0, 0x0, 0x0, 0x0,
    0x0, 0x0, 0x0, 0x0, 0x0, 0x0, 0x0, 0x0,
    0x0, 0x0, 0x6f, 0xff, 0xff, 0xff, 0xff, 0xe0,
    0x0, 0x0, 0x0, 0x0, 0x0, 0x0, 0x0, 0x0,
    0x0, 0x0, 0x0, 0x0, 0x0, 0x5f, 0xff, 0xde,
    0xff, 0xff, 0xfc, 0x0, 0x0, 0x0, 0x0, 0x0,
    0x0, 0x0, 0x0, 0x0, 0x0, 0x0, 0x0, 0x0,
    0xe, 0xfa, 0x0, 0x1e, 0xff, 0xff, 0x50, 0x0,
    0x0, 0x0, 0x0, 0x0, 0x0, 0x0, 0x0, 0x0,
    0x0, 0x0, 0x0, 0x7, 0xfe, 0x0, 0x0, 0x2b,
    0xfd, 0x50, 0x0, 0x0, 0x0, 0x0, 0x0, 0x0,
    0x0, 0x0, 0x1, 0x0, 0x0, 0x0, 0x0, 0xef,
    0x60, 0x0, 0x0, 0x0, 0x0, 0x0, 0x0, 0x0,
    0x0, 0x0, 0x0, 0x0, 0x2, 0xbf, 0xfe, 0x70,
    0x0, 0x0, 0x7f, 0xe0, 0x0, 0x0, 0x0, 0x0,
    0x0, 0x0, 0x0, 0x0, 0x55, 0x0, 0x0, 0x1,
    0xef, 0xff, 0xff, 0xa0, 0x0, 0xe, 0xf7, 0x0,
    0x0, 0x0, 0x0, 0x0, 0x0, 0x0, 0x0, 0xa,
    0xfb, 0x20, 0x0, 0xaf, 0xff, 0xff, 0xff, 0x30,
    0xa, 0xfd, 0x0, 0x0, 0x0, 0x0, 0x0, 0x0,
    0x0, 0x0, 0x0, 0xaf, 0xff, 0x80, 0xe, 0xff,
    0xff, 0xff, 0xff, 0xef, 0xff, 0xff, 0xff, 0xff,
    0xff, 0xff, 0xff, 0xff, 0xff, 0xff, 0xff, 0xff,
    0xff, 0xd4, 0xff, 0xff, 0xff, 0xff, 0xff, 0xff,
    0xff, 0xff, 0xff, 0xff, 0xff, 0xff, 0xff, 0xff,
    0xff, 0xff, 0xff, 0xff, 0xff, 0x9c, 0xff, 0xff,
    0xff, 0xf7, 0x44, 0x44, 0x44, 0xbf, 0xf5, 0x44,
    0x44, 0x44, 0x44, 0x44, 0x44, 0x4c, 0xff, 0xfd,
    0x40, 0x4f, 0xff, 0xff, 0xfd, 0x0, 0x0, 0x0,
    0x0, 0xdf, 0x80, 0x0, 0x0, 0x0, 0x0, 0x0,
    0x0, 0xaf, 0xf7, 0x0, 0x0, 0x6f, 0xff, 0xfc,
    0x10, 0x0, 0x0, 0x0, 0x5, 0xff, 0x0, 0x0,
    0x0, 0x0, 0x0, 0x0, 0x8, 0xa1, 0x0, 0x0,
    0x0, 0x15, 0x63, 0x0, 0x0, 0x0, 0x0, 0x0,
    0xd, 0xf6, 0x0, 0x0, 0x0, 0x0, 0x0, 0x0,
    0x0, 0x0, 0x0, 0x0, 0x0, 0x0, 0x0, 0x0,
    0x0, 0x0, 0x0, 0x0, 0x7f, 0xe0, 0x0, 0x3,
    0x33, 0x33, 0x30, 0x0, 0x0, 0x0, 0x0, 0x0,
    0x0, 0x0, 0x0, 0x0, 0x0, 0x0, 0x0, 0x0,
    0xff, 0x60, 0x3, 0xff, 0xff, 0xff, 0x30, 0x0,
    0x0, 0x0, 0x0, 0x0, 0x0, 0x0, 0x0, 0x0,
    0x0, 0x0, 0x0, 0x7, 0xff, 0x40, 0x4f, 0xff,
    0xff, 0xf3, 0x0, 0x0, 0x0, 0x0, 0x0, 0x0,
    0x0, 0x0, 0x0, 0x0, 0x0, 0x0, 0x0, 0xb,
    0xff, 0xff, 0xff, 0xff, 0xff, 0x30, 0x0, 0x0,
    0x0, 0x0, 0x0, 0x0, 0x0, 0x0, 0x0, 0x0,
    0x0, 0x0, 0x0, 0x9, 0xff, 0xff, 0xff, 0xff,
    0xf3, 0x0, 0x0, 0x0, 0x0, 0x0, 0x0, 0x0,
    0x0, 0x0, 0x0, 0x0, 0x0, 0x0, 0x0, 0x0,
    0x4, 0xff, 0xff, 0xff, 0x30, 0x0, 0x0, 0x0,
    0x0, 0x0, 0x0, 0x0, 0x0, 0x0, 0x0, 0x0,
    0x0, 0x0, 0x0, 0x0, 0x4f, 0xff, 0xff, 0xf3,
    0x0, 0x0, 0x0, 0x0, 0x0, 0x0, 0x0, 0x0,
    0x0, 0x0, 0x0, 0x0, 0x0, 0x0, 0x0, 0x0,
    0x34, 0x44, 0x43, 0x0, 0x0, 0x0, 0x0, 0x0,

    /* U+F293 "" */
    0x0, 0x0, 0x0, 0x0, 0x0, 0x0, 0x11, 0x0,
    0x0, 0x0, 0x0, 0x0, 0x0, 0x0, 0x0, 0x0,
    0x27, 0xbf, 0xff, 0xff, 0xea, 0x60, 0x0, 0x0,
    0x0, 0x0, 0x0, 0x1, 0x9f, 0xff, 0xff, 0xff,
    0xff, 0xff, 0xe5, 0x0, 0x0, 0x0, 0x0, 0x2,
    0xdf, 0xff, 0xff, 0xdb, 0xff, 0xff, 0xff, 0xf7,
    0x0, 0x0, 0x0, 0x1, 0xef, 0xff, 0xff, 0xfd,
    0xc, 0xff, 0xff, 0xff, 0xf6, 0x0, 0x0, 0x0,
    0xcf, 0xff, 0xff, 0xff, 0xd0, 0x1d, 0xff, 0xff,
    0xff, 0xf1, 0x0, 0x0, 0x4f, 0xff, 0xff, 0xff,
    0xfd, 0x0, 0x1d, 0xff, 0xff, 0xff, 0x90, 0x0,
    0xb, 0xff, 0xff, 0xff, 0xff, 0xd0, 0x0, 0x2e,
    0xff, 0xff, 0xfe, 0x0, 0x1, 0xff, 0xff, 0xff,
    0xff, 0xfd, 0x0, 0x10, 0x2f, 0xff, 0xff, 0xf4,
    0x0, 0x5f, 0xff, 0xff, 0x9f, 0xff, 0xd0, 0xc,
    0x10, 0x3f, 0xff, 0xff, 0x80, 0x8, 0xff, 0xff,
    0x30, 0x7f, 0xfd, 0x0, 0xed, 0x10, 0x4f, 0xff,
    0xfb, 0x0, 0xbf, 0xff, 0xf4, 0x0, 0x7f, 0xd0,
    0xe, 0xf6, 0x0, 0xdf, 0xff, 0xd0, 0xd, 0xff,
    0xff, 0xf4, 0x0, 0x7d, 0x0, 0xe7, 0x0, 0xbf,
    0xff, 0xff, 0x0, 0xef, 0xff, 0xff, 0xf4, 0x0,
    0x40, 0x5, 0x0, 0xaf, 0xff, 0xff, 0xf1, 0xf,
    0xff, 0xff, 0xff, 0xf4, 0x0, 0x0, 0x0, 0x8f,
    0xff, 0xff, 0xff, 0x20, 0xff, 0xff, 0xff, 0xff,
    0xf4, 0x0, 0x0, 0x6f, 0xff, 0xff, 0xff, 0xf2,
    0xf, 0xff, 0xff, 0xff, 0xff, 0xf2, 0x0, 0x2f,
    0xff, 0xff, 0xff, 0xff, 0x20, 0xff, 0xff, 0xff,
    0xff, 0xf7, 0x0, 0x0, 0x8f, 0xff, 0xff, 0xff,
    0xf2, 0xf, 0xff, 0xff, 0xff, 0xf7, 0x0, 0x0,
    0x0, 0x9f, 0xff, 0xff, 0xff, 0x20, 0xff, 0xff,
    0xff, 0xf7, 0x0, 0x20, 0x3, 0x0, 0xaf, 0xff,
    0xff, 0xf1, 0xd, 0xff, 0xff, 0xf6, 0x0, 0x4d,
    0x0, 0xd4, 0x0, 0xaf, 0xff, 0xff, 0x0, 0xbf,
    0xff, 0xf6, 0x0, 0x4f, 0xd0, 0xe, 0xf4, 0x0,
    0xbf, 0xff, 0xe0, 0x9, 0xff, 0xfe, 0x20, 0x5f,
    0xfe, 0x0, 0xee, 0x30, 0x1d, 0xff, 0xfc, 0x0,
    0x5f, 0xff, 0xfe, 0x7f, 0xff, 0xe0, 0xd, 0x30,
    0x1d, 0xff, 0xff, 0x80, 0x1, 0xff, 0xff, 0xff,
    0xff, 0xfe, 0x0, 0x20, 0x1d, 0xff, 0xff, 0xf5,
    0x0, 0xb, 0xff, 0xff, 0xff, 0xff, 0xe0, 0x0,
    0x1d, 0xff, 0xff, 0xff, 0x0, 0x0, 0x4f, 0xff,
    0xff, 0xff, 0xfe, 0x0, 0x1c, 0xff, 0xff, 0xff,
    0x90, 0x0, 0x0, 0xbf, 0xff, 0xff, 0xff, 0xe0,
    0x1c, 0xff, 0xff, 0xff, 0xf1, 0x0, 0x0, 0x1,
    0xdf, 0xff, 0xff, 0xff, 0x1c, 0xff, 0xff, 0xff,
    0xf6, 0x0, 0x0, 0x0, 0x1, 0xbf, 0xff, 0xff,
    0xfc, 0xff, 0xff, 0xff, 0xf9, 0x0, 0x0, 0x0,
    0x0, 0x0, 0x6e, 0xff, 0xff, 0xff, 0xff, 0xff,
    0xd5, 0x0, 0x0, 0x0, 0x0, 0x0, 0x0, 0x4,
    0x8b, 0xcd, 0xdc, 0xb8, 0x40, 0x0, 0x0, 0x0,

    /* U+F2ED "" */
    0x0, 0x0, 0x0, 0x0, 0x1c, 0xff, 0xff, 0xff,
    0xfd, 0x20, 0x0, 0x0, 0x0, 0x0, 0x0, 0x0,
    0x0, 0x0, 0x9f, 0xff, 0xff, 0xff, 0xff, 0xa0,
    0x0, 0x0, 0x0, 0x0, 0xdf, 0xff, 0xff, 0xff,
    0xff, 0xff, 0xff, 0xff, 0xff, 0xff, 0xff, 0xff,
    0xff, 0xe0, 0xff, 0xff, 0xff, 0xff, 0xff, 0xff,
    0xff, 0xff, 0xff, 0xff, 0xff, 0xff, 0xff, 0xf2,
    0xff, 0xff, 0xff, 0xff, 0xff, 0xff, 0xff, 0xff,
    0xff, 0xff, 0xff, 0xff, 0xff, 0xf1, 0xad, 0xdd,
    0xdd, 0xdd, 0xdd, 0xdd, 0xdd, 0xdd, 0xdd, 0xdd,
    0xdd, 0xdd, 0xdd, 0xb0, 0x0, 0x0, 0x0, 0x0,
    0x0, 0x0, 0x0, 0x0, 0x0, 0x0, 0x0, 0x0,
    0x0, 0x0, 0x0, 0x22, 0x22, 0x22, 0x22, 0x22,
    0x22, 0x22, 0x22, 0x22, 0x22, 0x22, 0x20, 0x0,
    0x1, 0xff, 0xff, 0xff, 0xff, 0xff, 0xff, 0xff,
    0xff, 0xff, 0xff, 0xff, 0xf3, 0x0, 0x1, 0xff,
    0xff, 0xff, 0xff, 0xff, 0xff, 0xff, 0xff, 0xff,
    0xff, 0xff, 0xf3, 0x0, 0x1, 0xff, 0xff, 0xff,
    0xff, 0xff, 0xff, 0xff, 0xff, 0xff, 0xff, 0xff,
    0xf3, 0x0, 0x1, 0xff, 0xff, 0xfc, 0xff, 0xff,
    0xfc, 0xff, 0xff, 0xfc, 0xff, 0xff, 0xf3, 0x0,
    0x1, 0xff, 0xff, 0xd0, 0x5f, 0xff, 0xa0, 0x8f,
    0xff, 0x70, 0xbf, 0xff, 0xf3, 0x0, 0x1, 0xff,
    0xff, 0xc0, 0x4f, 0xff, 0x90, 0x7f, 0xff, 0x60,
    0xaf, 0xff, 0xf3, 0x0, 0x1, 0xff, 0xff, 0xc0,
    0x4f, 0xff, 0x90, 0x7f, 0xff, 0x60, 0xaf, 0xff,
    0xf3, 0x0, 0x1, 0xff, 0xff, 0xc0, 0x4f, 0xff,
    0x90, 0x7f, 0xff, 0x60, 0xaf, 0xff, 0xf3, 0x0,
    0x1, 0xff, 0xff, 0xc0, 0x4f, 0xff, 0x90, 0x7f,
    0xff, 0x60, 0xaf, 0xff, 0xf3, 0x0, 0x1, 0xff,
    0xff, 0xc0, 0x4f, 0xff, 0x90, 0x7f, 0xff, 0x60,
    0xaf, 0xff, 0xf3, 0x0, 0x1, 0xff, 0xff, 0xc0,
    0x4f, 0xff, 0x90, 0x7f, 0xff, 0x60, 0xaf, 0xff,
    0xf3, 0x0, 0x1, 0xff, 0xff, 0xc0, 0x4f, 0xff,
    0x90, 0x7f, 0xff, 0x60, 0xaf, 0xff, 0xf3, 0x0,
    0x1, 0xff, 0xff, 0xc0, 0x4f, 0xff, 0x90, 0x7f,
    0xff, 0x60, 0xaf, 0xff, 0xf3, 0x0, 0x1, 0xff,
    0xff, 0xc0, 0x4f, 0xff, 0x90, 0x7f, 0xff, 0x60,
    0xaf, 0xff, 0xf3, 0x0, 0x1, 0xff, 0xff, 0xc0,
    0x4f, 0xff, 0x90, 0x7f, 0xff, 0x60, 0xaf, 0xff,
    0xf3, 0x0, 0x1, 0xff, 0xff, 0xc0, 0x4f, 0xff,
    0x90, 0x7f, 0xff, 0x60, 0xaf, 0xff, 0xf3, 0x0,
    0x1, 0xff, 0xff, 0xc0, 0x4f, 0xff, 0x90, 0x7f,
    0xff, 0x60, 0xaf, 0xff, 0xf3, 0x0, 0x1, 0xff,
    0xff, 0xc0, 0x4f, 0xff, 0x90, 0x7f, 0xff, 0x60,
    0xaf, 0xff, 0xf3, 0x0, 0x1, 0xff, 0xff, 0xe1,
    0x7f, 0xff, 0xc0, 0xaf, 0xff, 0x90, 0xdf, 0xff,
    0xf3, 0x0, 0x1, 0xff, 0xff, 0xff, 0xff, 0xff,
    0xff, 0xff, 0xff, 0xff, 0xff, 0xff, 0xf3, 0x0,
    0x0, 0xff, 0xff, 0xff, 0xff, 0xff, 0xff, 0xff,
    0xff, 0xff, 0xff, 0xff, 0xf1, 0x0, 0x0, 0x9f,
    0xff, 0xff, 0xff, 0xff, 0xff, 0xff, 0xff, 0xff,
    0xff, 0xff, 0xb0, 0x0, 0x0, 0x8, 0xce, 0xee,
    0xee, 0xee, 0xee, 0xee, 0xee, 0xee, 0xee, 0xd9,
    0x0, 0x0,

    /* U+F304 "" */
    0x0, 0x0, 0x0, 0x0, 0x0, 0x0, 0x0, 0x0,
    0x0, 0x0, 0x0, 0x0, 0x1, 0x0, 0x0, 0x0,
    0x0, 0x0, 0x0, 0x0, 0x0, 0x0, 0x0, 0x0,
    0x0, 0x0, 0x0, 0x5, 0xef, 0xe4, 0x0, 0x0,
    0x0, 0x0, 0x0, 0x0, 0x0, 0x0, 0x0, 0x0,
    0x0, 0x0, 0x0, 0x6f, 0xff, 0xff, 0x50, 0x0,
    0x0, 0x0, 0x0, 0x0, 0x0, 0x0, 0x0, 0x0,
    0x0, 0x0, 0x6, 0xff, 0xff, 0xff, 0xf5, 0x0,
    0x0, 0x0, 0x0, 0x0, 0x0, 0x0, 0x0, 0x0,
    0x0, 0x0, 0x6f, 0xff, 0xff, 0xff, 0xff, 0x50,
    0x0, 0x0, 0x0, 0x0, 0x0, 0x0, 0x0, 0x0,
    0x0, 0x0, 0xaf, 0xff, 0xff, 0xff, 0xff, 0xf3,
    0x0, 0x0, 0x0, 0x0, 0x0, 0x0, 0x0, 0x0,
    0x0, 0x30, 0xb, 0xff, 0xff, 0xff, 0xff, 0xfc,
    0x0, 0x0, 0x0, 0x0, 0x0, 0x0, 0x0, 0x0,
    0x6, 0xf9, 0x0, 0xbf, 0xff, 0xff, 0xff, 0xff,
    0x0, 0x0, 0x0, 0x0, 0x0, 0x0, 0x0, 0x0,
    0x6f, 0xff, 0x90, 0xb, 0xff, 0xff, 0xff, 0xfb,
    0x0, 0x0, 0x0, 0x0, 0x0, 0x0, 0x0, 0x6,
    0xff, 0xff, 0xf9, 0x0, 0xbf, 0xff, 0xff, 0xe2,
    0x0, 0x0, 0x0, 0x0, 0x0, 0x0, 0x0, 0x6f,
    0xff, 0xff, 0xff, 0x90, 0xb, 0xff, 0xfe, 0x30,
    0x0, 0x0, 0x0, 0x0, 0x0, 0x0, 0x6, 0xff,
    0xff, 0xff, 0xff, 0xf9, 0x0, 0xbf, 0xe3, 0x0,
    0x0, 0x0, 0x0, 0x0, 0x0, 0x0, 0x6f, 0xff,
    0xff, 0xff, 0xff, 0xff, 0x90, 0xa, 0x30, 0x0,
    0x0, 0x0, 0x0, 0x0, 0x0, 0x6, 0xff, 0xff,
    0xff, 0xff, 0xff, 0xff, 0xf9, 0x0, 0x0, 0x0,
    0x0, 0x0, 0x0, 0x0, 0x0, 0x6f, 0xff, 0xff,
    0xff, 0xff, 0xff, 0xff, 0xfe, 0x20, 0x0, 0x0,
    0x0, 0x0, 0x0, 0x0, 0x6, 0xff, 0xff, 0xff,
    0xff, 0xff, 0xff, 0xff, 0xe3, 0x0, 0x0, 0x0,
    0x0, 0x0, 0x0, 0x0, 0x6f, 0xff, 0xff, 0xff,
    0xff, 0xff, 0xff, 0xfe, 0x30, 0x0, 0x0, 0x0,
    0x0, 0x0, 0x0, 0x6, 0xff, 0xff, 0xff, 0xff,
    0xff, 0xff, 0xff, 0xe3, 0x0, 0x0, 0x0, 0x0,
    0x0, 0x0, 0x0, 0x6f, 0xff, 0xff, 0xff, 0xff,
    0xff, 0xff, 0xfe, 0x30, 0x0, 0x0, 0x0, 0x0,
    0x0, 0x0, 0x6, 0xff, 0xff, 0xff, 0xff, 0xff,
    0xff, 0xff, 0xe3, 0x0, 0x0, 0x0, 0x0, 0x0,
    0x0, 0x0, 0x6f, 0xff, 0xff, 0xff, 0xff, 0xff,
    0xff, 0xfe, 0x30, 0x0, 0x0, 0x0, 0x0, 0x0,
    0x0, 0x6, 0xff, 0xff, 0xff, 0xff, 0xff, 0xff,
    0xff, 0xe3, 0x0, 0x0, 0x0, 0x0, 0x0, 0x0,
    0x0, 0x6f, 0xff, 0xff, 0xff, 0xff, 0xff, 0xff,
    0xfe, 0x30, 0x0, 0x0, 0x0, 0x0, 0x0, 0x0,
    0x3, 0xff, 0xff, 0xff, 0xff, 0xff, 0xff, 0xff,
    0xe3, 0x0, 0x0, 0x0, 0x0, 0x0, 0x0, 0x0,
    0x5, 0xff, 0xff, 0xff, 0xff, 0xff, 0xff, 0xfe,
    0x30, 0x0, 0x0, 0x0, 0x0, 0x0, 0x0, 0x0,
    0x7, 0xff, 0xff, 0xff, 0xff, 0xff, 0xff, 0xe3,
    0x0, 0x0, 0x0, 0x0, 0x0, 0x0, 0x0, 0x0,
    0x9, 0xff, 0xff, 0xff, 0xff, 0xff, 0xfe, 0x30,
    0x0, 0x0, 0x0, 0x0, 0x0, 0x0, 0x0, 0x0,
    0xb, 0xff, 0xff, 0xff, 0xff, 0xff, 0xe3, 0x0,
    0x0, 0x0, 0x0, 0x0, 0x0, 0x0, 0x0, 0x0,
    0xc, 0xff, 0xff, 0xff, 0xff, 0xfe, 0x30, 0x0,
    0x0, 0x0, 0x0, 0x0, 0x0, 0x0, 0x0, 0x0,
    0xe, 0xff, 0xff, 0xff, 0xff, 0xe3, 0x0, 0x0,
    0x0, 0x0, 0x0, 0x0, 0x0, 0x0, 0x0, 0x0,
    0xf, 0xff, 0xff, 0xff, 0xfe, 0x30, 0x0, 0x0,
    0x0, 0x0, 0x0, 0x0, 0x0, 0x0, 0x0, 0x0,
    0x6, 0xdc, 0xa8, 0x75, 0x31, 0x0, 0x0, 0x0,
    0x0, 0x0, 0x0, 0x0, 0x0, 0x0, 0x0, 0x0,

    /* U+F55A "" */
    0x0, 0x0, 0x0, 0x0, 0x0, 0x1, 0x34, 0x44,
    0x44, 0x44, 0x44, 0x44, 0x44, 0x44, 0x44, 0x44,
    0x44, 0x32, 0x0, 0x0, 0x0, 0x0, 0x0, 0x0,
    0x1b, 0xff, 0xff, 0xff, 0xff, 0xff, 0xff, 0xff,
    0xff, 0xff, 0xff, 0xff, 0xff, 0xfe, 0x30, 0x0,
    0x0, 0x0, 0x0, 0x1d, 0xff, 0xff, 0xff, 0xff,
    0xff, 0xff, 0xff, 0xff, 0xff, 0xff, 0xff, 0xff,
    0xff, 0xff, 0x20, 0x0, 0x0, 0x0, 0x1d, 0xff,
    0xff, 0xff, 0xff, 0xff, 0xff, 0xff, 0xff, 0xff,
    0xff, 0xff, 0xff, 0xff, 0xff, 0xf9, 0x0, 0x0,
    0x0, 0x1d, 0xff, 0xff, 0xff, 0xff, 0xff, 0xff,
    0xff, 0xff, 0xff, 0xff, 0xff, 0xff, 0xff, 0xff,
    0xff, 0xb0, 0x0, 0x0, 0x1d, 0xff, 0xff, 0xff,
    0xff, 0xff, 0xfa, 0xdf, 0xff, 0xff, 0xff, 0xae,
    0xff, 0xff, 0xff, 0xff, 0xfc, 0x0, 0x0, 0x1d,
    0xff, 0xff, 0xff, 0xff, 0xff, 0xf8, 0x1, 0xdf,
    0xff, 0xff, 0x60, 0x2e, 0xff, 0xff, 0xff, 0xff,
    0xc0, 0x0, 0x1d, 0xff, 0xff, 0xff, 0xff, 0xff,
    0xf9, 0x0, 0x1, 0xdf, 0xff, 0x60, 0x0, 0x2f,
    0xff, 0xff, 0xff, 0xfc, 0x0, 0x1d, 0xff, 0xff,
    0xff, 0xff, 0xff, 0xff, 0xb0, 0x0, 0x1, 0xdf,
    0x60, 0x0, 0x3, 0xff, 0xff, 0xff, 0xff, 0xc0,
    0x1d, 0xff, 0xff, 0xff, 0xff, 0xff, 0xff, 0xff,
    0xa0, 0x0, 0x1, 0x50, 0x0, 0x3, 0xef, 0xff,
    0xff, 0xff, 0xfc, 0x1d, 0xff, 0xff, 0xff, 0xff,
    0xff, 0xff, 0xff, 0xff, 0xa0, 0x0, 0x0, 0x0,
    0x3, 0xff, 0xff, 0xff, 0xff, 0xff, 0xcb, 0xff,
    0xff, 0xff, 0xff, 0xff, 0xff, 0xff, 0xff, 0xff,
    0xa0, 0x0, 0x0, 0x3, 0xff, 0xff, 0xff, 0xff,
    0xff, 0xfc, 0xff, 0xff, 0xff, 0xff, 0xff, 0xff,
    0xff, 0xff, 0xff, 0xff, 0x40, 0x0, 0x0, 0xcf,
    0xff, 0xff, 0xff, 0xff, 0xff, 0xc9, 0xff, 0xff,
    0xff, 0xff, 0xff, 0xff, 0xff, 0xff, 0xff, 0x60,
    0x0, 0x0, 0x1, 0xdf, 0xff, 0xff, 0xff, 0xff,
    0xfc, 0xb, 0xff, 0xff, 0xff, 0xff, 0xff, 0xff,
    0xff, 0xff, 0x60, 0x0, 0x0, 0x0, 0x1, 0xdf,
    0xff, 0xff, 0xff, 0xff, 0xc0, 0xa, 0xff, 0xff,
    0xff, 0xff, 0xff, 0xff, 0xff, 0x60, 0x0, 0x3,
    0x90, 0x0, 0x1, 0xdf, 0xff, 0xff, 0xff, 0xfc,
    0x0, 0xa, 0xff, 0xff, 0xff, 0xff, 0xff, 0xff,
    0x80, 0x0, 0x3, 0xff, 0xa0, 0x0, 0x1, 0xff,
    0xff, 0xff, 0xff, 0xc0, 0x0, 0xa, 0xff, 0xff,
    0xff, 0xff, 0xff, 0xfc, 0x0, 0x3, 0xff, 0xff,
    0xa0, 0x0, 0x4f, 0xff, 0xff, 0xff, 0xfc, 0x0,
    0x0, 0xa, 0xff, 0xff, 0xff, 0xff, 0xff, 0xfb,
    0x3, 0xef, 0xff, 0xff, 0xa0, 0x4f, 0xff, 0xff,
    0xff, 0xff, 0xc0, 0x0, 0x0, 0xa, 0xff, 0xff,
    0xff, 0xff, 0xff, 0xfe, 0xff, 0xff, 0xff, 0xff,
    0xdf, 0xff, 0xff, 0xff, 0xff, 0xfc, 0x0, 0x0,
    0x0, 0xa, 0xff, 0xff, 0xff, 0xff, 0xff, 0xff,
    0xff, 0xff, 0xff, 0xff, 0xff, 0xff, 0xff, 0xff,
    0xff, 0xb0, 0x0, 0x0, 0x0, 0xa, 0xff, 0xff,
    0xff, 0xff, 0xff, 0xff, 0xff, 0xff, 0xff, 0xff,
    0xff, 0xff, 0xff, 0xff, 0xf7, 0x0, 0x0, 0x0,
    0x0, 0xa, 0xff, 0xff, 0xff, 0xff, 0xff, 0xff,
    0xff, 0xff, 0xff, 0xff, 0xff, 0xff, 0xff, 0xfd,
    0x10, 0x0, 0x0, 0x0, 0x0, 0x7, 0xdf, 0xff,
    0xff, 0xff, 0xff, 0xff, 0xff, 0xff, 0xff, 0xff,
    0xff, 0xff, 0xea, 0x10,

    /* U+F7C2 "" */
    0x0, 0x0, 0x0, 0x0, 0x0, 0x0, 0x0, 0x0,
    0x0, 0x0, 0x0, 0x0, 0x0, 0x0, 0x0, 0xb,
    0xff, 0xff, 0xff, 0xff, 0xff, 0xff, 0xc4, 0x0,
    0x0, 0x0, 0x0, 0xbf, 0xff, 0xff, 0xff, 0xff,
    0xff, 0xff, 0xff, 0x40, 0x0, 0x0, 0xb, 0xff,
    0xff, 0xff, 0xff, 0xff, 0xff, 0xff, 0xff, 0xd0,
    0x0, 0x0, 0xbf, 0xfd, 0xdd, 0xff, 0xdd, 0xdf,
    0xfd, 0xdf, 0xff, 0xf0, 0x0, 0xb, 0xff, 0xc0,
    0x1, 0xfd, 0x0, 0x4f, 0xb0, 0xc, 0xff, 0xf1,
    0x0, 0xbf, 0xff, 0xc0, 0x1, 0xfd, 0x0, 0x4f,
    0xb0, 0xc, 0xff, 0xf1, 0xb, 0xff, 0xff, 0xc0,
    0x1, 0xfd, 0x0, 0x4f, 0xb0, 0xc, 0xff, 0xf1,
    0xcf, 0xff, 0xff, 0xc0, 0x1, 0xfd, 0x0, 0x4f,
    0xb0, 0xc, 0xff, 0xf1, 0xff, 0xff, 0xff, 0xc0,
    0x1, 0xfd, 0x0, 0x4f, 0xb0, 0xc, 0xff, 0xf1,
    0xff, 0xff, 0xff, 0xd5, 0x56, 0xfe, 0x55, 0x8f,
    0xc5, 0x5d, 0xff, 0xf1, 0xff, 0xff, 0xff, 0xff,
    0xff, 0xff, 0xff, 0xff, 0xff, 0xff, 0xff, 0xf1,
    0xff, 0xff, 0xff, 0xff, 0xff, 0xff, 0xff, 0xff,
    0xff, 0xff, 0xff, 0xf1, 0xff, 0xff, 0xff, 0xff,
    0xff, 0xff, 0xff, 0xff, 0xff, 0xff, 0xff, 0xf1,
    0xff, 0xff, 0xff, 0xff, 0xff, 0xff, 0xff, 0xff,
    0xff, 0xff, 0xff, 0xf1, 0xff, 0xff, 0xff, 0xff,
    0xff, 0xff, 0xff, 0xff, 0xff, 0xff, 0xff, 0xf1,
    0xff, 0xff, 0xff, 0xff, 0xff, 0xff, 0xff, 0xff,
    0xff, 0xff, 0xff, 0xf1, 0xff, 0xff, 0xff, 0xff,
    0xff, 0xff, 0xff, 0xff, 0xff, 0xff, 0xff, 0xf1,
    0xff, 0xff, 0xff, 0xff, 0xff, 0xff, 0xff, 0xff,
    0xff, 0xff, 0xff, 0xf1, 0xff, 0xff, 0xff, 0xff,
    0xff, 0xff, 0xff, 0xff, 0xff, 0xff, 0xff, 0xf1,
    0xff, 0xff, 0xff, 0xff, 0xff, 0xff, 0xff, 0xff,
    0xff, 0xff, 0xff, 0xf1, 0xff, 0xff, 0xff, 0xff,
    0xff, 0xff, 0xff, 0xff, 0xff, 0xff, 0xff, 0xf1,
    0xff, 0xff, 0xff, 0xff, 0xff, 0xff, 0xff, 0xff,
    0xff, 0xff, 0xff, 0xf1, 0xff, 0xff, 0xff, 0xff,
    0xff, 0xff, 0xff, 0xff, 0xff, 0xff, 0xff, 0xf1,
    0xff, 0xff, 0xff, 0xff, 0xff, 0xff, 0xff, 0xff,
    0xff, 0xff, 0xff, 0xf1, 0xff, 0xff, 0xff, 0xff,
    0xff, 0xff, 0xff, 0xff, 0xff, 0xff, 0xff, 0xf1,
    0xff, 0xff, 0xff, 0xff, 0xff, 0xff, 0xff, 0xff,
    0xff, 0xff, 0xff, 0xf1, 0xff, 0xff, 0xff, 0xff,
    0xff, 0xff, 0xff, 0xff, 0xff, 0xff, 0xff, 0xf1,
    0xff, 0xff, 0xff, 0xff, 0xff, 0xff, 0xff, 0xff,
    0xff, 0xff, 0xff, 0xf0, 0xbf, 0xff, 0xff, 0xff,
    0xff, 0xff, 0xff, 0xff, 0xff, 0xff, 0xff, 0xc0,
    0x2f, 0xff, 0xff, 0xff, 0xff, 0xff, 0xff, 0xff,
    0xff, 0xff, 0xff, 0x30, 0x2, 0xae, 0xff, 0xff,
    0xff, 0xff, 0xff, 0xff, 0xff, 0xfe, 0xb3, 0x0,

    /* U+F8A2 "" */
    0x0, 0x0, 0x0, 0x0, 0x0, 0x0, 0x0, 0x0,
    0x0, 0x0, 0x0, 0x0, 0x0, 0x0, 0x0, 0x30,
    0x0, 0x0, 0x0, 0x0, 0x0, 0x0, 0x0, 0x0,
    0x0, 0x0, 0x0, 0x0, 0x0, 0x0, 0xb, 0xf0,
    0x0, 0x0, 0x0, 0x0, 0x0, 0x0, 0x0, 0x0,
    0x0, 0x0, 0x0, 0x0, 0x0, 0x0, 0xbf, 0xf1,
    0x0, 0x0, 0x0, 0x0, 0x0, 0x0, 0x0, 0x0,
    0x0, 0x0, 0x0, 0x0, 0x0, 0xb, 0xff, 0xf1,
    0x0, 0x0, 0x0, 0x2, 0x50, 0x0, 0x0, 0x0,
    0x0, 0x0, 0x0, 0x0, 0x0, 0x9f, 0xff, 0xf1,
    0x0, 0x0, 0x0, 0x4f, 0xf9, 0x0, 0x0, 0x0,
    0x0, 0x0, 0x0, 0x0, 0x0, 0xcf, 0xff, 0xf1,
    0x0, 0x0, 0x5, 0xff, 0xfc, 0x0, 0x0, 0x0,
    0x0, 0x0, 0x0, 0x0, 0x0, 0xcf, 0xff, 0xf1,
    0x0, 0x0, 0x6f, 0xff, 0xfc, 0x0, 0x0, 0x0,
    0x0, 0x0, 0x0, 0x0, 0x0, 0xcf, 0xff, 0xf1,
    0x0, 0x8, 0xff, 0xff, 0xfc, 0x0, 0x0, 0x0,
    0x0, 0x0, 0x0, 0x0, 0x0, 0xcf, 0xff, 0xf1,
    0x0, 0x9f, 0xff, 0xff, 0xfc, 0x11, 0x11, 0x11,
    0x11, 0x11, 0x11, 0x11, 0x11, 0xcf, 0xff, 0xf1,
    0xa, 0xff, 0xff, 0xff, 0xff, 0xff, 0xff, 0xff,
    0xff, 0xff, 0xff, 0xff, 0xff, 0xff, 0xff, 0xf1,
    0x9f, 0xff, 0xff, 0xff, 0xff, 0xff, 0xff, 0xff,
    0xff, 0xff, 0xff, 0xff, 0xff, 0xff, 0xff, 0xf1,
    0xdf, 0xff, 0xff, 0xff, 0xff, 0xff, 0xff, 0xff,
    0xff, 0xff, 0xff, 0xff, 0xff, 0xff, 0xff, 0xf1,
    0x5f, 0xff, 0xff, 0xff, 0xff, 0xff, 0xff, 0xff,
    0xff, 0xff, 0xff, 0xff, 0xff, 0xff, 0xff, 0xf0,
    0x4, 0xff, 0xff, 0xff, 0xff, 0xbb, 0xbb, 0xbb,
    0xbb, 0xbb, 0xbb, 0xbb, 0xbb, 0xbb, 0xbb, 0x50,
    0x0, 0x3f, 0xff, 0xff, 0xfc, 0x0, 0x0, 0x0,
    0x0, 0x0, 0x0, 0x0, 0x0, 0x0, 0x0, 0x0,
    0x0, 0x3, 0xef, 0xff, 0xfc, 0x0, 0x0, 0x0,
    0x0, 0x0, 0x0, 0x0, 0x0, 0x0, 0x0, 0x0,
    0x0, 0x0, 0x2e, 0xff, 0xfc, 0x0, 0x0, 0x0,
    0x0, 0x0, 0x0, 0x0, 0x0, 0x0, 0x0, 0x0,
    0x0, 0x0, 0x1, 0xdf, 0xfb, 0x0, 0x0, 0x0,
    0x0, 0x0, 0x0, 0x0, 0x0, 0x0, 0x0, 0x0,
    0x0, 0x0, 0x0, 0x1c, 0xf5, 0x0, 0x0, 0x0,
    0x0, 0x0, 0x0, 0x0, 0x0, 0x0, 0x0, 0x0,
    0x0, 0x0, 0x0, 0x0, 0x0, 0x0, 0x0, 0x0,
    0x0, 0x0, 0x0, 0x0, 0x0, 0x0, 0x0, 0x0
};


/*---------------------
 *  GLYPH DESCRIPTION
 *--------------------*/

static const lv_font_fmt_txt_glyph_dsc_t glyph_dsc[] = {
    {.bitmap_index = 0, .adv_w = 0, .box_w = 0, .box_h = 0, .ofs_x = 0, .ofs_y = 0} /* id = 0 reserved */,
    {.bitmap_index = 0, .adv_w = 94, .box_w = 0, .box_h = 0, .ofs_x = 0, .ofs_y = 0},
    {.bitmap_index = 0, .adv_w = 157, .box_w = 6, .box_h = 24, .ofs_x = 2, .ofs_y = 0},
    {.bitmap_index = 72, .adv_w = 248, .box_w = 11, .box_h = 11, .ofs_x = 2, .ofs_y = 11},
    {.bitmap_index = 133, .adv_w = 307, .box_w = 17, .box_h = 22, .ofs_x = 1, .ofs_y = 0},
    {.bitmap_index = 320, .adv_w = 263, .box_w = 15, .box_h = 24, .ofs_x = 1, .ofs_y = 0},
    {.bitmap_index = 500, .adv_w = 448, .box_w = 26, .box_h = 22, .ofs_x = 1, .ofs_y = 0},
    {.bitmap_index = 786, .adv_w = 305, .box_w = 18, .box_h = 23, .ofs_x = 1, .ofs_y = -1},
    {.bitmap_index = 993, .adv_w = 143, .box_w = 5, .box_h = 11, .ofs_x = 2, .ofs_y = 11},
    {.bitmap_index = 1021, .adv_w = 191, .box_w = 11, .box_h = 31, .ofs_x = 1, .ofs_y = -5},
    {.bitmap_index = 1192, .adv_w = 191, .box_w = 10, .box_h = 31, .ofs_x = 1, .ofs_y = -5},
    {.bitmap_index = 1347, .adv_w = 246, .box_w = 14, .box_h = 13, .ofs_x = 1, .ofs_y = 11},
    {.bitmap_index = 1438, .adv_w = 284, .box_w = 16, .box_h = 16, .ofs_x = 1, .ofs_y = 1},
    {.bitmap_index = 1566, .adv_w = 226, .box_w = 10, .box_h = 4, .ofs_x = 2, .ofs_y = 8},
    {.bitmap_index = 1586, .adv_w = 106, .box_w = 5, .box_h = 5, .ofs_x = 1, .ofs_y = 0},
    {.bitmap_index = 1599, .adv_w = 179, .box_w = 13, .box_h = 33, .ofs_x = -1, .ofs_y = -6},
    {.bitmap_index = 1814, .adv_w = 288, .box_w = 16, .box_h = 22, .ofs_x = 1, .ofs_y = 0},
    {.bitmap_index = 1990, .adv_w = 155, .box_w = 5, .box_h = 23, .ofs_x = 2, .ofs_y = 0},
    {.bitmap_index = 2048, .adv_w = 278, .box_w = 15, .box_h = 22, .ofs_x = 1, .ofs_y = 0},
    {.bitmap_index = 2213, .adv_w = 270, .box_w = 15, .box_h = 22, .ofs_x = 1, .ofs_y = 0},
    {.bitmap_index = 2378, .adv_w = 303, .box_w = 18, .box_h = 22, .ofs_x = 1, .ofs_y = 0},
    {.bitmap_index = 2576, .adv_w = 271, .box_w = 15, .box_h = 22, .ofs_x = 1, .ofs_y = 0},
    {.bitmap_index = 2741, .adv_w = 309, .box_w = 18, .box_h = 22, .ofs_x = 1, .ofs_y = 0},
    {.bitmap_index = 2939, .adv_w = 261, .box_w = 15, .box_h = 22, .ofs_x = 1, .ofs_y = 0},
    {.bitmap_index = 3104, .adv_w = 307, .box_w = 17, .box_h = 22, .ofs_x = 1, .ofs_y = 0},
    {.bitmap_index = 3291, .adv_w = 309, .box_w = 18, .box_h = 22, .ofs_x = 1, .ofs_y = 0},
    {.bitmap_index = 3489, .adv_w = 106, .box_w = 5, .box_h = 17, .ofs_x = 1, .ofs_y = 0},
    {.bitmap_index = 3532, .adv_w = 106, .box_w = 5, .box_h = 22, .ofs_x = 1, .ofs_y = -5},
    {.bitmap_index = 3587, .adv_w = 264, .box_w = 13, .box_h = 18, .ofs_x = 2, .ofs_y = 0},
    {.bitmap_index = 3704, .adv_w = 284, .box_w = 14, .box_h = 12, .ofs_x = 1, .ofs_y = 4},
    {.bitmap_index = 3788, .adv_w = 264, .box_w = 13, .box_h = 18, .ofs_x = 2, .ofs_y = 0},
    {.bitmap_index = 3905, .adv_w = 210, .box_w = 14, .box_h = 25, .ofs_x = -1, .ofs_y = 0},
    {.bitmap_index = 4080, .adv_w = 368, .box_w = 23, .box_h = 24, .ofs_x = 0, .ofs_y = -4},
    {.bitmap_index = 4356, .adv_w = 281, .box_w = 20, .box_h = 22, .ofs_x = -1, .ofs_y = 0},
    {.bitmap_index = 4576, .adv_w = 282, .box_w = 15, .box_h = 22, .ofs_x = 2, .ofs_y = 0},
    {.bitmap_index = 4741, .adv_w = 261, .box_w = 15, .box_h = 22, .ofs_x = 1, .ofs_y = 0},
    {.bitmap_index = 4906, .adv_w = 301, .box_w = 16, .box_h = 22, .ofs_x = 2, .ofs_y = 0},
    {.bitmap_index = 5082, .adv_w = 251, .box_w = 13, .box_h = 22, .ofs_x = 2, .ofs_y = 0},
    {.bitmap_index = 5225, .adv_w = 230, .box_w = 12, .box_h = 22, .ofs_x = 2, .ofs_y = 0},
    {.bitmap_index = 5357, .adv_w = 312, .box_w = 18, .box_h = 22, .ofs_x = 1, .ofs_y = 0},
    {.bitmap_index = 5555, .adv_w = 326, .box_w = 16, .box_h = 22, .ofs_x = 2, .ofs_y = 0},
    {.bitmap_index = 5731, .adv_w = 144, .box_w = 5, .box_h = 22, .ofs_x = 2, .ofs_y = 0},
    {.bitmap_index = 5786, .adv_w = 198, .box_w = 12, .box_h = 22, .ofs_x = -1, .ofs_y = 0},
    {.bitmap_index = 5918, .adv_w = 296, .box_w = 17, .box_h = 22, .ofs_x = 2, .ofs_y = 0},
    {.bitmap_index = 6105, .adv_w = 221, .box_w = 11, .box_h = 22, .ofs_x = 2, .ofs_y = 0},
    {.bitmap_index = 6226, .adv_w = 372, .box_w = 19, .box_h = 22, .ofs_x = 2, .ofs_y = 0},
    {.bitmap_index = 6435, .adv_w = 328, .box_w = 16, .box_h = 22, .ofs_x = 2, .ofs_y = 0},
    {.bitmap_index = 6611, .adv_w = 326, .box_w = 19, .box_h = 22, .ofs_x = 1, .ofs_y = 0},
    {.bitmap_index = 6820, .adv_w = 271, .box_w = 15, .box_h = 22, .ofs_x = 2, .ofs_y = 0},
    {.bitmap_index = 6985, .adv_w = 326, .box_w = 19, .box_h = 28, .ofs_x = 1, .ofs_y = -6},
    {.bitmap_index = 7251, .adv_w = 286, .box_w = 15, .box_h = 22, .ofs_x = 2, .ofs_y = 0},
    {.bitmap_index = 7416, .adv_w = 250, .box_w = 14, .box_h = 22, .ofs_x = 1, .ofs_y = 0},
    {.bitmap_index = 7570, .adv_w = 242, .box_w = 15, .box_h = 22, .ofs_x = 0, .ofs_y = 0},
    {.bitmap_index = 7735, .adv_w = 308, .box_w = 16, .box_h = 22, .ofs_x = 2, .ofs_y = 0},
    {.bitmap_index = 7911, .adv_w = 272, .box_w = 19, .box_h = 22, .ofs_x = -1, .ofs_y = 0},
    {.bitmap_index = 8120, .adv_w = 397, .box_w = 27, .box_h = 22, .ofs_x = -1, .ofs_y = 0},
    {.bitmap_index = 8417, .adv_w = 281, .box_w = 18, .box_h = 22, .ofs_x = 0, .ofs_y = 0},
    {.bitmap_index = 8615, .adv_w = 267, .box_w = 19, .box_h = 22, .ofs_x = -1, .ofs_y = 0},
    {.bitmap_index = 8824, .adv_w = 260, .box_w = 16, .box_h = 22, .ofs_x = 0, .ofs_y = 0},
    {.bitmap_index = 9000, .adv_w = 191, .box_w = 8, .box_h = 30, .ofs_x = 3, .ofs_y = -5},
    {.bitmap_index = 9120, .adv_w = 179, .box_w = 13, .box_h = 33, .ofs_x = -1, .ofs_y = -6},
    {.bitmap_index = 9335, .adv_w = 191, .box_w = 8, .box_h = 30, .ofs_x = 1, .ofs_y = -5},
    {.bitmap_index = 9455, .adv_w = 233, .box_w = 15, .box_h = 18, .ofs_x = 0, .ofs_y = 5},
    {.bitmap_index = 9590, .adv_w = 298, .box_w = 20, .box_h = 3, .ofs_x = -1, .ofs_y = -6},
    {.bitmap_index = 9620, .adv_w = 136, .box_w = 8, .box_h = 7, .ofs_x = 0, .ofs_y = 18},
    {.bitmap_index = 9648, .adv_w = 247, .box_w = 13, .box_h = 16, .ofs_x = 1, .ofs_y = 0},
    {.bitmap_index = 9752, .adv_w = 280, .box_w = 15, .box_h = 24, .ofs_x = 2, .ofs_y = 0},
    {.bitmap_index = 9932, .adv_w = 224, .box_w = 13, .box_h = 16, .ofs_x = 1, .ofs_y = 0},
    {.bitmap_index = 10036, .adv_w = 279, .box_w = 14, .box_h = 24, .ofs_x = 1, .ofs_y = 0},
    {.bitmap_index = 10204, .adv_w = 257, .box_w = 14, .box_h = 16, .ofs_x = 1, .ofs_y = 0},
    {.bitmap_index = 10316, .adv_w = 173, .box_w = 11, .box_h = 25, .ofs_x = 0, .ofs_y = 0},
    {.bitmap_index = 10454, .adv_w = 277, .box_w = 15, .box_h = 23, .ofs_x = 1, .ofs_y = -7},
    {.bitmap_index = 10627, .adv_w = 284, .box_w = 14, .box_h = 24, .ofs_x = 2, .ofs_y = 0},
    {.bitmap_index = 10795, .adv_w = 139, .box_w = 5, .box_h = 22, .ofs_x = 2, .ofs_y = 0},
    {.bitmap_index = 10850, .adv_w = 137, .box_w = 7, .box_h = 30, .ofs_x = 0, .ofs_y = -8},
    {.bitmap_index = 10955, .adv_w = 251, .box_w = 14, .box_h = 24, .ofs_x = 2, .ofs_y = 0},
    {.bitmap_index = 11123, .adv_w = 136, .box_w = 5, .box_h = 24, .ofs_x = 2, .ofs_y = 0},
    {.bitmap_index = 11183, .adv_w = 420, .box_w = 23, .box_h = 16, .ofs_x = 2, .ofs_y = 0},
    {.bitmap_index = 11367, .adv_w = 277, .box_w = 14, .box_h = 16, .ofs_x = 2, .ofs_y = 0},
    {.bitmap_index = 11479, .adv_w = 270, .box_w = 15, .box_h = 16, .ofs_x = 1, .ofs_y = 0},
    {.bitmap_index = 11599, .adv_w = 279, .box_w = 15, .box_h = 23, .ofs_x = 2, .ofs_y = -7},
    {.bitmap_index = 11772, .adv_w = 281, .box_w = 15, .box_h = 23, .ofs_x = 1, .ofs_y = -7},
    {.bitmap_index = 11945, .adv_w = 189, .box_w = 10, .box_h = 16, .ofs_x = 2, .ofs_y = 0},
    {.bitmap_index = 12025, .adv_w = 217, .box_w = 12, .box_h = 16, .ofs_x = 1, .ofs_y = 0},
    {.bitmap_index = 12121, .adv_w = 193, .box_w = 12, .box_h = 21, .ofs_x = 0, .ofs_y = 0},
    {.bitmap_index = 12247, .adv_w = 269, .box_w = 13, .box_h = 16, .ofs_x = 2, .ofs_y = 0},
    {.bitmap_index = 12351, .adv_w = 234, .box_w = 16, .box_h = 16, .ofs_x = -1, .ofs_y = 0},
    {.bitmap_index = 12479, .adv_w = 355, .box_w = 22, .box_h = 16, .ofs_x = 0, .ofs_y = 0},
    {.bitmap_index = 12655, .adv_w = 236, .box_w = 15, .box_h = 16, .ofs_x = 0, .ofs_y = 0},
    {.bitmap_index = 12775, .adv_w = 235, .box_w = 16, .box_h = 22, .ofs_x = -1, .ofs_y = -6},
    {.bitmap_index = 12951, .adv_w = 220, .box_w = 14, .box_h = 16, .ofs_x = 0, .ofs_y = 0},
    {.bitmap_index = 13063, .adv_w = 194, .box_w = 11, .box_h = 30, .ofs_x = 0, .ofs_y = -5},
    {.bitmap_index = 13228, .adv_w = 205, .box_w = 4, .box_h = 32, .ofs_x = 4, .ofs_y = -5},
    {.bitmap_index = 13292, .adv_w = 191, .box_w = 11, .box_h = 30, .ofs_x = 1, .ofs_y = -5},
    {.bitmap_index = 13457, .adv_w = 286, .box_w = 18, .box_h = 6, .ofs_x = 0, .ofs_y = 7},
    {.bitmap_index = 13511, .adv_w = 496, .box_w = 32, .box_h = 32, .ofs_x = 0, .ofs_y = -4},
    {.bitmap_index = 14023, .adv_w = 496, .box_w = 31, .box_h = 24, .ofs_x = 0, .ofs_y = 0},
    {.bitmap_index = 14395, .adv_w = 496, .box_w = 31, .box_h = 28, .ofs_x = 0, .ofs_y = -2},
    {.bitmap_index = 14829, .adv_w = 496, .box_w = 31, .box_h = 24, .ofs_x = 0, .ofs_y = 0},
    {.bitmap_index = 15201, .adv_w = 341, .box_w = 22, .box_h = 23, .ofs_x = 0, .ofs_y = 0},
    {.bitmap_index = 15454, .adv_w = 496, .box_w = 31, .box_h = 32, .ofs_x = 0, .ofs_y = -4},
    {.bitmap_index = 15950, .adv_w = 496, .box_w = 31, .box_h = 31, .ofs_x = 0, .ofs_y = -4},
    {.bitmap_index = 16431, .adv_w = 558, .box_w = 35, .box_h = 28, .ofs_x = 0, .ofs_y = -2},
    {.bitmap_index = 16921, .adv_w = 496, .box_w = 31, .box_h = 32, .ofs_x = 0, .ofs_y = -4},
    {.bitmap_index = 17417, .adv_w = 558, .box_w = 35, .box_h = 24, .ofs_x = 0, .ofs_y = 0},
    {.bitmap_index = 17837, .adv_w = 496, .box_w = 31, .box_h = 32, .ofs_x = 0, .ofs_y = -4},
    {.bitmap_index = 18333, .adv_w = 248, .box_w = 16, .box_h = 25, .ofs_x = 0, .ofs_y = -1},
    {.bitmap_index = 18533, .adv_w = 372, .box_w = 24, .box_h = 25, .ofs_x = 0, .ofs_y = -1},
    {.bitmap_index = 18833, .adv_w = 558, .box_w = 35, .box_h = 31, .ofs_x = 0, .ofs_y = -4},
    {.bitmap_index = 19376, .adv_w = 496, .box_w = 31, .box_h = 24, .ofs_x = 0, .ofs_y = 0},
    {.bitmap_index = 19748, .adv_w = 341, .box_w = 22, .box_h = 32, .ofs_x = 0, .ofs_y = -4},
    {.bitmap_index = 20100, .adv_w = 434, .box_w = 21, .box_h = 29, .ofs_x = 3, .ofs_y = -3},
    {.bitmap_index = 20405, .adv_w = 434, .box_w = 28, .box_h = 33, .ofs_x = 0, .ofs_y = -5},
    {.bitmap_index = 20867, .adv_w = 434, .box_w = 28, .box_h = 28, .ofs_x = 0, .ofs_y = -2},
    {.bitmap_index = 21259, .adv_w = 434, .box_w = 28, .box_h = 28, .ofs_x = 0, .ofs_y = -2},
    {.bitmap_index = 21651, .adv_w = 434, .box_w = 21, .box_h = 29, .ofs_x = 3, .ofs_y = -3},
    {.bitmap_index = 21956, .adv_w = 434, .box_w = 29, .box_h = 28, .ofs_x = -1, .ofs_y = -2},
    {.bitmap_index = 22362, .adv_w = 310, .box_w = 17, .box_h = 27, .ofs_x = 1, .ofs_y = -2},
    {.bitmap_index = 22592, .adv_w = 310, .box_w = 17, .box_h = 27, .ofs_x = 1, .ofs_y = -2},
    {.bitmap_index = 22822, .adv_w = 434, .box_w = 28, .box_h = 28, .ofs_x = 0, .ofs_y = -2},
    {.bitmap_index = 23214, .adv_w = 434, .box_w = 28, .box_h = 7, .ofs_x = 0, .ofs_y = 8},
    {.bitmap_index = 23312, .adv_w = 558, .box_w = 35, .box_h = 24, .ofs_x = 0, .ofs_y = 0},
    {.bitmap_index = 23732, .adv_w = 620, .box_w = 39, .box_h = 32, .ofs_x = 0, .ofs_y = -4},
    {.bitmap_index = 24356, .adv_w = 558, .box_w = 37, .box_h = 32, .ofs_x = -1, .ofs_y = -4},
    {.bitmap_index = 24948, .adv_w = 496, .box_w = 31, .box_h = 29, .ofs_x = 0, .ofs_y = -3},
    {.bitmap_index = 25398, .adv_w = 434, .box_w = 27, .box_h = 17, .ofs_x = 0, .ofs_y = 3},
    {.bitmap_index = 25628, .adv_w = 434, .box_w = 27, .box_h = 17, .ofs_x = 0, .ofs_y = 3},
    {.bitmap_index = 25858, .adv_w = 620, .box_w = 39, .box_h = 25, .ofs_x = 0, .ofs_y = -1},
    {.bitmap_index = 26346, .adv_w = 496, .box_w = 31, .box_h = 24, .ofs_x = 0, .ofs_y = 0},
    {.bitmap_index = 26718, .adv_w = 496, .box_w = 31, .box_h = 32, .ofs_x = 0, .ofs_y = -4},
    {.bitmap_index = 27214, .adv_w = 496, .box_w = 32, .box_h = 32, .ofs_x = -1, .ofs_y = -4},
    {.bitmap_index = 27726, .adv_w = 434, .box_w = 28, .box_h = 28, .ofs_x = 0, .ofs_y = -2},
    {.bitmap_index = 28118, .adv_w = 434, .box_w = 28, .box_h = 32, .ofs_x = 0, .ofs_y = -4},
    {.bitmap_index = 28566, .adv_w = 434, .box_w = 28, .box_h = 28, .ofs_x = 0, .ofs_y = -2},
    {.bitmap_index = 28958, .adv_w = 434, .box_w = 28, .box_h = 25, .ofs_x = 0, .ofs_y = -1},
    {.bitmap_index = 29308, .adv_w = 496, .box_w = 31, .box_h = 24, .ofs_x = 0, .ofs_y = 0},
    {.bitmap_index = 29680, .adv_w = 310, .box_w = 21, .box_h = 32, .ofs_x = -1, .ofs_y = -4},
    {.bitmap_index = 30016, .adv_w = 434, .box_w = 28, .box_h = 32, .ofs_x = 0, .ofs_y = -4},
    {.bitmap_index = 30464, .adv_w = 434, .box_w = 28, .box_h = 32, .ofs_x = 0, .ofs_y = -4},
    {.bitmap_index = 30912, .adv_w = 558, .box_w = 35, .box_h = 24, .ofs_x = 0, .ofs_y = 0},
    {.bitmap_index = 31332, .adv_w = 496, .box_w = 33, .box_h = 32, .ofs_x = -1, .ofs_y = -4},
    {.bitmap_index = 31860, .adv_w = 372, .box_w = 24, .box_h = 32, .ofs_x = 0, .ofs_y = -4},
    {.bitmap_index = 32244, .adv_w = 620, .box_w = 39, .box_h = 29, .ofs_x = 0, .ofs_y = -2},
    {.bitmap_index = 32810, .adv_w = 620, .box_w = 39, .box_h = 21, .ofs_x = 0, .ofs_y = 1},
    {.bitmap_index = 33220, .adv_w = 620, .box_w = 39, .box_h = 21, .ofs_x = 0, .ofs_y = 1},
    {.bitmap_index = 33630, .adv_w = 620, .box_w = 39, .box_h = 21, .ofs_x = 0, .ofs_y = 1},
    {.bitmap_index = 34040, .adv_w = 620, .box_w = 39, .box_h = 21, .ofs_x = 0, .ofs_y = 1},
    {.bitmap_index = 34450, .adv_w = 620, .box_w = 39, .box_h = 21, .ofs_x = 0, .ofs_y = 1},
    {.bitmap_index = 34860, .adv_w = 620, .box_w = 39, .box_h = 25, .ofs_x = 0, .ofs_y = -1},
    {.bitmap_index = 35348, .adv_w = 434, .box_w = 25, .box_h = 32, .ofs_x = 1, .ofs_y = -4},
    {.bitmap_index = 35748, .adv_w = 434, .box_w = 28, .box_h = 31, .ofs_x = 0, .ofs_y = -4},
    {.bitmap_index = 36182, .adv_w = 496, .box_w = 32, .box_h = 32, .ofs_x = -1, .ofs_y = -4},
    {.bitmap_index = 36694, .adv_w = 620, .box_w = 39, .box_h = 24, .ofs_x = 0, .ofs_y = 0},
    {.bitmap_index = 37162, .adv_w = 372, .box_w = 24, .box_h = 32, .ofs_x = 0, .ofs_y = -4},
    {.bitmap_index = 37546, .adv_w = 499, .box_w = 32, .box_h = 21, .ofs_x = 0, .ofs_y = 1}
};

/*---------------------
 *  CHARACTER MAPPING
 *--------------------*/

static const uint16_t unicode_list_2[] = {
    0x0, 0x7, 0xa, 0xb, 0xc, 0x10, 0x12, 0x14,
    0x18, 0x1b, 0x20, 0x25, 0x26, 0x27, 0x3d, 0x42,
    0x47, 0x4a, 0x4b, 0x4c, 0x50, 0x51, 0x52, 0x53,
    0x66, 0x67, 0x6d, 0x6f, 0x70, 0x73, 0x76, 0x77,
    0x78, 0x7a, 0x92, 0x94, 0xc3, 0xc4, 0xc6, 0xc8,
    0xdf, 0xe6, 0xe9, 0xf2, 0x11b, 0x123, 0x15a, 0x1ea,
    0x23f, 0x240, 0x241, 0x242, 0x243, 0x286, 0x292, 0x2ec,
    0x303, 0x559, 0x7c1, 0x8a1
};

/*Collect the unicode lists and glyph_id offsets*/
static const lv_font_fmt_txt_cmap_t cmaps[] =
{
    {
        .range_start = 32, .range_length = 12, .glyph_id_start = 1,
        .unicode_list = NULL, .glyph_id_ofs_list = NULL, .list_length = 0, .type = LV_FONT_FMT_TXT_CMAP_FORMAT0_TINY
    },
    {
        .range_start = 45, .range_length = 82, .glyph_id_start = 13,
        .unicode_list = NULL, .glyph_id_ofs_list = NULL, .list_length = 0, .type = LV_FONT_FMT_TXT_CMAP_FORMAT0_TINY
    },
    {
        .range_start = 61441, .range_length = 2210, .glyph_id_start = 95,
        .unicode_list = unicode_list_2, .glyph_id_ofs_list = NULL, .list_length = 60, .type = LV_FONT_FMT_TXT_CMAP_SPARSE_TINY
    }
};

/*-----------------
 *    KERNING
 *----------------*/


/*Map glyph_ids to kern left classes*/
static const uint8_t kern_left_class_mapping[] =
{
    0, 0, 0, 1, 0, 0, 0, 2,
    1, 3, 0, 4, 0, 5, 6, 0,
    0, 0, 0, 0, 7, 0, 0, 0,
    0, 0, 6, 6, 0, 0, 0, 0,
    0, 8, 9, 10, 11, 12, 13, 14,
    0, 0, 0, 15, 16, 0, 0, 11,
    17, 11, 18, 19, 20, 0, 21, 22,
    23, 24, 25, 26, 0, 0, 0, 0,
    0, 27, 28, 29, 30, 31, 32, 33,
    27, 34, 35, 36, 30, 27, 27, 28,
    28, 37, 38, 39, 40, 41, 42, 43,
    44, 43, 45, 46, 0, 0, 0, 0,
    0, 0, 0, 0, 0, 0, 0, 0,
    0, 0, 0, 0, 0, 0, 0, 0,
    0, 0, 0, 0, 0, 0, 0, 0,
    0, 0, 0, 0, 0, 0, 0, 0,
    0, 0, 0, 0, 0, 0, 0, 0,
    0, 0, 0, 0, 0, 0, 0, 0,
    0, 0, 0, 0, 0, 0, 0, 0,
    0, 0, 0
};

/*Map glyph_ids to kern right classes*/
static const uint8_t kern_right_class_mapping[] =
{
    0, 0, 1, 2, 0, 0, 0, 3,
    2, 0, 4, 5, 0, 6, 7, 0,
    0, 0, 0, 0, 8, 0, 0, 0,
    0, 0, 0, 0, 0, 0, 0, 9,
    0, 10, 0, 11, 0, 0, 0, 11,
    0, 0, 12, 0, 0, 0, 0, 11,
    0, 11, 0, 13, 14, 0, 15, 16,
    17, 18, 19, 0, 0, 20, 0, 0,
    0, 21, 22, 23, 23, 23, 24, 23,
    22, 25, 26, 22, 22, 27, 27, 23,
    28, 23, 27, 29, 30, 31, 32, 33,
    34, 35, 36, 0, 0, 20, 0, 0,
    0, 0, 0, 0, 0, 0, 0, 0,
    0, 0, 0, 0, 0, 0, 0, 0,
    0, 0, 0, 0, 0, 0, 0, 0,
    0, 0, 0, 0, 0, 0, 0, 0,
    0, 0, 0, 0, 0, 0, 0, 0,
    0, 0, 0, 0, 0, 0, 0, 0,
    0, 0, 0, 0, 0, 0, 0, 0,
    0, 0, 0
};

/*Kern values between classes*/
static const int8_t kern_class_values[] =
{
    0, 0, 0, 0, 0, 0, 0, -35,
    0, 0, 0, 0, 0, 0, 0, 0,
    0, 0, 0, 0, 0, 0, 0, 0,
    0, 0, 0, 0, 0, 0, 0, 0,
    0, 0, 0, 0, 0, 0, 0, 0,
    0, 0, 0, 0, 0, 10, 0, 0,
    0, -10, -5, -5, 0, -5, 0, 0,
    0, 0, 0, 5, 0, 0, 0, 0,
    0, 0, 0, 2, 2, 2, 2, 0,
    0, 0, 0, 0, 0, 0, 0, 0,
    0, 0, 0, 0, 0, 0, 0, 0,
    0, 0, 0, 0, 0, 10, 0, 15,
    0, 27, 0, 0, 0, 0, 0, -15,
    -15, 0, 0, 0, 0, 0, 0, 0,
    0, 0, 0, -60, 0, 0, 0, 0,
    0, 0, 0, 0, 0, 0, 0, 0,
    0, 0, 0, 0, 0, 0, 0, 0,
    0, 0, 0, 0, 0, 0, 0, 0,
    0, 0, 0, 0, 0, 0, 0, 0,
    0, 0, 5, -15, 0, -15, -10, -10,
    -10, -15, -5, 0, 0, 0, 5, 0,
    0, 0, 0, 0, 0, 0, 0, 10,
    10, 0, 10, 0, 0, 0, 0, 0,
    0, 0, 0, -20, 0, 0, 0, 0,
    0, 0, 0, 0, 0, 0, 0, 0,
    0, 0, 0, 0, 0, 0, 0, 0,
    0, 0, 0, 0, 0, 0, 0, 0,
    0, 0, 0, 0, -20, 0, 0, 0,
    0, 0, 0, 0, 0, 0, 0, 0,
    0, 0, 0, 0, 0, 0, 0, 0,
    0, 0, 0, 0, 0, 0, 0, 0,
    0, 0, 0, 0, 0, -15, 0, 0,
    0, 0, 0, 0, -25, 0, -2, 15,
    0, -17, -22, -12, 5, -22, 0, 0,
    0, 0, 0, 0, 0, 0, 0, 0,
    0, 0, 0, -7, -5, 5, -7, 0,
    0, 0, 0, 0, 0, 0, 0, 0,
    -5, 0, 0, 0, 0, 0, 0, 0,
    0, 0, 0, 0, 0, 0, 0, 0,
    0, 0, 0, 0, 0, 0, 0, 0,
    0, 0, 0, 0, 0, 0, 0, 0,
    0, -15, 0, 0, 0, 0, -5, 0,
    0, 0, 0, 0, 0, 5, 0, 0,
    0, 0, 0, 0, 0, 0, 0, 0,
    0, 0, 0, 0, 0, 0, 0, 0,
    0, 0, 0, 0, 0, 5, 0, 0,
    -10, -2, 5, 0, 0, -5, -5, 0,
    0, -7, -5, 0, 0, 0, 0, 0,
    0, 0, 0, 0, 0, 0, 0, 5,
    0, 0, 5, 0, 0, 0, 0, 0,
    0, 0, 0, 0, 0, 0, 0, 10,
    0, 0, 0, 0, 0, 0, 0, 0,
    0, 0, 0, 0, 0, 0, 0, 0,
    0, 0, 0, 0, 0, 0, 0, 0,
    0, 0, 0, 0, 0, 0, -30, 0,
    10, -22, 0, -25, 0, 5, 5, 5,
    5, 7, 0, 0, -5, 0, 0, 0,
    0, 0, 0, 0, 0, 0, 0, 0,
    0, 0, 0, 0, 0, 0, 0, 0,
    0, 5, 0, 0, -5, 0, 0, 0,
    0, 0, 0, 0, 0, 0, 0, 0,
    0, 0, 0, 0, 0, 0, 0, 0,
    0, 0, 0, 0, 0, 0, 0, 0,
    0, 0, 0, 0, 0, -10, 0, 0,
    0, 0, 0, 10, 0, 0, 0, 0,
    0, 0, 0, 0, 0, 0, -15, 0,
    0, 0, 0, 0, -5, -10, 0, -10,
    -10, 0, -15, 0, 0, -45, 0, 0,
    0, -15, 0, 0, -35, 15, 0, 10,
    0, -20, -20, -20, 0, -22, 0, 0,
    0, 0, 0, 0, 0, 0, 0, 0,
    0, 0, 0, 0, 0, 0, 0, 0,
    0, 0, 0, 0, 0, 0, -45, 0,
    0, -17, 5, -10, 0, 0, 0, 0,
    0, 0, 0, 0, 0, 0, 0, 0,
    4, 0, 0, 0, 0, 0, 0, 12,
    5, 0, 5, 0, 0, 0, 0, 0,
    0, 0, 0, 0, 0, 0, 0, 0,
    0, 0, 0, 0, 0, 0, 0, 0,
    -5, 0, 0, 0, 0, 0, 0, 0,
    0, 0, 0, 0, 0, 0, 0, 0,
    0, 0, 0, 0, 0, 0, 0, 0,
    0, 0, 0, 0, 0, 0, 0, 0,
    0, 0, -5, 0, 0, 0, 0, 0,
    0, 0, 0, 0, 0, 0, 0, 0,
    0, 0, 0, 0, 0, 0, 0, 0,
    0, -15, -45, 0, 10, -17, -5, -15,
    0, 0, 0, 5, 0, 5, 0, 0,
    -25, 0, -25, 0, 0, 0, -22, 0,
    -25, 0, -20, -15, -15, -15, -15, -15,
    0, 0, 0, 0, 0, -10, 0, 0,
    15, -22, -5, -17, -2, 0, 0, -15,
    -15, -15, 0, 0, -20, 0, -20, 0,
    0, 0, 0, 0, 0, 0, 0, 0,
    0, 0, 0, 0, 0, 0, 0, 0,
    0, -10, 0, 0, 15, -17, 0, -15,
    0, 5, -15, 0, -15, -15, 0, 0,
    -17, 0, -20, 0, 0, 0, 0, 0,
    0, 0, -10, 0, 0, 0, 0, 0,
    0, 0, 0, 0, 0, -10, 0, 0,
    10, 5, -5, 10, 0, 0, -15, -15,
    0, 0, 0, 0, 0, 0, 0, 0,
    0, 0, 0, 0, 0, 0, 0, 0,
    0, 0, 0, 0, 0, 0, 0, 0,
    0, -15, 0, 0, 25, -22, -7, -15,
    0, 5, -15, -15, 0, -15, 0, 0,
    -25, 0, -27, 0, 0, 0, -20, -27,
    -15, 0, -17, 0, 0, -10, 0, -15,
    0, 0, 0, 0, 0, -5, 0, 0,
    0, 0, -5, 0, 0, 0, 0, 0,
    0, 0, 0, 0, 0, 0, 0, 0,
    0, 0, 0, 0, 0, 0, 0, 0,
    0, 0, 0, 0, 0, 0, 0, 0,
    0, 0, 0, 0, 0, 0, 0, 0,
    0, 0, 0, 0, 0, 0, 0, 0,
    0, 0, -10, 0, 0, 22, 0, 0,
    0, 0, 0, -15, -15, 0, 0, 0,
    0, 0, 0, -10, 0, 0, 0, 0,
    -5, 0, 0, 0, 0, -25, -12, 0,
    0, -20, 0, 0, 0, 0, 0, 0,
    0, 0, 0, 0, 0, 0, 0, -10,
    -10, 0, -10, 0, 0, 0, 0, 0,
    0, 5, 0, 0, -15, 0, 0, 0,
    0, -27, -20, 0, 0, -25, 0, 0,
    0, 0, 0, 0, 0, 0, 0, 0,
    0, 0, 0, 0, 0, 0, 0, 0,
    0, 0, 0, 0, 0, -10, 0, 0,
    0, 0, 0, 0, 0, -20, -15, 0,
    0, -10, 0, 0, 0, 0, 0, 0,
    0, 0, 0, 0, 0, 0, 0, 0,
    0, 0, 0, 0, -10, 0, 0, 0,
    0, 0, 0, 0, 10, 0, 0, 0,
    0, 0, 0, 0, 0, 0, 0, 0,
    -7, 0, -10, 0, 0, 0, 0, 0,
    0, 0, 0, 0, 0, 0, 0, 0,
    0, 0, 0, 0, 0, 0, 0, 0,
    0, 0, 0, 0, 0, -25, 0, -20,
    0, -15, 0, 0, 0, 0, 0, 0,
    0, 0, 0, 0, 0, 0, 0, 0,
    0, 0, 0, 0, 10, 10, 5, 20,
    20, -10, -30, 0, 17, 0, 0, 0,
    0, 0, 0, 0, 0, 0, 0, 20,
    -2, 0, -15, 0, 0, 0, 0, 0,
    0, 0, -5, 0, -7, 0, 0, 0,
    0, 0, 0, 0, 0, 0, 0, 0,
    -15, 0, 0, 0, 0, -25, -15, 0,
    0, -25, 0, 0, 0, 0, 0, 0,
    0, 0, 0, 0, 0, 0, 0, 0,
    0, 0, 0, 0, 0, 0, 0, 0,
    15, 0, 0, 0, 5, 0, 0, 0,
    0, 0, 0, 0, 0, 0, 0, 0,
    0, 0, 0, 0, 0, 0, 0, 0,
    0, 0, 0, 0, 0, 0, 0, 0,
    0, 0, 0, 0, 15, 0, 0, 0,
    0, 0, 0, 0, 0, 0, 0, 0,
    0, 0, 0, 0, 0, 0, 0, 0,
    0, 0, 0, 0, 0, 0, 0, 0,
    0, 0, 0, 0, 0, 0, 0, 0,
    0, -10, 0, 0, 0, 0, 0, 0,
    0, -15, 0, 0, 0, 0, 0, 0,
    0, 0, 0, 0, 0, 0, 0, 0,
    0, 0, 0, 0, 0, 0, 0, 0,
    0, 0, 0, 0, 0, 0, 0, 0,
    0, 0, 0, 0, 0, -25, 0, 0,
    0, 0, 0, 0, 0, 0, 0, 0,
    0, 0, 0, 0, 0, 0, 0, 0,
    0, 0, 0, 0, 0, 0, 0, 0,
    0, -10, 0, 0, 0, 0, 0, 0,
    0, -25, 0, 0, 0, 0, 0, 0,
    0, 0, -5, 0, 0, 0, 0, 0,
    0, 0, 0, 0, 0, 0, 0, 0,
    0, 0, 0, 0, 0, 0, 0, 0,
    -15, 0, 0, 0, 0, -22, 0, 0,
    0, -20, 0, 0, 0, 0, 0, 0,
    0, 0, 0, 0, 0, 0, 0, 0,
    0, 0, 0, 0, 0, 0, 0, 0,
    0, -10, 0, 0, -10, 0, 0, 0,
    0, -25, 0, 0, 0, -10, 0, 0,
    0, 0, -5, 0, 0, 0, 0, 0,
    0, 0, 0, 0, 0, 0, 0, 0,
    0, 0, 0, 0, 0, 0, 0, 0,
    -10, 0, 0, 0, 0, -20, 0, -10,
    0, -27, 0, 0, 0, 0, 0, 0,
    0, 0, 0, 0, 0, 0, 0, 0,
    0, 0, 0, 0, 0, 0, 2, -15,
    0, 10, 0, 0, -10, -7, 0, 0,
    0, -15, 0, 0, 0, 0, 0, -15,
    0, 0, 0, 0, 0, 0, 0, 0,
    0, 0, 0, 0, 0, 0, 0, 0,
    0, 0, 2, -15, 0, 10, 0, 0,
    -10, -7, 0, 0, 0, -10, 0, 0,
    0, 0, 0, -15, 0, 0, 0, 0,
    0, 0, 0, 0, 0, 0, 0, 0,
    0, 0, 0, 0, 0, 0, 2, 0,
    0, 0, 0, 0, 0, 5, 0, 0,
    0, -20, 0, 0, 0, -10, 0, 0,
    0, 0, 0, 0, 0, 0, 0, 0,
    0, 0, 0, 0, 0, 0, 0, 0,
    0, 0, 0, 0, 0, 0, 0, 0,
    -15, 0, 0, 0, 0, -20, 0, 0,
    0, -10, 0, 0, 0, 0, 0, 0,
    0, 0, 0, 0, 0, 0, 0, 0,
    0, 0, 0, 0, 0, 0, 0, 0,
    0, 0, 0, 0, 0, 0, 0, 0,
    0, 0, 0, 0, 0, 0, 0, 0,
    0, 0, 0, 0, 0, 27, 0, 0,
    0, 0, 0, -15, -15, 0, 0, 0
};


/*Collect the kern class' data in one place*/
static const lv_font_fmt_txt_kern_classes_t kern_classes =
{
    .class_pair_values   = kern_class_values,
    .left_class_mapping  = kern_left_class_mapping,
    .right_class_mapping = kern_right_class_mapping,
    .left_class_cnt      = 46,
    .right_class_cnt     = 36,
};

/*--------------------
 *  ALL CUSTOM DATA
 *--------------------*/

#if LV_VERSION_CHECK(8, 0, 0)
/*Store all the custom data of the font*/
static  lv_font_fmt_txt_glyph_cache_t cache;
static const lv_font_fmt_txt_dsc_t font_dsc = {
#else
static lv_font_fmt_txt_dsc_t font_dsc = {
#endif
    .glyph_bitmap = glyph_bitmap,
    .glyph_dsc = glyph_dsc,
    .cmaps = cmaps,
    .kern_dsc = &kern_classes,
    .kern_scale = 16,
    .cmap_num = 3,
    .bpp = 4,
    .kern_classes = 1,
    .bitmap_format = 0,
#if LV_VERSION_CHECK(8, 0, 0)
    .cache = &cache
#endif
};


/*-----------------
 *  PUBLIC FONT
 *----------------*/

/*Initialize a public general font descriptor*/
#if LV_VERSION_CHECK(8, 0, 0)
const lv_font_t lv_font_Alatsi_Regular_31 = {
#else
lv_font_t lv_font_Alatsi_Regular_31 = {
#endif
    .get_glyph_dsc = lv_font_get_glyph_dsc_fmt_txt,    /*Function pointer to get glyph's data*/
    .get_glyph_bitmap = lv_font_get_bitmap_fmt_txt,    /*Function pointer to get glyph's bitmap*/
    .line_height = 31,          /*The maximum line height required by the font*/
    .base_line = 5,             /*Baseline measured from the bottom of the line*/
#if !(LVGL_VERSION_MAJOR == 6 && LVGL_VERSION_MINOR == 0)
    .subpx = LV_FONT_SUBPX_NONE,
#endif
#if LV_VERSION_CHECK(7, 4, 0) || LVGL_VERSION_MAJOR >= 8
    .underline_position = 0,
    .underline_thickness = 3,
#endif
    .dsc = &font_dsc           /*The custom font data. Will be accessed by `get_glyph_bitmap/dsc` */
};



#endif /*#if LV_FONT_ALATSI_REGULAR_31*/

